Primary,2023/24,2024/25,2025/26,2026/27,2027/28,2028/29,2029/30,2030/31,2031/32,2032/33,2033/34,2034/35,2035/36,2036/37,2037/38,2038/39,2039/40,2040/41,2041/42,2042/43,2043/44,2044/45,2045/46,2046/47,2047/48,2048/49,2049/50,2050/51,Licence area,Voltage level,Scenario name,Output parameter
ACKLAM	17.829	17.829	17.829	18.266	18.717	19.224	19.841	20.805	21.879	23.029	24.137	25.094	26.139	27.423	28.733	30.032	31.435	32.341	33.359	34.315	35.219	36.016	36.713	37.295	38.14	38.977	38.971	NPgN	Primary	NG FES - Electric Engagement	Total peak demand with ToUT (MW)
AMBERTON ROAD	24.852	26.802	26.802	27	27.197	27.459	27.864	28.376	28.916	29.489	30.086	30.764	31.416	32.097	32.756	33.387	34.025	34.427	34.79	35.081	35.34	35.555	35.736	35.831	36.04	36.231	36.299	NPgN	Primary	NG FES - Electric Engagement	Total peak demand with ToUT (MW)
ANNFIELD 66/20KV	20.689	20.689	20.689	21.101	21.492	21.905	22.422	23.28	24.494	25.728	27.033	28.41	29.733	31.262	32.834	34.425	36.116	37.135	38.009	38.832	39.562	40.186	40.716	41.145	41.829	42.501	42.51	NPgN	Primary	NG FES - Electric Engagement	Total peak demand with ToUT (MW)
ASHINGTON	18.021	18.021	18.021	18.676	19.32	19.98	20.76	21.949	23.367	24.824	26.274	27.687	29.108	30.76	32.452	34.14	35.92	36.977	37.952	38.876	39.717	40.439	41.053	41.539	42.307	43.062	43.077	NPgN	Primary	NG FES - Electric Engagement	Total peak demand with ToUT (MW)
AYCLIFFE FORREST	0.6	1.6	1.6	1.6	1.6	1.6	1.6	1.6	1.6	1.6	1.6	1.6	1.6	1.6	1.6	1.6	1.6	1.6	1.6	1.6	1.6	1.6	1.6	1.6	1.6	1.6	1.6	NPgN	Primary	NG FES - Electric Engagement	Total peak demand with ToUT (MW)
AYCLIFFE INDUSTRIAL	15.787	15.787	15.787	15.871	15.958	16.074	16.249	16.544	16.937	17.346	17.745	18.114	18.496	18.945	19.404	19.859	20.347	20.653	20.998	21.331	21.644	21.917	22.153	22.345	22.624	22.894	22.893	NPgN	Primary	NG FES - Electric Engagement	Total peak demand with ToUT (MW)
BARDEN FRIAR	0.783	0.783	0.783	0.799	0.813	0.829	0.85	0.877	0.92	0.963	1.017	1.09	1.151	1.215	1.28	1.347	1.416	1.463	1.481	1.495	1.507	1.517	1.525	1.53	1.541	1.553	1.559	NPgN	Primary	NG FES - Electric Engagement	Total peak demand with ToUT (MW)
BEDALE	17.406	18.806	18.806	19.253	19.677	20.119	20.641	21.375	22.209	23.043	24.014	25.198	26.252	27.403	28.602	29.803	31.027	31.783	32.164	32.467	32.677	32.846	32.983	33.07	33.286	33.516	33.621	NPgN	Primary	NG FES - Electric Engagement	Total peak demand with ToUT (MW)
BELMONT	22.414	24.193	24.193	24.493	24.801	25.128	25.534	26.202	26.914	27.687	28.499	29.329	30.17	31.188	32.238	33.294	34.415	35.076	35.605	36.117	36.564	36.953	37.29	37.568	38.027	38.496	38.537	NPgN	Primary	NG FES - Electric Engagement	Total peak demand with ToUT (MW)
BENSHAM	19.02	23.37	23.37	23.377	23.421	23.515	23.672	23.778	23.874	24.009	24.176	24.385	24.602	24.838	25.067	25.289	25.514	25.631	25.736	25.858	25.959	26.037	26.09	26.105	26.152	26.185	26.172	NPgN	Primary	NG FES - Electric Engagement	Total peak demand with ToUT (MW)
BENTON SQUARE	17.345	19.187	19.187	19.688	20.199	20.768	21.445	22.449	23.348	24.284	25.189	25.982	26.839	27.885	29.027	30.133	31.296	32.066	32.833	33.547	34.209	34.797	35.317	35.756	36.391	37.032	37.136	NPgN	Primary	NG FES - Electric Engagement	Total peak demand with ToUT (MW)
BENWELL	17.984	17.984	17.984	18.046	18.167	18.357	18.64	18.878	19.108	19.379	19.697	20.097	20.489	20.899	21.324	21.734	22.148	22.403	22.627	22.808	22.957	23.072	23.152	23.176	23.244	23.292	23.307	NPgN	Primary	NG FES - Electric Engagement	Total peak demand with ToUT (MW)
BILLINGHAM MARSH HOUSE	17.088	17.598	17.598	18.111	18.63	19.229	19.972	20.932	22.241	23.558	24.852	26.078	27.306	28.656	30.027	31.376	32.769	33.684	34.69	35.621	36.468	37.21	37.853	38.377	39.1	39.792	39.873	NPgN	Primary	NG FES - Electric Engagement	Total peak demand with ToUT (MW)
BILLY MILL	17.286	17.286	17.286	17.528	17.762	18.055	18.46	19.003	19.904	20.813	21.69	22.496	23.329	24.264	25.23	26.196	27.218	27.878	28.638	29.353	30.021	30.608	31.116	31.53	32.102	32.646	32.669	NPgN	Primary	NG FES - Electric Engagement	Total peak demand with ToUT (MW)
BIRTLEY GROVE 66/11KV	12.947	16.447	16.447	16.697	16.974	17.312	17.745	18.346	19.157	19.99	20.824	21.617	22.395	23.253	24.112	24.946	25.799	26.354	26.926	27.455	27.933	28.343	28.695	28.979	29.379	29.763	29.769	NPgN	Primary	NG FES - Electric Engagement	Total peak demand with ToUT (MW)
BIRTLEY GROVE 66/20KV	10.731	10.731	10.731	10.765	10.824	10.902	11.012	11.208	11.444	11.698	11.947	12.166	12.396	12.682	12.972	13.26	13.569	13.762	13.983	14.202	14.405	14.581	14.734	14.859	15.045	15.225	15.209	NPgN	Primary	NG FES - Electric Engagement	Total peak demand with ToUT (MW)
BLAYDON BURN	14.046	14.046	14.046	14.26	14.502	14.784	15.132	15.708	16.424	17.188	17.948	18.619	19.321	20.178	21.057	21.927	22.857	23.466	24.123	24.773	25.381	25.915	26.384	26.79	27.358	27.918	27.922	NPgN	Primary	NG FES - Electric Engagement	Total peak demand with ToUT (MW)
BLUCHER 33/11KV	12.881	13.138	13.138	13.583	14.093	14.657	15.316	16.2	17.183	18.219	19.216	20.073	20.981	22.044	23.133	24.19	25.292	26.025	26.828	27.578	28.278	28.891	29.424	29.866	30.488	31.098	31.106	NPgN	Primary	NG FES - Electric Engagement	Total peak demand with ToUT (MW)
BOLDON DOWNHILL	8.841	9.341	9.341	9.524	9.708	9.924	10.204	10.605	11.278	11.968	12.649	13.283	13.933	14.683	15.461	16.247	17.088	17.63	18.264	18.862	19.421	19.911	20.336	20.688	21.177	21.645	21.647	NPgN	Primary	NG FES - Electric Engagement	Total peak demand with ToUT (MW)
BOROUGHBRIDGE/ROECLIFFE INDUSTRIAL	4.243	4.531	4.531	4.757	5.014	5.313	5.673	6.12	6.558	6.984	7.417	7.855	8.253	8.645	9.001	9.317	9.605	9.794	9.923	10.015	10.073	10.113	10.137	10.138	10.185	10.23	10.259	NPgN	Primary	NG FES - Electric Engagement	Total peak demand with ToUT (MW)
BOWESFIELD 33/11KV	11.671	12.666	12.666	13.01	13.394	13.834	14.363	15.032	15.745	16.497	17.237	17.91	18.616	19.418	20.252	21.058	21.889	22.465	23.068	23.627	24.149	24.613	25.023	25.367	25.828	26.28	26.366	NPgN	Primary	NG FES - Electric Engagement	Total peak demand with ToUT (MW)
BOWESFIELD 66/11KV	14.08	14.08	14.08	14.385	14.715	15.08	15.507	16.093	16.537	17.011	17.456	17.825	18.246	18.764	19.321	19.854	20.41	20.802	21.196	21.574	21.939	22.272	22.577	22.843	23.2	23.564	23.678	NPgN	Primary	NG FES - Electric Engagement	Total peak demand with ToUT (MW)
BRANCEPETH	14.991	14.991	14.991	15.902	16.787	17.539	18.339	19.601	21.158	22.78	24.592	26.737	28.772	31.132	33.58	36.103	38.72	40.093	40.886	41.547	42.001	42.36	42.652	42.847	43.347	43.866	43.956	NPgN	Primary	NG FES - Electric Engagement	Total peak demand with ToUT (MW)
BREAMISH STREET	9.771	11.154	11.154	11.175	11.231	11.337	11.495	11.56	11.64	11.778	11.917	12.034	12.213	12.433	12.686	12.936	13.201	13.371	13.548	13.708	13.858	13.99	14.104	14.189	14.313	14.432	14.461	NPgN	Primary	NG FES - Electric Engagement	Total peak demand with ToUT (MW)
BRENDA TRADING	19.821	21.747	21.747	22.154	22.595	23.115	23.78	24.715	26	27.333	28.645	29.86	31.101	32.517	33.95	35.365	36.855	37.817	38.898	39.896	40.822	41.626	42.317	42.878	43.703	44.496	44.511	NPgN	Primary	NG FES - Electric Engagement	Total peak demand with ToUT (MW)
CAMPLESHON ROAD	17.452	17.452	17.452	17.794	18.13	18.51	18.997	19.68	20.566	21.493	22.548	23.78	24.923	26.21	27.538	28.878	30.284	31.14	31.704	32.194	32.586	32.911	33.178	33.37	33.758	34.149	34.18	NPgN	Primary	NG FES - Electric Engagement	Total peak demand with ToUT (MW)
CARLEY HILL	15.918	15.918	15.918	16.158	16.4	16.703	17.114	17.68	18.63	19.617	20.59	21.492	22.428	23.506	24.636	25.772	26.987	27.774	28.681	29.526	30.313	30.997	31.587	32.066	32.74	33.381	33.374	NPgN	Primary	NG FES - Electric Engagement	Total peak demand with ToUT (MW)
CARLIN HOW T3 T4	15.636	15.636	15.636	16.249	16.81	17.301	17.839	18.808	20.046	21.274	22.703	24.466	26.062	27.906	29.848	31.845	33.934	35.034	35.518	35.926	36.187	36.372	36.496	36.559	36.889	37.239	37.256	NPgN	Primary	NG FES - Electric Engagement	Total peak demand with ToUT (MW)
CARR HILL	17.032	17.032	17.032	17.356	17.702	18.107	18.632	19.291	20.461	21.678	22.849	23.89	24.996	26.262	27.553	28.854	30.237	31.111	32.158	33.165	34.114	34.947	35.672	36.27	37.1	37.897	37.874	NPgN	Primary	NG FES - Electric Engagement	Total peak demand with ToUT (MW)
CATTERICK CAMP	16.187	16.509	16.509	17.046	17.567	18.09	18.69	19.523	20.403	21.384	22.46	23.691	24.856	26.165	27.502	28.847	30.239	31.084	31.615	32.081	32.46	32.788	33.074	33.296	33.685	34.089	34.25	NPgN	Primary	NG FES - Electric Engagement	Total peak demand with ToUT (MW)
CLOSE	22.089	23.406	23.406	23.239	23.163	23.128	23.136	23.039	22.854	22.718	22.635	22.623	22.624	22.637	22.68	22.723	22.766	22.78	22.767	22.736	22.696	22.651	22.601	22.535	22.465	22.388	22.374	NPgN	Primary	NG FES - Electric Engagement	Total peak demand with ToUT (MW)
CONEYTHORPE	13.898	15.963	15.963	16.173	16.401	16.656	16.976	17.452	17.98	18.522	19.108	19.741	20.345	21.035	21.726	22.412	23.131	23.581	23.922	24.221	24.478	24.697	24.88	25.014	25.273	25.536	25.561	NPgN	Primary	NG FES - Electric Engagement	Total peak demand with ToUT (MW)
CONSETT	22.143	22.143	22.143	22.762	23.358	23.976	24.716	25.899	27.388	28.906	30.486	32.124	33.711	35.544	37.419	39.3	41.276	42.442	43.411	44.319	45.102	45.767	46.328	46.773	47.511	48.243	48.267	NPgN	Primary	NG FES - Electric Engagement	Total peak demand with ToUT (MW)
CORPORATION STREET	11.597	11.597	11.597	11.539	11.517	11.522	11.561	11.565	11.595	11.666	11.736	11.789	11.883	12.009	12.154	12.302	12.465	12.56	12.67	12.769	12.863	12.944	13.014	13.063	13.145	13.223	13.207	NPgN	Primary	NG FES - Electric Engagement	Total peak demand with ToUT (MW)
COWTON	0.069	0.069	0.069	0.069	0.069	0.069	0.069	0.069	0.069	0.069	0.069	0.069	0.069	0.069	0.069	0.069	0.069	0.069	0.069	0.069	0.069	0.069	0.069	0.069	0.069	0.069	0.069	NPgN	Primary	NG FES - Electric Engagement	Total peak demand with ToUT (MW)
CRAMLINGTON T1 T3	10.683	11.193	11.193	11.249	11.337	11.445	11.586	11.832	12.065	12.338	12.606	12.834	13.086	13.41	13.749	14.078	14.431	14.648	14.869	15.081	15.277	15.446	15.593	15.714	15.905	16.098	16.082	NPgN	Primary	NG FES - Electric Engagement	Total peak demand with ToUT (MW)
CRAMLINGTON T2 T4	10.795	10.795	10.795	10.851	10.949	11.073	11.235	11.487	11.722	11.991	12.257	12.488	12.734	13.031	13.333	13.621	13.917	14.1	14.279	14.445	14.594	14.72	14.826	14.911	15.048	15.185	15.166	NPgN	Primary	NG FES - Electric Engagement	Total peak demand with ToUT (MW)
DARLEY	3.417	3.417	3.417	3.579	3.744	3.908	4.129	4.405	4.75	5.113	5.499	5.952	6.375	6.802	7.215	7.621	8.023	8.318	8.574	8.788	8.989	9.18	9.371	9.521	9.678	9.829	9.955	NPgN	Primary	NG FES - Electric Engagement	Total peak demand with ToUT (MW)
DARLINGTON 132/6KV	2.596	2.596	2.596	2.795	3.005	3.232	3.499	3.833	4.245	4.683	5.109	5.497	5.903	6.369	6.837	7.301	7.784	8.093	8.425	8.735	9.024	9.278	9.5	9.68	9.941	10.197	10.201	NPgN	Primary	NG FES - Electric Engagement	Total peak demand with ToUT (MW)
DARLINGTON 33/11KV	14.041	14.928	14.928	15.081	15.257	15.483	15.791	16.187	16.788	17.438	18.088	18.71	19.36	20.108	20.87	21.633	22.447	22.963	23.53	24.051	24.532	24.948	25.304	25.584	25.996	26.389	26.372	NPgN	Primary	NG FES - Electric Engagement	Total peak demand with ToUT (MW)
DARLINGTON CENTRAL 33/11KV	9.665	10.818	10.818	10.809	10.818	10.848	10.912	10.989	11.068	11.157	11.253	11.368	11.48	11.603	11.723	11.839	11.961	12.024	12.082	12.127	12.166	12.192	12.206	12.201	12.218	12.23	12.208	NPgN	Primary	NG FES - Electric Engagement	Total peak demand with ToUT (MW)
DARLINGTON EAST	18.004	18.994	18.994	19.272	19.597	19.971	20.431	21.144	21.729	22.378	23.076	23.805	24.512	25.351	26.194	27.007	27.843	28.35	28.691	28.966	29.173	29.337	29.468	29.558	29.784	30.026	30.01	NPgN	Primary	NG FES - Electric Engagement	Total peak demand with ToUT (MW)
DARLINGTON WEST	19.371	20.491	20.491	20.87	21.299	21.823	22.5	23.369	24.564	25.813	27.037	28.16	29.308	30.588	31.865	33.111	34.398	35.217	36.107	36.926	37.674	38.318	38.864	39.293	39.923	40.527	40.486	NPgN	Primary	NG FES - Electric Engagement	Total peak demand with ToUT (MW)
DENWICK	20.025	20.025	20.025	20.669	21.277	21.845	22.494	23.549	24.778	26.031	27.516	29.379	31.052	32.957	34.931	36.946	39.038	40.201	40.666	41.039	41.264	41.421	41.524	41.547	41.814	42.114	42.168	NPgN	Primary	NG FES - Electric Engagement	Total peak demand with ToUT (MW)
DUNSTON 66/11KV	14.45	17.63	17.63	17.691	17.738	17.83	18.002	18.239	18.587	18.919	19.249	19.6	19.927	20.257	20.573	20.874	21.177	21.341	21.503	21.65	21.774	21.871	21.939	21.962	22.03	22.086	22.05	NPgN	Primary	NG FES - Electric Engagement	Total peak demand with ToUT (MW)
DUNSTON 66/20KV	16.607	17.357	17.357	17.622	17.819	18.053	18.388	18.888	19.539	20.137	20.748	21.431	22.054	22.704	23.339	23.961	24.601	24.947	25.211	25.476	25.696	25.871	26.001	26.063	26.214	26.349	26.356	NPgN	Primary	NG FES - Electric Engagement	Total peak demand with ToUT (MW)
DURHAM EAST	14.078	14.778	14.778	14.789	14.826	14.88	14.966	15.115	15.248	15.413	15.573	15.706	15.866	16.076	16.294	16.51	16.744	16.898	17.067	17.237	17.4	17.547	17.68	17.794	17.952	18.11	18.126	NPgN	Primary	NG FES - Electric Engagement	Total peak demand with ToUT (MW)
EASTFIELD	21.775	21.775	21.775	22.2	22.646	23.119	23.689	24.606	25.517	26.455	27.481	28.602	29.677	30.951	32.237	33.518	34.862	35.627	36.12	36.713	37.214	37.646	38.018	38.321	38.837	39.364	39.481	NPgN	Primary	NG FES - Electric Engagement	Total peak demand with ToUT (MW)
EASTGATE CEMENT	9.792	9.792	9.792	9.89	9.994	10.101	10.268	10.5	10.829	11.178	11.559	12.027	12.456	12.896	13.324	13.752	14.18	14.496	14.757	14.976	15.183	15.381	15.582	15.742	15.902	16.058	16.186	NPgN	Primary	NG FES - Electric Engagement	Total peak demand with ToUT (MW)
EDUCATIONAL PRECINCT	17.517	17.517	17.517	17.418	17.382	17.375	17.413	17.435	17.564	17.743	17.906	18.018	18.191	18.422	18.679	18.944	19.239	19.42	19.648	19.859	20.06	20.237	20.394	20.519	20.696	20.868	20.836	NPgN	Primary	NG FES - Electric Engagement	Total peak demand with ToUT (MW)
ELVINGTON	11.39	11.95	11.95	12.023	12.111	12.212	12.365	12.585	12.902	13.237	13.632	14.125	14.566	15.032	15.511	15.991	16.473	16.797	17.023	17.198	17.328	17.445	17.557	17.643	17.753	17.865	17.943	NPgN	Primary	NG FES - Electric Engagement	Total peak demand with ToUT (MW)
FARADAY STREET	19.989	21.849	21.849	22.023	22.255	22.562	22.973	23.485	24.1	24.841	25.58	26.225	26.972	27.905	28.861	29.817	30.854	31.521	32.266	32.947	33.585	34.141	34.621	35.012	35.588	36.153	36.113	NPgN	Primary	NG FES - Electric Engagement	Total peak demand with ToUT (MW)
FAWDON T1 & SEATON BURN T1	20.66	20.66	20.66	21.295	21.944	22.63	23.437	24.671	25.9	27.188	28.599	30.138	31.616	33.36	35.196	37.024	38.941	40.088	40.805	41.466	42.035	42.517	42.924	43.249	43.862	44.5	44.581	NPgN	Primary	NG FES - Electric Engagement	Total peak demand with ToUT (MW)
FISHBURN	21.729	22.149	22.149	23.055	23.903	24.669	25.512	26.949	28.568	30.205	32.126	34.505	36.651	39.118	41.667	44.266	46.961	48.349	48.797	49.165	49.332	49.419	49.446	49.417	49.739	50.111	50.148	NPgN	Primary	NG FES - Electric Engagement	Total peak demand with ToUT (MW)
FLATWORTH CENTRAL	15.72	15.72	19.059	19.12	19.232	19.379	19.575	19.842	20.216	20.618	21.002	21.322	21.677	22.098	22.54	22.978	23.439	23.748	24.1	24.433	24.745	25.022	25.269	25.479	25.762	26.037	26.053	NPgN	Primary	NG FES - Electric Engagement	Total peak demand with ToUT (MW)
FOSS ISLANDS	26.4	27.55	27.55	27.703	27.959	28.319	28.807	29.099	29.259	29.548	29.952	30.544	31.122	31.712	32.311	32.887	33.451	33.834	34.119	34.336	34.504	34.632	34.716	34.725	34.755	34.75	34.871	NPgN	Primary	NG FES - Electric Engagement	Total peak demand with ToUT (MW)
FOSSWAY 33/11KV	16.758	17.758	17.758	17.908	18.133	18.429	18.83	19.225	19.921	20.698	21.451	22.122	22.87	23.728	24.616	25.505	26.452	27.056	27.757	28.409	29.017	29.548	30.005	30.37	30.887	31.377	31.359	NPgN	Primary	NG FES - Electric Engagement	Total peak demand with ToUT (MW)
FOURSTONES 20KV	19.467	19.467	19.467	19.671	19.841	20.04	20.335	20.814	21.636	22.44	23.422	24.692	25.79	26.984	28.209	29.463	30.773	31.57	31.93	32.217	32.432	32.591	32.704	32.738	32.928	33.123	33.091	NPgN	Primary	NG FES - Electric Engagement	Total peak demand with ToUT (MW)
FYLANDS BRIDGE	20.154	20.664	20.664	20.968	21.247	21.55	21.953	22.559	23.299	23.996	24.702	25.483	26.199	26.952	27.692	28.417	29.157	29.564	29.855	30.126	30.352	30.53	30.665	30.732	30.893	31.041	31.06	NPgN	Primary	NG FES - Electric Engagement	Total peak demand with ToUT (MW)
GALE LANE	12.263	12.263	12.263	12.552	12.861	13.212	13.653	14.197	15.02	15.885	16.722	17.489	18.304	19.232	20.181	21.133	22.143	22.779	23.509	24.197	24.842	25.409	25.9	26.296	26.862	27.405	27.413	NPgN	Primary	NG FES - Electric Engagement	Total peak demand with ToUT (MW)
GARWOOD STREET	14.953	17.398	17.398	17.476	17.615	17.779	17.997	18.327	18.903	19.497	20.054	20.524	21.032	21.63	22.255	22.883	23.562	23.996	24.515	25.003	25.462	25.867	26.218	26.509	26.914	27.303	27.278	NPgN	Primary	NG FES - Electric Engagement	Total peak demand with ToUT (MW)
GATESHEAD CENTRAL	12	12.975	12.975	12.968	12.998	13.061	13.162	13.267	13.424	13.622	13.808	13.947	14.125	14.345	14.569	14.788	15.02	15.16	15.327	15.501	15.663	15.803	15.926	16.026	16.168	16.307	16.291	NPgN	Primary	NG FES - Electric Engagement	Total peak demand with ToUT (MW)
GATESHEAD EAST	9.868	9.868	9.868	9.835	9.841	9.885	9.971	10.083	10.225	10.377	10.534	10.68	10.814	10.943	11.062	11.16	11.239	11.285	11.322	11.346	11.356	11.355	11.344	11.324	11.31	11.291	11.25	NPgN	Primary	NG FES - Electric Engagement	Total peak demand with ToUT (MW)
GOSFORTH 33/11KV	17.216	17.216	17.216	17.101	17.03	16.978	16.962	16.97	17.071	17.203	17.331	17.434	17.569	17.753	17.956	18.167	18.408	18.545	18.725	18.894	19.053	19.19	19.308	19.401	19.544	19.681	19.635	NPgN	Primary	NG FES - Electric Engagement	Total peak demand with ToUT (MW)
GRANGETOWN	17.467	18.494	18.494	18.86	19.302	19.847	20.541	21.423	22.565	23.759	24.965	26.124	27.264	28.506	29.76	30.967	32.191	33.001	33.831	34.583	35.26	35.842	36.336	36.731	37.286	37.815	37.837	NPgN	Primary	NG FES - Electric Engagement	Total peak demand with ToUT (MW)
GREATHAM	23.7	23.7	23.7	23.491	23.303	23.135	23.001	22.899	22.843	22.798	22.758	22.72	22.693	22.687	22.692	22.705	22.731	22.722	22.732	22.741	22.748	22.748	22.742	22.729	22.736	22.741	22.678	NPgN	Primary	NG FES - Electric Engagement	Total peak demand with ToUT (MW)
GUISBOROUGH T1 T2	15.443	16.693	16.693	17.235	17.768	18.308	18.947	19.916	21.166	22.434	23.801	25.305	26.731	28.362	30.069	31.795	33.611	34.702	35.507	36.235	36.862	37.395	37.845	38.195	38.798	39.4	39.454	NPgN	Primary	NG FES - Electric Engagement	Total peak demand with ToUT (MW)
GUISBOROUGH T3	0	0	0	0	0	0	0	0	0	0	0	0	0	0	0	0	0	0	0	0	0	0	0	0	0	0	0	NPgN	Primary	NG FES - Electric Engagement	Total peak demand with ToUT (MW)
HARLOW GREEN	15.252	15.552	15.552	15.796	16.028	16.332	16.751	17.261	18.157	19.116	20.068	20.962	21.911	23.005	24.128	25.263	26.482	27.255	28.152	29.018	29.828	30.538	31.149	31.647	32.348	33.017	33.019	NPgN	Primary	NG FES - Electric Engagement	Total peak demand with ToUT (MW)
HARMIRE BRIDGE	15.13	15.13	15.13	15.472	15.799	16.121	16.5	17.127	17.938	18.75	19.718	20.929	21.998	23.195	24.424	25.675	26.972	27.721	28.044	28.311	28.485	28.614	28.707	28.755	28.955	29.169	29.195	NPgN	Primary	NG FES - Electric Engagement	Total peak demand with ToUT (MW)
HARRATON	16.406	18.428	18.428	18.46	18.542	18.653	18.814	19.079	19.485	19.917	20.341	20.717	21.118	21.599	22.108	22.616	23.163	23.504	23.907	24.284	24.635	24.94	25.2	25.415	25.726	26.026	25.994	NPgN	Primary	NG FES - Electric Engagement	Total peak demand with ToUT (MW)
HARROGATE 132/11KV	27.92	28.404	28.404	28.833	29.331	29.919	30.67	31.592	32.709	33.913	35.118	36.281	37.495	38.881	40.263	41.628	43.061	43.953	44.817	45.607	46.327	46.95	47.484	47.893	48.569	49.231	49.271	NPgN	Primary	NG FES - Electric Engagement	Total peak demand with ToUT (MW)
HARROGATE WEST	10.824	10.824	10.824	10.844	10.894	10.959	11.051	11.182	11.378	11.594	11.806	11.996	12.207	12.463	12.727	12.994	13.284	13.469	13.67	13.86	14.038	14.198	14.339	14.457	14.63	14.8	14.804	NPgN	Primary	NG FES - Electric Engagement	Total peak demand with ToUT (MW)
HARTMOOR 66/20KV	20.499	20.724	20.724	21.246	21.749	22.288	22.94	23.984	25.124	26.334	27.579	28.816	30.068	31.573	33.117	34.661	36.304	37.294	38.167	38.971	39.684	40.299	40.824	41.245	41.977	42.712	42.754	NPgN	Primary	NG FES - Electric Engagement	Total peak demand with ToUT (MW)
HAWTHORN PIT	23.209	25.007	25.007	25.778	26.534	27.308	28.212	29.681	31.236	32.85	34.525	36.228	37.904	39.894	41.986	44.07	46.263	47.58	48.638	49.628	50.505	51.258	51.903	52.43	53.298	54.175	54.251	NPgN	Primary	NG FES - Electric Engagement	Total peak demand with ToUT (MW)
HAXBY ROAD T2 T3	11.991	11.991	11.991	12.27	12.581	12.933	13.376	13.894	14.748	15.644	16.501	17.264	18.083	19.007	19.947	20.889	21.885	22.509	23.248	23.949	24.611	25.191	25.697	26.105	26.68	27.232	27.216	NPgN	Primary	NG FES - Electric Engagement	Total peak demand with ToUT (MW)
HEBBURN	3.523	3.523	3.523	3.6	3.712	3.842	3.995	4.213	4.404	4.617	4.821	4.992	5.171	5.383	5.6	5.801	6.005	6.147	6.291	6.422	6.542	6.648	6.742	6.822	6.932	7.043	7.052	NPgN	Primary	NG FES - Electric Engagement	Total peak demand with ToUT (MW)
HEBBURN WEST	2.631	2.928	2.928	2.911	2.899	2.89	2.887	2.892	2.893	2.896	2.901	2.904	2.91	2.919	2.931	2.944	2.958	2.965	2.971	2.976	2.981	2.985	2.987	2.987	2.99	2.994	2.989	NPgN	Primary	NG FES - Electric Engagement	Total peak demand with ToUT (MW)
HEDWORTH	13.01	15.703	15.703	15.875	16.068	16.299	16.608	17.077	17.755	18.458	19.15	19.788	20.447	21.216	22.019	22.821	23.679	24.239	24.873	25.466	26.021	26.508	26.932	27.28	27.769	28.24	28.254	NPgN	Primary	NG FES - Electric Engagement	Total peak demand with ToUT (MW)
HEIGHINGTON	12.88	12.88	12.88	12.718	12.569	12.432	12.311	12.197	12.09	11.988	11.893	11.804	11.718	11.637	11.559	11.485	11.414	11.344	11.276	11.21	11.146	11.082	11.02	10.96	10.899	10.84	10.779	NPgN	Primary	NG FES - Electric Engagement	Total peak demand with ToUT (MW)
HEXHAM	22.15	22.45	22.45	22.538	22.627	22.734	22.909	23.254	23.736	24.23	24.786	25.432	26.032	26.727	27.447	28.178	28.945	29.361	29.618	29.836	29.996	30.116	30.2	30.238	30.388	30.541	30.482	NPgN	Primary	NG FES - Electric Engagement	Total peak demand with ToUT (MW)
HIGH BARMSTON	18.642	18.642	18.642	18.823	19.091	19.446	19.91	20.582	21.41	22.281	23.149	23.923	24.694	25.557	26.432	27.259	28.093	28.65	29.249	29.792	30.278	30.69	31.04	31.327	31.732	32.121	32.088	NPgN	Primary	NG FES - Electric Engagement	Total peak demand with ToUT (MW)
HIGH FLATTS	15.805	16.251	16.251	16.632	16.997	17.392	17.885	18.645	19.671	20.721	21.755	22.731	23.729	24.898	26.091	27.288	28.565	29.354	30.187	30.987	31.726	32.372	32.931	33.39	34.059	34.711	34.738	NPgN	Primary	NG FES - Electric Engagement	Total peak demand with ToUT (MW)
HOUGHTON	18.68	19.17	19.17	19.652	20.12	20.635	21.261	22.283	23.275	24.322	25.38	26.395	27.421	28.655	29.949	31.216	32.553	33.392	34.149	34.865	35.516	36.082	36.572	36.975	37.605	38.241	38.284	NPgN	Primary	NG FES - Electric Engagement	Total peak demand with ToUT (MW)
HOWDON	9.21	9.21	9.21	9.249	9.318	9.404	9.519	9.682	9.902	10.13	10.349	10.535	10.734	10.963	11.2	11.433	11.676	11.839	12.022	12.193	12.352	12.493	12.617	12.72	12.862	12.999	13.003	NPgN	Primary	NG FES - Electric Engagement	Total peak demand with ToUT (MW)
HUNTINGTON NEW LANE	16.821	17.371	17.371	17.572	17.783	18.03	18.356	18.817	19.448	20.111	20.833	21.628	22.39	23.257	24.147	25.046	25.991	26.56	27.013	27.415	27.755	28.042	28.282	28.465	28.793	29.119	29.139	NPgN	Primary	NG FES - Electric Engagement	Total peak demand with ToUT (MW)
HUSTHWAITE 33/11KV	14.071	14.071	14.071	14.451	14.807	15.173	15.605	16.234	16.88	17.539	18.306	19.242	20.084	21.023	22.016	23.01	24.03	24.671	25.006	25.273	25.463	25.623	25.756	25.844	26.043	26.261	26.366	NPgN	Primary	NG FES - Electric Engagement	Total peak demand with ToUT (MW)
JARROW	4.689	4.689	4.689	4.71	4.744	4.793	4.866	4.955	5.057	5.161	5.268	5.382	5.491	5.604	5.719	5.829	5.939	6.008	6.072	6.126	6.174	6.213	6.241	6.257	6.286	6.31	6.312	NPgN	Primary	NG FES - Electric Engagement	Total peak demand with ToUT (MW)
KENTON	11.56	11.56	11.56	11.762	11.97	12.23	12.573	13.006	13.652	14.34	15.011	15.615	16.27	17.038	17.838	18.64	19.498	20.05	20.682	21.276	21.835	22.325	22.751	23.098	23.59	24.065	24.076	NPgN	Primary	NG FES - Electric Engagement	Total peak demand with ToUT (MW)
KIELDER	1.095	1.088	1.095	1.104	1.111	1.12	1.134	1.158	1.207	1.255	1.319	1.411	1.487	1.568	1.651	1.737	1.826	1.883	1.9	1.91	1.917	1.92	1.922	1.92	1.926	1.932	1.932	NPgN	Primary	NG FES - Electric Engagement	Total peak demand with ToUT (MW)
KILLINGWORTH	18.234	19.234	19.234	19.411	19.652	19.925	20.257	20.723	21.233	21.789	22.339	22.827	23.365	24.024	24.74	25.45	26.207	26.702	27.228	27.724	28.185	28.595	28.957	29.267	29.701	30.13	30.177	NPgN	Primary	NG FES - Electric Engagement	Total peak demand with ToUT (MW)
KIRBYMOORSIDE	10.106	10.106	10.106	10.272	10.429	10.576	10.755	11.075	11.454	11.852	12.33	12.934	13.476	14.099	14.744	15.402	16.09	16.474	16.648	16.78	16.854	16.904	16.937	16.946	17.041	17.146	17.145	NPgN	Primary	NG FES - Electric Engagement	Total peak demand with ToUT (MW)
LEAM CENTRAL	0.052	0.052	0.052	0.052	0.052	0.052	0.052	0.052	0.052	0.052	0.052	0.052	0.052	0.052	0.052	0.052	0.052	0.052	0.052	0.052	0.052	0.052	0.052	0.052	0.052	0.052	0.052	NPgN	Primary	NG FES - Electric Engagement	Total peak demand with ToUT (MW)
LINTON 66/20KV	7.999	8.379	8.379	8.667	8.941	9.2	9.494	9.988	10.531	11.084	11.755	12.609	13.365	14.23	15.124	16.033	16.979	17.498	17.683	17.827	17.896	17.938	17.958	17.95	18.061	18.192	18.209	NPgN	Primary	NG FES - Electric Engagement	Total peak demand with ToUT (MW)
LONGBENTON	16.67	16.67	16.67	16.813	16.951	17.15	17.451	17.823	18.544	19.301	20.029	20.689	21.403	22.223	23.076	23.939	24.867	25.447	26.134	26.781	27.389	27.921	28.379	28.746	29.27	29.768	29.758	NPgN	Primary	NG FES - Electric Engagement	Total peak demand with ToUT (MW)
LOW SPENNYMOOR	9.612	9.612	9.612	9.908	10.212	10.546	10.941	11.575	12.122	12.722	13.307	13.821	14.369	15.049	15.738	16.405	17.114	17.575	18.034	18.49	18.915	19.291	19.623	19.906	20.321	20.742	20.777	NPgN	Primary	NG FES - Electric Engagement	Total peak demand with ToUT (MW)
LYNEMOUTH	5.416	5.916	5.916	5.947	5.978	6.007	6.05	6.146	6.263	6.385	6.54	6.745	6.927	7.141	7.363	7.594	7.835	7.959	7.993	8.018	8.026	8.028	8.022	8.011	8.035	8.063	8.05	NPgN	Primary	NG FES - Electric Engagement	Total peak demand with ToUT (MW)
MADDISON STREET	16.613	16.613	16.613	17.151	17.699	18.304	19.041	20.089	21.288	22.545	23.751	24.837	25.974	27.297	28.642	29.964	31.361	32.26	33.234	34.166	35.041	35.811	36.48	37.023	37.808	38.574	38.617	NPgN	Primary	NG FES - Electric Engagement	Total peak demand with ToUT (MW)
MALLEABLE	17.145	22.568	22.568	22.806	23.105	23.444	23.841	24.357	24.882	25.448	26	26.477	26.993	27.595	28.22	28.828	29.457	29.916	30.403	30.862	31.298	31.695	32.059	32.381	32.788	33.192	33.305	NPgN	Primary	NG FES - Electric Engagement	Total peak demand with ToUT (MW)
MALTON	20.705	22.353	22.353	22.547	22.811	23.11	23.481	24.064	24.611	25.25	25.968	26.76	27.514	28.399	29.301	30.194	31.13	31.737	32.133	32.477	32.777	33.032	33.251	33.415	33.711	34.022	34.029	NPgN	Primary	NG FES - Electric Engagement	Total peak demand with ToUT (MW)
MEADOWFIELD	10.071	10.071	10.071	10.175	10.311	10.449	10.606	10.865	11.053	11.278	11.51	11.727	11.965	12.274	12.595	12.912	13.245	13.432	13.562	13.69	13.799	13.892	13.974	14.045	14.173	14.31	14.323	NPgN	Primary	NG FES - Electric Engagement	Total peak demand with ToUT (MW)
MELROSEGATE 33/11KV	7.289	7.289	7.289	7.415	7.553	7.718	7.933	8.185	8.501	8.852	9.195	9.508	9.849	10.243	10.645	11.043	11.461	11.727	12.017	12.287	12.541	12.762	12.954	13.106	13.328	13.543	13.553	NPgN	Primary	NG FES - Electric Engagement	Total peak demand with ToUT (MW)
MILLBANK LANE	16.239	18.428	18.428	18.792	19.169	19.591	20.104	20.805	21.634	22.489	23.313	24.055	24.843	25.761	26.715	27.659	28.657	29.317	30.036	30.721	31.367	31.944	32.454	32.885	33.475	34.053	34.144	NPgN	Primary	NG FES - Electric Engagement	Total peak demand with ToUT (MW)
MONKSEATON	19.072	19.072	19.072	19.422	19.752	20.127	20.625	21.34	22.64	23.935	25.241	26.542	27.828	29.278	30.783	32.312	33.944	34.964	36.01	36.992	37.898	38.688	39.367	39.917	40.715	41.478	41.491	NPgN	Primary	NG FES - Electric Engagement	Total peak demand with ToUT (MW)
MOOR MONKTON PUMPS	4.856	4.856	4.856	4.907	4.96	5.022	5.112	5.228	5.371	5.518	5.673	5.853	6.019	6.185	6.346	6.504	6.658	6.77	6.862	6.94	7.01	7.075	7.139	7.189	7.241	7.292	7.336	NPgN	Primary	NG FES - Electric Engagement	Total peak demand with ToUT (MW)
MORPETH	18.761	20.029	20.029	20.425	20.837	21.284	21.827	22.672	23.454	24.307	25.191	26.086	26.982	28.048	29.142	30.216	31.345	32.029	32.572	33.075	33.513	33.888	34.209	34.457	34.888	35.332	35.357	NPgN	Primary	NG FES - Electric Engagement	Total peak demand with ToUT (MW)
MOUNT ROAD	17.622	17.622	17.622	17.724	17.826	17.98	18.232	18.579	19.408	20.259	21.097	21.878	22.682	23.599	24.554	25.526	26.576	27.243	28.04	28.782	29.469	30.062	30.567	30.971	31.541	32.074	32.017	NPgN	Primary	NG FES - Electric Engagement	Total peak demand with ToUT (MW)
NEWBURN HAUGH	5.783	6.416	6.416	6.449	6.499	6.563	6.651	6.789	7.069	7.362	7.65	7.899	8.165	8.48	8.809	9.141	9.501	9.732	10.014	10.28	10.531	10.749	10.94	11.104	11.327	11.542	11.528	NPgN	Primary	NG FES - Electric Engagement	Total peak demand with ToUT (MW)
NEWBY	13.227	13.407	13.407	13.614	13.822	14.067	14.395	14.849	15.573	16.307	17.062	17.83	18.589	19.449	20.324	21.206	22.145	22.72	23.29	23.859	24.378	24.828	25.214	25.522	25.976	26.412	26.434	NPgN	Primary	NG FES - Electric Engagement	Total peak demand with ToUT (MW)
NEWCASTLE AIRPORT	12.629	13.629	13.629	13.766	13.922	14.111	14.358	14.729	15.116	15.546	15.972	16.358	16.78	17.299	17.843	18.382	18.961	19.329	19.715	20.083	20.429	20.733	20.996	21.211	21.535	21.855	21.863	NPgN	Primary	NG FES - Electric Engagement	Total peak demand with ToUT (MW)
NEWTON AYCLIFFE SOUTH	12.274	12.274	12.274	12.194	12.132	12.086	12.065	12.079	12.111	12.146	12.186	12.231	12.275	12.331	12.388	12.445	12.507	12.529	12.548	12.566	12.576	12.581	12.577	12.566	12.571	12.574	12.535	NPgN	Primary	NG FES - Electric Engagement	Total peak demand with ToUT (MW)
NORTH STREET	9.84	9.84	9.84	9.885	9.967	10.087	10.267	10.424	10.775	11.175	11.571	11.945	12.351	12.806	13.267	13.733	14.228	14.542	14.91	15.257	15.579	15.858	16.099	16.286	16.543	16.784	16.769	NPgN	Primary	NG FES - Electric Engagement	Total peak demand with ToUT (MW)
NORTH TEES T1 T2	20.839	22.526	22.526	22.594	22.748	22.981	23.303	23.671	24.074	24.502	24.943	25.376	25.773	26.153	26.504	26.804	27.058	27.254	27.417	27.542	27.636	27.71	27.768	27.806	27.841	27.867	27.888	NPgN	Primary	NG FES - Electric Engagement	Total peak demand with ToUT (MW)
NORTH TEES T3 T4	16.568	18.023	18.023	18.079	18.146	18.231	18.352	18.537	18.91	19.303	19.698	20.071	20.464	20.927	21.413	21.916	22.462	22.841	23.29	23.718	24.126	24.496	24.831	25.128	25.503	25.865	25.934	NPgN	Primary	NG FES - Electric Engagement	Total peak demand with ToUT (MW)
NORTHALLERTON	16.571	16.861	16.861	17.176	17.499	17.847	18.265	18.815	19.452	20.12	20.854	21.675	22.454	23.325	24.24	25.159	26.113	26.75	27.221	27.648	28.032	28.376	28.681	28.934	29.3	29.667	29.794	NPgN	Primary	NG FES - Electric Engagement	Total peak demand with ToUT (MW)
NORTON 132/11KV	30.87	30.87	30.87	31.676	32.483	33.383	34.494	35.998	38.041	40.113	42.148	44.065	46.037	48.292	50.637	52.979	55.468	57.095	58.9	60.601	62.197	63.605	64.835	65.851	67.26	68.622	68.758	NPgN	Primary	NG FES - Electric Engagement	Total peak demand with ToUT (MW)
OATLANDS	9.643	10.393	10.393	10.557	10.719	10.913	11.168	11.5	11.97	12.453	12.941	13.433	13.924	14.472	15.021	15.568	16.145	16.5	16.833	17.14	17.419	17.661	17.864	18.019	18.275	18.524	18.53	NPgN	Primary	NG FES - Electric Engagement	Total peak demand with ToUT (MW)
OFFERTON 33/11KV	15.664	16.601	16.601	16.903	17.193	17.526	17.96	18.631	19.595	20.577	21.556	22.486	23.427	24.519	25.661	26.806	28.03	28.815	29.679	30.491	31.246	31.905	32.472	32.937	33.605	34.247	34.258	NPgN	Primary	NG FES - Electric Engagement	Total peak demand with ToUT (MW)
PALLION TRADING	14.113	15.113	15.113	15.295	15.471	15.687	15.976	16.448	17.112	17.802	18.485	19.11	19.762	20.542	21.374	22.208	23.107	23.692	24.356	24.978	25.561	26.071	26.512	26.878	27.398	27.9	27.899	NPgN	Primary	NG FES - Electric Engagement	Total peak demand with ToUT (MW)
PETERLEE INDUSTRIAL	9.246	9.246	9.246	9.169	9.101	9.045	9.001	8.961	8.924	8.892	8.861	8.836	8.814	8.794	8.775	8.758	8.745	8.731	8.719	8.709	8.701	8.692	8.683	8.675	8.669	8.662	8.654	NPgN	Primary	NG FES - Electric Engagement	Total peak demand with ToUT (MW)
PETERLEE WEST	9.975	10.705	10.705	10.83	10.952	11.093	11.283	11.574	12.029	12.492	12.945	13.373	13.81	14.311	14.824	15.341	15.894	16.249	16.66	17.053	17.424	17.751	18.037	18.274	18.601	18.914	18.932	NPgN	Primary	NG FES - Electric Engagement	Total peak demand with ToUT (MW)
PILGRIM	16.016	18.486	18.486	18.322	18.197	18.092	18.013	17.905	17.779	17.677	17.581	17.491	17.423	17.37	17.329	17.292	17.26	17.219	17.178	17.135	17.093	17.052	17.012	16.969	16.928	16.887	16.847	NPgN	Primary	NG FES - Electric Engagement	Total peak demand with ToUT (MW)
POTTER HOUSE T1 T3	16.733	18.933	18.933	19.464	19.929	20.406	21.002	21.883	22.898	23.846	24.812	25.898	26.888	27.924	28.945	29.945	30.959	31.494	31.81	32.102	32.322	32.487	32.605	32.641	32.805	32.964	33.005	NPgN	Primary	NG FES - Electric Engagement	Total peak demand with ToUT (MW)
POTTER HOUSE T4 T5	6.969	6.969	6.969	6.975	6.991	7.01	7.043	7.116	7.22	7.336	7.452	7.559	7.676	7.826	7.985	8.147	8.325	8.434	8.549	8.661	8.767	8.86	8.942	9.014	9.117	9.219	9.223	NPgN	Primary	NG FES - Electric Engagement	Total peak demand with ToUT (MW)
PRISSICK	20.293	20.615	20.615	20.96	21.283	21.665	22.175	22.968	24.036	25.145	26.21	27.157	28.168	29.368	30.591	31.812	33.125	33.949	34.887	35.772	36.607	37.337	37.968	38.484	39.24	39.979	39.954	NPgN	Primary	NG FES - Electric Engagement	Total peak demand with ToUT (MW)
RAVENSCAR	1.473	1.473	1.473	1.5	1.526	1.556	1.593	1.649	1.707	1.769	1.836	1.912	1.984	2.07	2.156	2.241	2.332	2.385	2.421	2.464	2.502	2.536	2.565	2.589	2.626	2.663	2.671	NPgN	Primary	NG FES - Electric Engagement	Total peak demand with ToUT (MW)
RAWCLIFFE LANE	16.292	16.907	16.907	17.121	17.341	17.597	17.937	18.411	19.086	19.793	20.536	21.322	22.095	22.977	23.885	24.802	25.77	26.352	26.852	27.311	27.716	28.062	28.355	28.58	28.952	29.316	29.33	NPgN	Primary	NG FES - Electric Engagement	Total peak demand with ToUT (MW)
REDCAR	25.748	26.687	26.687	27.456	28.264	29.148	30.223	31.793	33.782	35.839	38.049	40.408	42.659	45.229	47.905	50.582	53.388	55.118	56.449	57.688	58.798	59.75	60.561	61.216	62.278	63.332	63.413	NPgN	Primary	NG FES - Electric Engagement	Total peak demand with ToUT (MW)
RESERVOIR	18.996	18.996	18.996	19.711	20.411	21.143	22.018	23.322	24.854	26.414	28.05	29.788	31.445	33.314	35.217	37.109	39.072	40.217	41.046	41.811	42.466	43.015	43.47	43.811	44.44	45.071	45.105	NPgN	Primary	NG FES - Electric Engagement	Total peak demand with ToUT (MW)
RICHMOND T1	8.401	8.401	8.401	8.714	9.012	9.311	9.66	10.157	10.827	11.498	12.306	13.334	14.23	15.201	16.194	17.205	18.242	18.874	19.154	19.373	19.518	19.63	19.72	19.769	19.928	20.096	20.166	NPgN	Primary	NG FES - Electric Engagement	Total peak demand with ToUT (MW)
RICHMOND T2	3.618	3.618	3.618	3.712	3.81	3.907	4.029	4.185	4.4	4.631	4.902	5.248	5.561	5.892	6.225	6.567	6.914	7.164	7.338	7.487	7.62	7.748	7.875	7.985	8.109	8.235	8.339	NPgN	Primary	NG FES - Electric Engagement	Total peak demand with ToUT (MW)
RIPON	17.524	18.428	18.428	18.667	18.934	19.252	19.664	20.221	20.95	21.693	22.502	23.397	24.228	25.132	26.034	26.927	27.841	28.426	28.855	29.224	29.537	29.801	30.022	30.174	30.451	30.726	30.754	NPgN	Primary	NG FES - Electric Engagement	Total peak demand with ToUT (MW)
RISE CARR	9.128	10.296	10.296	10.518	10.76	11.033	11.371	11.827	12.417	13.048	13.671	14.25	14.858	15.568	16.291	17.012	17.777	18.26	18.774	19.255	19.704	20.097	20.436	20.711	21.117	21.514	21.511	NPgN	Primary	NG FES - Electric Engagement	Total peak demand with ToUT (MW)
ROMANBY	3.659	3.659	3.659	3.808	3.962	4.131	4.334	4.564	4.852	5.157	5.447	5.705	5.984	6.296	6.616	6.932	7.26	7.471	7.707	7.932	8.147	8.337	8.506	8.643	8.834	9.018	9.041	NPgN	Primary	NG FES - Electric Engagement	Total peak demand with ToUT (MW)
RUDBY	4.652	4.652	4.652	4.802	4.943	5.096	5.28	5.532	5.846	6.157	6.528	6.99	7.391	7.82	8.262	8.705	9.156	9.444	9.576	9.684	9.764	9.828	9.879	9.911	9.989	10.071	10.103	NPgN	Primary	NG FES - Electric Engagement	Total peak demand with ToUT (MW)
SCARBOROUGH 33/11KV	18.716	19.598	19.598	19.792	20.028	20.327	20.733	21.191	21.85	22.586	23.355	24.144	24.959	25.899	26.851	27.808	28.821	29.432	29.976	30.532	31.031	31.464	31.835	32.123	32.567	32.999	33.024	NPgN	Primary	NG FES - Electric Engagement	Total peak demand with ToUT (MW)
SCARBOROUGH 66/11KV	0.268	0.493	0.493	0.493	0.493	0.493	0.493	0.493	0.493	0.493	0.493	0.493	0.493	0.493	0.493	0.493	0.493	0.493	0.493	0.493	0.493	0.493	0.493	0.493	0.493	0.493	0.493	NPgN	Primary	NG FES - Electric Engagement	Total peak demand with ToUT (MW)
SEGHILL	13.075	13.38	13.38	13.759	14.125	14.478	14.89	15.535	16.289	17.068	17.936	18.942	19.888	20.981	22.119	23.273	24.483	25.139	25.486	25.799	26.04	26.231	26.381	26.484	26.758	27.045	27.067	NPgN	Primary	NG FES - Electric Engagement	Total peak demand with ToUT (MW)
SESSAY BRIDGE_SOWERBY	9.48	10.118	10.118	10.307	10.503	10.689	10.893	11.223	11.591	11.973	12.417	12.953	13.445	14.016	14.613	15.222	15.85	16.211	16.403	16.551	16.639	16.708	16.766	16.808	16.927	17.056	17.101	NPgN	Primary	NG FES - Electric Engagement	Total peak demand with ToUT (MW)
SEVERUS HILL	13.442	13.642	13.642	13.838	14.054	14.318	14.669	15.102	15.796	16.522	17.292	18.112	18.905	19.784	20.68	21.579	22.52	23.099	23.624	24.096	24.506	24.853	25.143	25.361	25.712	26.049	26.043	NPgN	Primary	NG FES - Electric Engagement	Total peak demand with ToUT (MW)
SHERIFF HUTTON	13.132	13.132	13.132	13.453	13.753	14.073	14.469	15.023	15.782	16.535	17.443	18.602	19.611	20.699	21.814	22.944	24.101	24.808	25.171	25.436	25.584	25.695	25.772	25.794	25.94	26.097	26.132	NPgN	Primary	NG FES - Electric Engagement	Total peak demand with ToUT (MW)
SHOTTON	13.713	13.713	13.713	13.826	13.935	14.072	14.274	14.564	14.931	15.282	15.634	16.014	16.366	16.729	17.083	17.425	17.776	17.987	18.181	18.361	18.52	18.652	18.759	18.824	18.936	19.039	19.049	NPgN	Primary	NG FES - Electric Engagement	Total peak demand with ToUT (MW)
SIMONSIDE	11.501	11.501	11.501	11.629	11.784	11.973	12.223	12.6	13.183	13.787	14.384	14.933	15.499	16.157	16.841	17.528	18.259	18.736	19.282	19.792	20.269	20.686	21.048	21.348	21.767	22.17	22.169	NPgN	Primary	NG FES - Electric Engagement	Total peak demand with ToUT (MW)
SKELDERGATE	14.081	14.481	14.481	14.415	14.411	14.435	14.492	14.513	14.541	14.625	14.713	14.787	14.901	15.053	15.218	15.384	15.564	15.672	15.796	15.906	16.006	16.093	16.167	16.22	16.304	16.384	16.367	NPgN	Primary	NG FES - Electric Engagement	Total peak demand with ToUT (MW)
SKERNESIDE	20.013	20.013	20.013	20.424	20.843	21.292	21.838	22.695	23.671	24.671	25.781	27.037	28.191	29.493	30.812	32.124	33.477	34.284	34.778	35.213	35.556	35.835	36.059	36.217	36.551	36.896	36.919	NPgN	Primary	NG FES - Electric Engagement	Total peak demand with ToUT (MW)
SPADEADAM 20KV	5.738	6.161	6.161	6.367	6.555	6.734	6.969	7.314	7.824	8.344	8.925	9.628	10.269	10.952	11.64	12.336	13.046	13.485	13.775	14.011	14.204	14.372	14.523	14.628	14.783	14.934	14.996	NPgN	Primary	NG FES - Electric Engagement	Total peak demand with ToUT (MW)
SPENCERBECK	24.55	25.05	25.05	25.323	25.66	26.089	26.658	27.398	28.291	29.295	30.309	31.255	32.267	33.466	34.701	35.924	37.223	38.064	38.986	39.834	40.621	41.307	41.896	42.372	43.064	43.734	43.732	NPgN	Primary	NG FES - Electric Engagement	Total peak demand with ToUT (MW)
SPENNYMOOR 66/20KV	17.846	19.167	19.167	19.754	20.328	20.844	21.405	22.387	23.412	24.469	25.629	26.942	28.189	29.666	31.193	32.742	34.355	35.18	35.567	35.93	36.192	36.389	36.535	36.633	36.952	37.292	37.314	NPgN	Primary	NG FES - Electric Engagement	Total peak demand with ToUT (MW)
STARBECK	21.896	22.516	22.516	22.927	23.344	23.817	24.426	25.265	26.518	27.777	29.023	30.235	31.447	32.803	34.171	35.538	36.984	37.896	38.864	39.763	40.591	41.31	41.928	42.416	43.152	43.857	43.881	NPgN	Primary	NG FES - Electric Engagement	Total peak demand with ToUT (MW)
STOBSWOOD COAL	0	0	0	0	0	0	0	0	0	0	0	0	0	0	0	0	0	0	0	0	0	0	0	0	0	0	0	NPgN	Primary	NG FES - Electric Engagement	Total peak demand with ToUT (MW)
STOKESLEY	9.134	9.134	9.134	9.38	9.616	9.853	10.131	10.53	10.987	11.446	11.975	12.623	13.204	13.843	14.508	15.177	15.862	16.273	16.476	16.638	16.745	16.833	16.905	16.951	17.073	17.205	17.265	NPgN	Primary	NG FES - Electric Engagement	Total peak demand with ToUT (MW)
STONEY CUT	19.261	19.486	19.486	19.753	20.032	20.306	20.634	21.197	22.001	22.823	23.702	24.645	25.557	26.625	27.733	28.867	30.07	30.764	31.315	31.833	32.283	32.667	32.992	33.255	33.7	34.14	34.151	NPgN	Primary	NG FES - Electric Engagement	Total peak demand with ToUT (MW)
SUNDERLAND T1 T2	16.08	17.28	17.28	17.249	17.312	17.416	17.568	17.655	17.803	18.031	18.274	18.5	18.777	19.114	19.484	19.857	20.254	20.506	20.789	21.044	21.278	21.481	21.655	21.789	21.979	22.158	22.143	NPgN	Primary	NG FES - Electric Engagement	Total peak demand with ToUT (MW)
SUNDERLAND T5 T6	2.094	3.294	3.294	3.268	3.243	3.22	3.2	3.181	3.162	3.145	3.129	3.114	3.099	3.084	3.072	3.058	3.045	3.034	3.022	3.011	2.999	2.989	2.979	2.968	2.958	2.948	2.939	NPgN	Primary	NG FES - Electric Engagement	Total peak demand with ToUT (MW)
TANFIELD	12.164	12.164	12.164	12.467	12.749	13.044	13.407	14.004	14.862	15.733	16.643	17.585	18.5	19.562	20.655	21.762	22.943	23.658	24.309	24.926	25.479	25.955	26.361	26.692	27.206	27.707	27.718	NPgN	Primary	NG FES - Electric Engagement	Total peak demand with ToUT (MW)
TEAM VALLEY	27.116	28.051	28.051	27.964	27.956	28.023	28.185	28.457	28.798	29.167	29.552	29.921	30.266	30.631	30.979	31.288	31.572	31.725	31.838	31.925	31.974	31.996	31.995	31.97	31.977	31.979	31.88	NPgN	Primary	NG FES - Electric Engagement	Total peak demand with ToUT (MW)
TEES INDUSTRIAL T1 T2	9.165	9.165	9.165	9.16	9.163	9.175	9.199	9.226	9.257	9.289	9.323	9.362	9.401	9.443	9.486	9.531	9.576	9.622	9.67	9.718	9.766	9.816	9.865	9.913	9.962	10.01	10.057	NPgN	Primary	NG FES - Electric Engagement	Total peak demand with ToUT (MW)
TEMPLE PARK	15.799	15.799	15.799	16.143	16.489	16.883	17.391	18.147	19.289	20.461	21.602	22.652	23.737	24.995	26.304	27.618	29.025	29.932	30.979	31.969	32.9	33.718	34.428	35.015	35.839	36.634	36.65	NPgN	Primary	NG FES - Electric Engagement	Total peak demand with ToUT (MW)
THIRSK	14.059	14.059	14.059	14.39	14.744	15.102	15.503	16.089	16.689	17.308	18.029	18.893	19.676	20.556	21.467	22.381	23.315	23.891	24.187	24.424	24.589	24.726	24.841	24.928	25.125	25.337	25.429	NPgN	Primary	NG FES - Electric Engagement	Total peak demand with ToUT (MW)
THORNTON DALE	11.426	11.426	11.426	11.692	11.944	12.188	12.478	12.963	13.491	14.052	14.717	15.546	16.291	17.141	18.014	18.9	19.82	20.334	20.545	20.712	20.808	20.875	20.919	20.931	21.062	21.209	21.222	NPgN	Primary	NG FES - Electric Engagement	Total peak demand with ToUT (MW)
TORONTO 66/20KV	15.659	15.659	15.659	15.954	16.231	16.543	16.954	17.52	18.212	18.869	19.55	20.319	21.018	21.735	22.435	23.118	23.81	24.212	24.497	24.753	24.961	25.128	25.255	25.313	25.453	25.58	25.606	NPgN	Primary	NG FES - Electric Engagement	Total peak demand with ToUT (MW)
TUNSTALL	18.622	19.747	19.747	20.164	20.576	21.052	21.655	22.549	23.661	24.828	25.955	26.954	28.021	29.294	30.656	32.008	33.452	34.395	35.451	36.448	37.387	38.215	38.938	39.541	40.392	41.222	41.271	NPgN	Primary	NG FES - Electric Engagement	Total peak demand with ToUT (MW)
TYNEMOUTH CENTRAL	12.396	12.396	12.396	12.623	12.86	13.142	13.515	13.962	14.785	15.637	16.437	17.13	17.888	18.754	19.653	20.561	21.533	22.16	22.907	23.615	24.284	24.878	25.399	25.828	26.413	26.975	26.987	NPgN	Primary	NG FES - Electric Engagement	Total peak demand with ToUT (MW)
UNIVERSITY	18.783	20.983	20.983	20.796	20.649	20.529	20.44	20.32	20.186	20.074	19.983	19.924	19.873	19.832	19.804	19.779	19.758	19.718	19.673	19.622	19.568	19.512	19.452	19.383	19.32	19.252	19.194	NPgN	Primary	NG FES - Electric Engagement	Total peak demand with ToUT (MW)
URLAY NOOK	19.991	21.203	21.203	21.702	22.215	22.777	23.447	24.389	25.317	26.28	27.232	28.13	29.058	30.144	31.276	32.384	33.545	34.317	35.065	35.769	36.426	37.011	37.531	37.968	38.589	39.212	39.331	NPgN	Primary	NG FES - Electric Engagement	Total peak demand with ToUT (MW)
USWORTH	14.969	15.719	15.719	15.681	15.683	15.716	15.794	15.932	16.219	16.52	16.823	17.102	17.385	17.715	18.057	18.399	18.761	18.981	19.246	19.489	19.71	19.897	20.051	20.174	20.357	20.529	20.48	NPgN	Primary	NG FES - Electric Engagement	Total peak demand with ToUT (MW)
WALKER	12.96	12.96	12.96	13.203	13.484	13.817	14.232	14.756	15.443	16.188	16.904	17.524	18.214	19.037	19.903	20.764	21.686	22.292	22.975	23.616	24.222	24.758	25.228	25.62	26.167	26.7	26.732	NPgN	Primary	NG FES - Electric Engagement	Total peak demand with ToUT (MW)
WANSBECK	1.29	2.79	2.79	2.778	2.767	2.757	2.75	2.744	2.743	2.743	2.744	2.747	2.748	2.752	2.757	2.763	2.77	2.772	2.774	2.778	2.779	2.78	2.78	2.78	2.781	2.783	2.777	NPgN	Primary	NG FES - Electric Engagement	Total peak demand with ToUT (MW)
WARDLEY	7.254	7.254	7.254	7.363	7.489	7.636	7.821	8.089	8.448	8.838	9.218	9.553	9.92	10.367	10.836	11.309	11.82	12.153	12.534	12.901	13.248	13.556	13.826	14.054	14.372	14.683	14.696	NPgN	Primary	NG FES - Electric Engagement	Total peak demand with ToUT (MW)
WARKWORTH	15.434	15.434	15.434	15.96	16.443	16.906	17.444	18.338	19.347	20.371	21.572	23.061	24.398	25.921	27.495	29.093	30.753	31.678	32.106	32.443	32.636	32.773	32.864	32.886	33.114	33.37	33.397	NPgN	Primary	NG FES - Electric Engagement	Total peak demand with ToUT (MW)
WENSLEYDALE	9.782	9.782	9.782	10.275	10.758	11.261	11.907	12.743	13.875	15.062	16.43	18.134	19.664	21.254	22.84	24.438	26.053	27.22	28.015	28.68	29.275	29.837	30.389	30.836	31.349	31.867	32.288	NPgN	Primary	NG FES - Electric Engagement	Total peak demand with ToUT (MW)
WEST HARTFORD	3.175	3.175	3.175	3.215	3.252	3.297	3.36	3.447	3.612	3.775	3.929	4.073	4.219	4.382	4.546	4.713	4.89	4.995	5.122	5.245	5.36	5.46	5.545	5.612	5.709	5.8	5.794	NPgN	Primary	NG FES - Electric Engagement	Total peak demand with ToUT (MW)
WEST SOUTHWICK	12.816	13.244	13.244	13.246	13.279	13.326	13.405	13.571	13.853	14.158	14.466	14.749	15.05	15.426	15.834	16.251	16.709	16.998	17.342	17.666	17.969	18.234	18.463	18.653	18.928	19.193	19.169	NPgN	Primary	NG FES - Electric Engagement	Total peak demand with ToUT (MW)
WEST WYLAM	21.101	21.101	21.101	21.194	21.326	21.5	21.759	22.15	22.662	23.16	23.698	24.315	24.862	25.43	25.993	26.537	27.086	27.395	27.587	27.746	27.865	27.947	27.998	27.999	28.07	28.131	28.079	NPgN	Primary	NG FES - Electric Engagement	Total peak demand with ToUT (MW)
WESTERHOPE	11.177	11.177	11.177	11.432	11.731	12.07	12.48	13.025	13.698	14.426	15.142	15.783	16.481	17.319	18.195	19.071	20.011	20.621	21.298	21.938	22.541	23.074	23.541	23.93	24.484	25.026	25.05	NPgN	Primary	NG FES - Electric Engagement	Total peak demand with ToUT (MW)
WESTOE	9.721	10.081	10.081	10.295	10.506	10.751	11.075	11.532	12.365	13.203	13.993	14.691	15.425	16.257	17.118	17.987	18.921	19.521	20.234	20.908	21.544	22.102	22.587	22.987	23.539	24.065	24.061	NPgN	Primary	NG FES - Electric Engagement	Total peak demand with ToUT (MW)
WHITBY T1	5.584	5.584	5.584	5.653	5.734	5.825	5.945	6.119	6.3	6.498	6.713	6.946	7.175	7.44	7.706	7.97	8.244	8.415	8.547	8.694	8.828	8.947	9.053	9.138	9.26	9.381	9.411	NPgN	Primary	NG FES - Electric Engagement	Total peak demand with ToUT (MW)
WHITBY T2	8.255	8.255	8.255	8.313	8.378	8.456	8.566	8.744	8.999	9.259	9.566	9.935	10.27	10.648	11.033	11.422	11.827	12.058	12.181	12.303	12.398	12.474	12.533	12.572	12.662	12.753	12.751	NPgN	Primary	NG FES - Electric Engagement	Total peak demand with ToUT (MW)
WHITBY WEST T1	4.873	4.873	4.873	4.962	5.062	5.178	5.325	5.509	5.721	5.952	6.189	6.426	6.67	6.951	7.234	7.515	7.81	7.991	8.144	8.306	8.455	8.586	8.7	8.789	8.926	9.063	9.072	NPgN	Primary	NG FES - Electric Engagement	Total peak demand with ToUT (MW)
WHITBY WEST T2	5.521	5.521	5.521	5.614	5.722	5.843	5.993	6.189	6.427	6.684	6.964	7.271	7.573	7.924	8.282	8.643	9.026	9.26	9.438	9.631	9.805	9.958	10.089	10.195	10.357	10.518	10.546	NPgN	Primary	NG FES - Electric Engagement	Total peak demand with ToUT (MW)
WILLINGTON	11.246	13.342	13.342	13.763	14.175	14.636	15.197	15.969	16.86	17.77	18.622	19.347	20.141	21.076	22.077	23.06	24.102	24.789	25.548	26.267	26.951	27.56	28.096	28.543	29.168	29.784	29.85	NPgN	Primary	NG FES - Electric Engagement	Total peak demand with ToUT (MW)
WORMALD GREEN 132/11KV	13.516	13.516	13.516	13.834	14.145	14.494	14.934	15.546	16.328	17.121	17.954	18.838	19.689	20.64	21.595	22.547	23.54	24.144	24.645	25.092	25.48	25.808	26.082	26.282	26.647	27.007	27.026	NPgN	Primary	NG FES - Electric Engagement	Total peak demand with ToUT (MW)
WYNYARD	7.011	9.389	9.389	9.451	9.519	9.594	9.687	9.818	9.937	10.06	10.181	10.297	10.415	10.55	10.69	10.826	10.965	11.069	11.172	11.269	11.356	11.437	11.512	11.58	11.665	11.752	11.792	NPgN	Primary	NG FES - Electric Engagement	Total peak demand with ToUT (MW)
YEDINGHAM	1.992	1.992	1.992	2.014	2.036	2.058	2.09	2.143	2.208	2.275	2.36	2.474	2.571	2.681	2.793	2.907	3.026	3.096	3.12	3.14	3.154	3.165	3.172	3.174	3.191	3.21	3.211	NPgN	Primary	NG FES - Electric Engagement	Total peak demand with ToUT (MW)
YORK UNIVERSITY	12.006	12.006	12.006	11.991	12.016	12.057	12.126	12.222	12.334	12.478	12.645	12.828	13.019	13.258	13.511	13.77	14.048	14.21	14.335	14.448	14.544	14.623	14.687	14.733	14.826	14.92	14.901	NPgN	Primary	NG FES - Electric Engagement	Total peak demand with ToUT (MW)
ABBEY ROAD	8.227	8.227	8.227	8.313	8.405	8.536	8.767	9.126	9.527	9.971	10.401	10.796	11.347	11.87	12.427	12.997	13.615	13.95	14.283	14.655	14.983	15.276	15.525	15.72	15.896	16.148	16.155	NPgY	Primary	NG FES - Electric Engagement	Total peak demand with ToUT (MW)
AIREDALE ROAD	10.41	10.629	10.629	10.656	10.724	10.831	11.004	11.317	11.684	12.065	12.437	12.773	13.159	13.542	13.944	14.336	14.743	14.983	15.216	15.444	15.637	15.798	15.929	16.026	16.106	16.234	16.197	NPgY	Primary	NG FES - Electric Engagement	Total peak demand with ToUT (MW)
ALDHAM	12.915	13.065	13.065	13.454	13.835	14.263	14.946	15.753	16.499	17.337	18.134	18.823	19.755	20.695	21.671	22.644	23.688	24.298	24.915	25.592	26.165	26.672	27.115	27.484	27.838	28.347	28.412	NPgY	Primary	NG FES - Electric Engagement	Total peak demand with ToUT (MW)
ALFRED GELDER STREET	13.285	13.285	13.285	13.2	13.156	13.146	13.19	13.231	13.257	13.34	13.418	13.472	13.575	13.68	13.792	13.901	14.014	14.079	14.132	14.183	14.224	14.262	14.294	14.312	14.324	14.351	14.328	NPgY	Primary	NG FES - Electric Engagement	Total peak demand with ToUT (MW)
ALLERTON HILL T1	5.729	5.729	5.729	5.813	5.91	6.029	6.212	6.503	6.821	7.169	7.487	7.746	8.141	8.516	8.922	9.335	9.786	10.024	10.27	10.555	10.809	11.037	11.236	11.394	11.546	11.759	11.751	NPgY	Primary	NG FES - Electric Engagement	Total peak demand with ToUT (MW)
ALLERTON HILL T2	5.584	5.584	5.584	5.648	5.723	5.816	5.961	6.209	6.491	6.796	7.073	7.296	7.639	7.962	8.311	8.669	9.06	9.263	9.476	9.721	9.942	10.14	10.312	10.448	10.579	10.762	10.748	NPgY	Primary	NG FES - Electric Engagement	Total peak demand with ToUT (MW)
ALVERTHORPE ROAD	13.113	13.113	13.113	13.353	13.628	13.954	14.467	15.105	15.713	16.397	17.075	17.71	18.573	19.421	20.344	21.277	22.245	22.793	23.336	23.933	24.451	24.91	25.307	25.631	25.935	26.371	26.437	NPgY	Primary	NG FES - Electric Engagement	Total peak demand with ToUT (MW)
ARMOURIES DRIVE	9.674	13.762	13.762	13.703	13.712	13.748	13.829	13.833	13.748	13.709	13.677	13.629	13.661	13.705	13.756	13.814	13.888	13.92	13.939	14.002	14.053	14.104	14.152	14.191	14.227	14.286	14.29	NPgY	Primary	NG FES - Electric Engagement	Total peak demand with ToUT (MW)
ARMTHORPE	11.615	11.615	11.615	11.813	12.002	12.221	12.582	13.102	13.642	14.208	14.777	15.331	16.009	16.686	17.407	18.133	18.846	19.236	19.634	20.07	20.447	20.778	21.059	21.29	21.508	21.831	21.869	NPgY	Primary	NG FES - Electric Engagement	Total peak demand with ToUT (MW)
ARUNDEL STREET	14.891	15.704	15.704	15.614	15.57	15.556	15.588	15.541	15.433	15.332	15.257	15.203	15.199	15.188	15.23	15.277	15.331	15.361	15.374	15.394	15.408	15.422	15.435	15.44	15.437	15.444	15.456	NPgY	Primary	NG FES - Electric Engagement	Total peak demand with ToUT (MW)
ASKERN	9.903	10.126	10.126	10.432	10.742	10.997	11.418	11.953	12.412	12.91	13.596	14.474	15.27	16.169	17.044	17.921	18.37	18.511	18.646	18.809	18.927	18.976	18.975	18.978	18.982	19.13	19.167	NPgY	Primary	NG FES - Electric Engagement	Total peak demand with ToUT (MW)
AUDBY LANE	18.67	23.941	23.941	24.016	24.148	24.309	24.646	25.088	25.5	25.961	26.52	27.169	27.817	28.532	29.175	29.807	30.299	30.536	30.768	31.028	31.23	31.382	31.491	31.577	31.654	31.849	31.826	NPgY	Primary	NG FES - Electric Engagement	Total peak demand with ToUT (MW)
AUSTERFIELD	3.29	3.89	3.89	3.938	3.99	4.036	4.117	4.209	4.286	4.37	4.485	4.63	4.768	4.917	5.062	5.208	5.271	5.285	5.297	5.317	5.331	5.34	5.342	5.344	5.348	5.373	5.382	NPgY	Primary	NG FES - Electric Engagement	Total peak demand with ToUT (MW)
BAILIFF BRIDGE	8.617	11.83	11.83	11.927	12.046	12.193	12.441	12.852	13.302	13.791	14.252	14.658	15.21	15.756	16.329	16.912	17.551	17.906	18.269	18.671	19.023	19.333	19.599	19.812	20.008	20.293	20.294	NPgY	Primary	NG FES - Electric Engagement	Total peak demand with ToUT (MW)
BALBY	9.209	9.809	9.809	9.838	9.879	9.931	10.032	10.192	10.353	10.528	10.694	10.837	11.03	11.24	11.474	11.715	11.98	12.142	12.312	12.489	12.646	12.787	12.911	13.018	13.117	13.257	13.274	NPgY	Primary	NG FES - Electric Engagement	Total peak demand with ToUT (MW)
BALME STREET	12.097	12.347	12.347	12.299	12.373	12.481	12.652	12.804	12.896	13.01	13.134	13.249	13.444	13.641	13.884	14.13	14.397	14.564	14.712	14.863	14.991	15.105	15.203	15.279	15.339	15.435	15.44	NPgY	Primary	NG FES - Electric Engagement	Total peak demand with ToUT (MW)
BARNBURGH	6.778	6.778	6.778	7.084	7.387	7.722	8.236	8.877	9.499	10.174	10.833	11.437	12.187	12.937	13.706	14.465	15.228	15.661	16.098	16.573	16.975	17.326	17.625	17.872	18.108	18.457	18.492	NPgY	Primary	NG FES - Electric Engagement	Total peak demand with ToUT (MW)
BARNOLDSWICK	5.795	5.795	5.795	5.816	5.851	5.889	5.967	6.125	6.301	6.485	6.695	6.922	7.153	7.401	7.655	7.91	8.122	8.224	8.325	8.424	8.501	8.545	8.569	8.583	8.592	8.64	8.617	NPgY	Primary	NG FES - Electric Engagement	Total peak demand with ToUT (MW)
BARNSLEY	13.612	13.912	13.912	14.056	14.242	14.449	14.772	15.161	15.513	15.928	16.317	16.638	17.087	17.559	18.059	18.568	19.12	19.475	19.832	20.208	20.539	20.841	21.115	21.352	21.574	21.874	21.936	NPgY	Primary	NG FES - Electric Engagement	Total peak demand with ToUT (MW)
BARNSLEY ROAD	8.21	8.21	8.21	8.282	8.363	8.469	8.664	8.971	9.31	9.67	10.021	10.349	10.777	11.198	11.655	12.118	12.62	12.904	13.189	13.492	13.755	13.986	14.184	14.34	14.481	14.688	14.69	NPgY	Primary	NG FES - Electric Engagement	Total peak demand with ToUT (MW)
BARROW	9.602	9.602	9.602	9.86	10.099	10.321	10.64	11.088	11.548	12.011	12.611	13.404	14.15	14.905	15.62	16.335	16.825	16.981	17.123	17.298	17.444	17.532	17.579	17.621	17.666	17.801	17.885	NPgY	Primary	NG FES - Electric Engagement	Total peak demand with ToUT (MW)
BARUGH 66/11KV	17.018	17.018	17.018	17.463	17.891	18.383	19.134	20.145	21.191	22.305	23.39	24.392	25.654	26.872	28.129	29.376	30.64	31.331	32.026	32.793	33.454	34.03	34.522	34.92	35.303	35.852	35.916	NPgY	Primary	NG FES - Electric Engagement	Total peak demand with ToUT (MW)
BARWICK	10.238	10.238	10.238	10.485	10.747	11.035	11.506	12.15	12.79	13.471	14.294	15.283	16.336	17.402	18.499	19.607	20.366	20.68	20.991	21.384	21.712	21.976	22.168	22.314	22.45	22.741	22.763	NPgY	Primary	NG FES - Electric Engagement	Total peak demand with ToUT (MW)
BASLOW ROAD	10.267	10.267	10.267	10.386	10.503	10.647	10.897	11.377	11.931	12.501	13.044	13.533	14.182	14.821	15.522	16.238	17.022	17.455	17.902	18.381	18.804	19.178	19.495	19.747	19.978	20.314	20.311	NPgY	Primary	NG FES - Electric Engagement	Total peak demand with ToUT (MW)
BATLEY	21.355	22.16	22.16	22.21	22.361	22.566	22.915	23.471	24.052	24.702	25.325	25.859	26.567	27.29	28.067	28.849	29.692	30.185	30.673	31.174	31.605	31.981	32.298	32.547	32.764	33.098	33.054	NPgY	Primary	NG FES - Electric Engagement	Total peak demand with ToUT (MW)
BEAL	11.203	12.103	16.603	16.779	16.986	17.209	17.535	17.933	18.316	18.722	19.206	19.771	20.324	20.899	21.456	22.005	22.414	22.627	22.831	23.044	23.226	23.377	23.498	23.605	23.709	23.88	23.947	NPgY	Primary	NG FES - Electric Engagement	Total peak demand with ToUT (MW)
BEESTON ROYDS 33/11KV	4.934	4.934	4.934	4.927	4.941	4.968	5.025	5.135	5.252	5.387	5.515	5.619	5.763	5.922	6.097	6.275	6.473	6.592	6.71	6.834	6.94	7.033	7.113	7.177	7.232	7.319	7.305	NPgY	Primary	NG FES - Electric Engagement	Total peak demand with ToUT (MW)
BEESTON ROYDS 6/7	21.419	21.419	21.419	21.36	21.381	21.459	21.655	21.976	22.306	22.685	23.05	23.353	23.748	24.169	24.616	25.056	25.524	25.793	26.054	26.325	26.549	26.738	26.891	27.006	27.101	27.269	27.204	NPgY	Primary	NG FES - Electric Engagement	Total peak demand with ToUT (MW)
BEIGHTON	15.208	15.208	15.208	15.52	15.856	16.239	16.792	17.598	18.477	19.401	20.288	21.09	22.104	23.07	24.074	25.071	26.076	26.613	27.165	27.774	28.307	28.774	29.168	29.482	29.783	30.208	30.216	NPgY	Primary	NG FES - Electric Engagement	Total peak demand with ToUT (MW)
BELLHOUSE ROAD	10.642	10.642	10.642	10.844	11.051	11.299	11.686	12.391	13.206	14.051	14.879	15.655	16.652	17.623	18.679	19.76	20.933	21.595	22.267	22.98	23.61	24.164	24.634	25.008	25.346	25.833	25.837	NPgY	Primary	NG FES - Electric Engagement	Total peak demand with ToUT (MW)
BELMONT AVENUE	17.085	17.685	17.685	17.905	18.199	18.55	19.07	19.733	20.369	21.077	21.759	22.347	23.104	23.881	24.717	25.545	26.421	26.969	27.509	28.064	28.542	28.966	29.336	29.643	29.928	30.327	30.371	NPgY	Primary	NG FES - Electric Engagement	Total peak demand with ToUT (MW)
BELMONT COVERT	1.236	1.236	1.236	1.252	1.269	1.287	1.314	1.345	1.38	1.416	1.459	1.513	1.57	1.621	1.661	1.702	1.735	1.753	1.769	1.789	1.807	1.822	1.835	1.847	1.859	1.873	1.883	NPgY	Primary	NG FES - Electric Engagement	Total peak demand with ToUT (MW)
BELTHORPE LANE	3.8	3.8	3.8	3.837	3.876	3.917	3.988	4.077	4.168	4.263	4.402	4.602	4.778	4.958	5.107	5.253	5.333	5.358	5.38	5.408	5.431	5.447	5.455	5.463	5.474	5.507	5.524	NPgY	Primary	NG FES - Electric Engagement	Total peak demand with ToUT (MW)
BENTLEY	9.731	9.731	9.731	10.021	10.289	10.582	11.048	11.717	12.417	13.151	13.871	14.53	15.376	16.204	17.085	17.968	18.859	19.343	19.835	20.378	20.849	21.259	21.604	21.882	22.144	22.531	22.56	NPgY	Primary	NG FES - Electric Engagement	Total peak demand with ToUT (MW)
BILLET LANE	10.524	15.284	15.284	15.343	15.408	15.481	15.565	15.651	15.739	15.829	15.921	16.016	16.113	16.21	16.309	16.409	16.51	16.611	16.713	16.815	16.918	17.02	17.122	17.223	17.324	17.423	17.522	NPgY	Primary	NG FES - Electric Engagement	Total peak demand with ToUT (MW)
BINBROOK	1.692	1.692	1.692	1.805	1.92	2.051	2.26	2.488	2.764	3.064	3.445	3.946	4.402	4.851	5.21	5.564	5.836	6.02	6.2	6.366	6.525	6.672	6.814	6.937	7.05	7.185	7.297	NPgY	Primary	NG FES - Electric Engagement	Total peak demand with ToUT (MW)
BINGLEY 33/11KV	12.035	12.506	12.506	12.613	12.752	12.934	13.248	13.737	14.264	14.821	15.365	15.873	16.566	17.238	17.972	18.72	19.482	19.873	20.266	20.706	21.089	21.422	21.701	21.918	22.12	22.43	22.428	NPgY	Primary	NG FES - Electric Engagement	Total peak demand with ToUT (MW)
BIRKBY	11.758	11.953	11.953	12.121	12.329	12.588	12.996	13.535	14.075	14.681	15.253	15.748	16.44	17.117	17.832	18.551	19.325	19.766	20.202	20.676	21.083	21.443	21.752	22	22.228	22.558	22.575	NPgY	Primary	NG FES - Electric Engagement	Total peak demand with ToUT (MW)
BLACKBURN MEADOWS 33/11KV	14.001	14.001	14.001	13.935	13.898	13.887	13.939	14.076	14.235	14.413	14.582	14.724	14.923	15.133	15.367	15.605	15.867	16.007	16.148	16.296	16.418	16.52	16.604	16.662	16.711	16.802	16.753	NPgY	Primary	NG FES - Electric Engagement	Total peak demand with ToUT (MW)
BLUE BOY STREET	11.322	11.322	11.322	11.287	11.289	11.324	11.404	11.379	11.286	11.2	11.153	11.147	11.194	11.223	11.315	11.409	11.511	11.576	11.617	11.665	11.702	11.739	11.772	11.793	11.803	11.819	11.864	NPgY	Primary	NG FES - Electric Engagement	Total peak demand with ToUT (MW)
BOLTON ROAD	7.102	7.102	7.102	7.323	7.56	7.79	8.168	8.66	9.127	9.614	10.239	11.035	11.829	12.657	13.498	14.348	14.893	15.071	15.249	15.469	15.629	15.702	15.724	15.731	15.742	15.884	15.874	NPgY	Primary	NG FES - Electric Engagement	Total peak demand with ToUT (MW)
BOTTESFORD	12.608	12.908	12.908	13.37	13.84	14.349	15.105	16.082	17.055	18.072	19.043	19.915	21.069	22.195	23.399	24.605	25.885	26.614	27.362	28.192	28.916	29.562	30.129	30.602	31.06	31.688	31.812	NPgY	Primary	NG FES - Electric Engagement	Total peak demand with ToUT (MW)
BRAMHOPE	3.615	3.615	3.615	3.679	3.743	3.814	3.943	4.116	4.283	4.456	4.705	5.062	5.397	5.741	6.082	6.428	6.588	6.623	6.658	6.722	6.77	6.8	6.81	6.815	6.822	6.88	6.883	NPgY	Primary	NG FES - Electric Engagement	Total peak demand with ToUT (MW)
BRAMLEY	12.567	12.946	12.946	13.308	13.723	14.225	14.925	15.819	16.751	17.762	18.743	19.629	20.771	21.86	22.995	24.119	25.294	25.975	26.636	27.351	27.97	28.516	28.98	29.339	29.666	30.12	30.14	NPgY	Primary	NG FES - Electric Engagement	Total peak demand with ToUT (MW)
BRETT STREET	19.539	19.955	19.955	20.193	20.466	20.803	21.333	22.073	22.863	23.737	24.612	25.451	26.52	27.556	28.609	29.671	30.753	31.369	31.981	32.641	33.226	33.748	34.204	34.573	34.941	35.444	35.54	NPgY	Primary	NG FES - Electric Engagement	Total peak demand with ToUT (MW)
BRIDGES ROAD	14.61	15.481	15.481	15.984	16.473	16.999	17.746	18.907	20.196	21.502	22.876	24.335	25.991	27.581	29.179	30.786	32.304	33.096	33.897	34.781	35.566	36.254	36.832	37.3	37.742	38.383	38.499	NPgY	Primary	NG FES - Electric Engagement	Total peak demand with ToUT (MW)
BRIGHOUSE 33/11KV	6.52	6.87	6.87	6.807	6.755	6.711	6.682	6.659	6.64	6.626	6.614	6.605	6.599	6.59	6.582	6.573	6.563	6.547	6.529	6.512	6.493	6.473	6.452	6.431	6.408	6.387	6.363	NPgY	Primary	NG FES - Electric Engagement	Total peak demand with ToUT (MW)
BRODSWORTH	14.993	15.943	15.943	16.359	16.799	17.307	18.036	19.121	20.314	21.539	22.753	23.901	25.228	26.523	27.858	29.172	30.5	31.269	32.035	32.831	33.517	34.11	34.607	35.004	35.369	35.89	35.926	NPgY	Primary	NG FES - Electric Engagement	Total peak demand with ToUT (MW)
BROOKFIELD STREET	8.683	8.683	8.683	8.594	8.518	8.458	8.419	8.385	8.356	8.334	8.314	8.295	8.281	8.269	8.256	8.241	8.228	8.205	8.179	8.156	8.13	8.102	8.073	8.043	8.012	7.982	7.946	NPgY	Primary	NG FES - Electric Engagement	Total peak demand with ToUT (MW)
BTP	13.075	13.075	13.075	12.913	12.762	12.623	12.503	12.388	12.279	12.176	12.079	11.987	11.9	11.817	11.737	11.66	11.587	11.515	11.446	11.378	11.312	11.248	11.185	11.124	11.062	11.001	10.94	NPgY	Primary	NG FES - Electric Engagement	Total peak demand with ToUT (MW)
BURLEY STREET	22.004	27.105	27.105	26.922	26.817	26.752	26.761	26.716	26.616	26.55	26.496	26.441	26.458	26.477	26.499	26.527	26.571	26.561	26.54	26.573	26.594	26.614	26.63	26.633	26.631	26.649	26.615	NPgY	Primary	NG FES - Electric Engagement	Total peak demand with ToUT (MW)
BURMANTOFTS	12.307	13.144	13.144	13.028	12.97	12.936	12.933	12.876	12.765	12.696	12.654	12.646	12.678	12.696	12.72	12.746	12.777	12.765	12.737	12.719	12.693	12.666	12.634	12.591	12.542	12.497	12.464	NPgY	Primary	NG FES - Electric Engagement	Total peak demand with ToUT (MW)
BURNLEYVILLE	12.067	12.067	12.067	12.343	12.663	13.049	13.634	14.435	15.3	16.208	17.081	17.869	18.844	19.781	20.75	21.706	22.703	23.281	23.854	24.455	24.974	25.427	25.817	26.125	26.407	26.805	26.829	NPgY	Primary	NG FES - Electric Engagement	Total peak demand with ToUT (MW)
BURTON PIDSEA	3.592	3.592	3.592	3.653	3.709	3.763	3.848	4.008	4.195	4.382	4.632	4.969	5.285	5.601	5.885	6.172	6.358	6.427	6.499	6.581	6.656	6.713	6.753	6.784	6.813	6.879	6.894	NPgY	Primary	NG FES - Electric Engagement	Total peak demand with ToUT (MW)
BURTON ROAD	14.959	14.959	14.959	15.057	15.145	15.258	15.441	15.671	15.918	16.167	16.41	16.662	16.997	17.261	17.523	17.777	18.038	18.155	18.27	18.422	18.558	18.677	18.782	18.858	18.939	19.035	19.082	NPgY	Primary	NG FES - Electric Engagement	Total peak demand with ToUT (MW)
BUSLINGTHORPE GREEN	10.307	10.557	10.557	10.688	10.85	11.071	11.428	11.88	12.33	12.843	13.318	13.701	14.321	14.904	15.523	16.146	16.823	17.179	17.528	17.957	18.332	18.671	18.965	19.198	19.42	19.736	19.743	NPgY	Primary	NG FES - Electric Engagement	Total peak demand with ToUT (MW)
BUTTERWICK	4.622	4.622	4.622	4.637	4.655	4.68	4.723	4.786	4.856	4.927	5.029	5.178	5.313	5.437	5.51	5.578	5.629	5.649	5.667	5.691	5.711	5.726	5.736	5.742	5.751	5.768	5.779	NPgY	Primary	NG FES - Electric Engagement	Total peak demand with ToUT (MW)
CAISTOR	5	5	5	5.112	5.216	5.324	5.474	5.656	5.846	6.028	6.239	6.509	6.795	7.036	7.25	7.456	7.611	7.667	7.72	7.793	7.858	7.909	7.95	7.978	8.013	8.064	8.099	NPgY	Primary	NG FES - Electric Engagement	Total peak demand with ToUT (MW)
CALDER WHARF	12.963	13.623	13.623	13.795	13.985	14.235	14.601	15.06	15.556	16.056	16.558	17.089	17.774	18.294	18.804	19.287	19.757	19.918	20.059	20.264	20.429	20.559	20.651	20.683	20.72	20.782	20.768	NPgY	Primary	NG FES - Electric Engagement	Total peak demand with ToUT (MW)
CARLTON HILL	12.525	13.377	13.377	13.293	13.274	13.283	13.338	13.348	13.3	13.286	13.281	13.272	13.339	13.408	13.486	13.57	13.674	13.715	13.744	13.819	13.882	13.941	13.993	14.031	14.063	14.119	14.112	NPgY	Primary	NG FES - Electric Engagement	Total peak demand with ToUT (MW)
CARR LANE	13.144	14.144	14.144	14.35	14.582	14.851	15.278	15.821	16.352	16.921	17.459	17.917	18.532	19.157	19.835	20.511	21.236	21.677	22.125	22.604	23.017	23.387	23.713	23.989	24.252	24.616	24.672	NPgY	Primary	NG FES - Electric Engagement	Total peak demand with ToUT (MW)
CHELKER RESERVOIR	3.758	3.758	3.758	3.742	3.733	3.733	3.755	3.777	3.81	3.847	3.887	3.932	3.979	4.019	4.057	4.092	4.124	4.141	4.157	4.171	4.182	4.191	4.201	4.205	4.207	4.207	4.204	NPgY	Primary	NG FES - Electric Engagement	Total peak demand with ToUT (MW)
CHEVIN END	8.338	8.338	8.338	8.458	8.626	8.816	9.135	9.533	9.909	10.302	10.664	10.95	11.384	11.83	12.32	12.816	13.356	13.66	13.974	14.325	14.624	14.889	15.121	15.312	15.495	15.766	15.773	NPgY	Primary	NG FES - Electric Engagement	Total peak demand with ToUT (MW)
CLARENCE ROAD	13.013	13.428	13.428	13.315	13.26	13.233	13.245	13.187	13.07	12.981	12.911	12.853	12.842	12.83	12.818	12.81	12.81	12.788	12.755	12.759	12.759	12.761	12.764	12.76	12.752	12.752	12.743	NPgY	Primary	NG FES - Electric Engagement	Total peak demand with ToUT (MW)
CLARENDON ROAD	10.612	10.612	10.612	10.621	10.675	10.777	10.95	11.029	11.04	11.079	11.159	11.301	11.549	11.724	11.886	12.044	12.206	12.23	12.223	12.299	12.353	12.397	12.423	12.422	12.415	12.416	12.441	NPgY	Primary	NG FES - Electric Engagement	Total peak demand with ToUT (MW)
CLARENDON STREET	13.02	13.02	13.02	12.918	12.882	12.873	12.902	12.888	12.815	12.803	12.81	12.843	12.933	13.002	13.08	13.159	13.243	13.261	13.26	13.267	13.262	13.253	13.238	13.206	13.167	13.138	13.104	NPgY	Primary	NG FES - Electric Engagement	Total peak demand with ToUT (MW)
CLAYWHEELS LANE	19.431	19.431	19.431	19.803	20.164	20.561	21.225	22.302	23.477	24.685	25.968	27.307	28.866	30.409	32.054	33.717	35.193	35.895	36.594	37.374	38.046	38.608	39.053	39.393	39.706	40.251	40.25	NPgY	Primary	NG FES - Electric Engagement	Total peak demand with ToUT (MW)
CLOUGH LANE	2.437	2.917	2.917	2.952	2.99	3.033	3.086	3.147	3.209	3.271	3.335	3.402	3.472	3.535	3.596	3.654	3.706	3.742	3.775	3.811	3.844	3.873	3.901	3.925	3.951	3.977	4	NPgY	Primary	NG FES - Electric Engagement	Total peak demand with ToUT (MW)
COMMONSIDE LANE	16.29	16.29	16.29	16.458	16.651	16.879	17.211	17.586	17.957	18.327	18.705	19.098	19.572	19.975	20.396	20.797	21.172	21.372	21.559	21.778	21.968	22.133	22.278	22.389	22.502	22.64	22.724	NPgY	Primary	NG FES - Electric Engagement	Total peak demand with ToUT (MW)
CONVAMORE ROAD	7.858	7.858	7.858	7.931	8.005	8.107	8.286	8.647	9.077	9.519	9.933	10.292	10.776	11.245	11.751	12.266	12.83	13.142	13.459	13.798	14.094	14.354	14.571	14.74	14.894	15.123	15.092	NPgY	Primary	NG FES - Electric Engagement	Total peak demand with ToUT (MW)
CONYARD ROAD	7.495	7.495	7.495	7.631	7.761	7.926	8.184	8.706	9.336	9.99	10.605	11.143	11.863	12.559	13.311	14.079	14.914	15.38	15.858	16.369	16.823	17.225	17.566	17.836	18.083	18.436	18.409	NPgY	Primary	NG FES - Electric Engagement	Total peak demand with ToUT (MW)
CORNWALL STREET	15.708	15.708	15.708	15.764	15.909	16.14	16.491	16.996	17.559	18.174	18.772	19.292	19.856	20.422	20.993	21.524	22.046	22.391	22.705	22.989	23.218	23.41	23.565	23.678	23.769	23.91	23.86	NPgY	Primary	NG FES - Electric Engagement	Total peak demand with ToUT (MW)
CORRINGHAM ROAD	12.878	12.878	12.878	13.114	13.39	13.689	14.125	14.662	15.167	15.719	16.32	16.956	17.658	18.39	19.111	19.83	20.483	20.868	21.254	21.65	21.993	22.297	22.56	22.79	23.01	23.334	23.412	NPgY	Primary	NG FES - Electric Engagement	Total peak demand with ToUT (MW)
COSTHORPE	6.933	6.933	6.933	7.195	7.463	7.698	8.063	8.53	8.963	9.417	10.053	10.9	11.671	12.469	13.237	14	14.249	14.279	14.309	14.38	14.433	14.46	14.447	14.427	14.416	14.509	14.527	NPgY	Primary	NG FES - Electric Engagement	Total peak demand with ToUT (MW)
COUNTY ROAD NORTH	16.23	16.23	16.23	16.428	16.646	16.899	17.338	18.174	19.112	20.138	21.125	21.994	23.136	24.339	25.653	27.011	28.484	29.336	30.227	31.158	31.983	32.713	33.34	33.857	34.331	35.024	35.012	NPgY	Primary	NG FES - Electric Engagement	Total peak demand with ToUT (MW)
CRACOE	5.872	5.872	5.872	6.173	6.483	6.837	7.437	8.065	8.818	9.641	10.624	11.823	12.909	14.003	14.95	15.876	16.609	17.075	17.512	17.88	18.211	18.479	18.727	18.922	19.079	19.293	19.452	NPgY	Primary	NG FES - Electric Engagement	Total peak demand with ToUT (MW)
CROOKESMOOR ROAD	16.122	16.122	16.122	16.725	17.372	18.116	19.145	20.597	22.169	23.806	25.265	26.382	28.138	29.774	31.602	33.45	35.451	36.575	37.722	39.022	40.198	41.278	42.234	43.023	43.795	44.822	44.871	NPgY	Primary	NG FES - Electric Engagement	Total peak demand with ToUT (MW)
CROSSHILLS	12.204	12.204	12.204	12.547	12.907	13.305	13.92	14.714	15.512	16.335	17.187	18.059	19.122	20.121	21.212	22.291	23.314	23.82	24.325	24.907	25.394	25.788	26.109	26.361	26.61	26.995	27.064	NPgY	Primary	NG FES - Electric Engagement	Total peak demand with ToUT (MW)
CROWLE	5.435	5.435	5.435	5.64	5.836	6.011	6.26	6.619	6.988	7.362	7.903	8.676	9.372	10.066	10.622	11.175	11.501	11.574	11.641	11.74	11.826	11.878	11.897	11.91	11.927	12.023	12.074	NPgY	Primary	NG FES - Electric Engagement	Total peak demand with ToUT (MW)
CROWN STREET	4.565	4.805	4.805	4.783	4.788	4.806	4.848	4.891	4.926	4.968	5.009	5.041	5.096	5.15	5.215	5.278	5.346	5.386	5.422	5.458	5.488	5.515	5.537	5.554	5.567	5.59	5.584	NPgY	Primary	NG FES - Electric Engagement	Total peak demand with ToUT (MW)
DALTON	14.343	14.343	14.343	14.615	14.889	15.224	15.748	16.601	17.579	18.611	19.609	20.539	21.764	22.909	24.122	25.352	26.669	27.376	28.091	28.874	29.565	30.174	30.691	31.09	31.458	31.979	31.986	NPgY	Primary	NG FES - Electric Engagement	Total peak demand with ToUT (MW)
DARNALL	13.618	13.618	13.618	13.873	14.164	14.509	15.067	15.79	16.501	17.254	17.982	18.63	19.509	20.391	21.363	22.34	23.39	23.998	24.603	25.253	25.81	26.302	26.728	27.072	27.39	27.852	27.894	NPgY	Primary	NG FES - Electric Engagement	Total peak demand with ToUT (MW)
DEARNE ROAD	10.72	11.345	11.345	11.44	11.536	11.654	11.877	12.13	12.358	12.633	12.895	13.119	13.416	13.726	14.045	14.361	14.695	14.898	15.104	15.328	15.515	15.681	15.828	15.952	16.073	16.244	16.272	NPgY	Primary	NG FES - Electric Engagement	Total peak demand with ToUT (MW)
DEIGHTON	17.54	19.95	19.95	19.947	19.994	20.082	20.263	20.609	21.001	21.422	21.824	22.178	22.638	23.091	23.573	24.055	24.572	24.849	25.127	25.42	25.668	25.882	26.055	26.183	26.294	26.477	26.422	NPgY	Primary	NG FES - Electric Engagement	Total peak demand with ToUT (MW)
DENBY DALE ROAD	9.486	9.882	9.882	9.956	10.07	10.214	10.416	10.641	10.858	11.103	11.346	11.57	11.825	12.083	12.348	12.603	12.858	13.042	13.214	13.382	13.529	13.662	13.784	13.889	13.987	14.107	14.156	NPgY	Primary	NG FES - Electric Engagement	Total peak demand with ToUT (MW)
DENBY GRANGE	3.095	3.095	3.095	3.182	3.268	3.355	3.486	3.68	3.886	4.098	4.344	4.628	4.928	5.23	5.542	5.856	6.09	6.192	6.297	6.415	6.517	6.6	6.661	6.711	6.758	6.846	6.857	NPgY	Primary	NG FES - Electric Engagement	Total peak demand with ToUT (MW)
DENHOLME	4	4	4	4.126	4.267	4.392	4.601	4.868	5.107	5.346	5.639	5.98	6.329	6.706	7.097	7.489	7.754	7.845	7.937	8.046	8.125	8.159	8.168	8.173	8.179	8.251	8.255	NPgY	Primary	NG FES - Electric Engagement	Total peak demand with ToUT (MW)
DINNINGTON	17.26	17.778	17.778	18.174	18.578	19.029	19.688	20.612	21.599	22.644	23.683	24.68	25.873	27.026	28.217	29.399	30.529	31.144	31.769	32.452	33.052	33.578	34.026	34.388	34.735	35.228	35.291	NPgY	Primary	NG FES - Electric Engagement	Total peak demand with ToUT (MW)
DOUGHTY ROAD	20.05	20.479	20.479	20.535	20.625	20.765	21.06	21.652	22.341	23.076	23.771	24.367	25.175	25.995	26.886	27.8	28.805	29.379	29.962	30.57	31.1	31.568	31.965	32.276	32.554	32.974	32.914	NPgY	Primary	NG FES - Electric Engagement	Total peak demand with ToUT (MW)
DOWKER STREET	9.218	9.218	9.218	9.28	9.391	9.519	9.724	10.053	10.39	10.76	11.114	11.416	11.825	12.245	12.699	13.162	13.661	13.949	14.242	14.548	14.812	15.044	15.242	15.398	15.54	15.755	15.737	NPgY	Primary	NG FES - Electric Engagement	Total peak demand with ToUT (MW)
DRAX PRIMARY	3.98	4.94	4.94	5.019	5.096	5.18	5.294	5.445	5.611	5.767	5.957	6.211	6.469	6.683	6.848	7.004	7.117	7.142	7.164	7.209	7.247	7.275	7.294	7.301	7.318	7.348	7.371	NPgY	Primary	NG FES - Electric Engagement	Total peak demand with ToUT (MW)
DRIFFIELD	18.247	18.415	18.415	18.74	19.066	19.447	20.011	20.658	21.312	21.969	22.693	23.553	24.544	25.356	26.064	26.738	27.324	27.517	27.689	27.949	28.161	28.325	28.448	28.511	28.652	28.846	28.967	NPgY	Primary	NG FES - Electric Engagement	Total peak demand with ToUT (MW)
DRONFIELD	11.245	12.12	12.12	12.341	12.55	12.786	13.136	13.782	14.551	15.326	16.078	16.787	17.672	18.517	19.417	20.334	21.316	21.869	22.438	23.047	23.592	24.077	24.495	24.83	25.141	25.564	25.607	NPgY	Primary	NG FES - Electric Engagement	Total peak demand with ToUT (MW)
DUDLEY HILL	14.322	15.979	15.979	16.044	16.176	16.368	16.681	17.141	17.639	18.161	18.667	19.113	19.659	20.193	20.755	21.299	21.861	22.188	22.499	22.818	23.081	23.305	23.488	23.624	23.743	23.93	23.893	NPgY	Primary	NG FES - Electric Engagement	Total peak demand with ToUT (MW)
DUNKESWICK	5.745	5.745	5.745	5.9	6.057	6.239	6.543	6.895	7.305	7.746	8.333	9.133	9.86	10.571	11.151	11.722	12.091	12.277	12.455	12.63	12.788	12.915	13.023	13.106	13.178	13.304	13.376	NPgY	Primary	NG FES - Electric Engagement	Total peak demand with ToUT (MW)
DURKAR LOW LANE	15.983	17.093	17.093	17.507	17.921	18.385	19.11	20.131	21.197	22.305	23.4	24.44	25.756	27.038	28.411	29.792	31.178	31.931	32.697	33.545	34.281	34.924	35.473	35.917	36.341	36.957	37.028	NPgY	Primary	NG FES - Electric Engagement	Total peak demand with ToUT (MW)
EASINGTON	5.476	5.926	5.926	5.946	5.965	5.983	6.019	6.078	6.143	6.21	6.3	6.423	6.537	6.653	6.76	6.869	6.933	6.957	6.981	7.011	7.037	7.053	7.065	7.076	7.087	7.11	7.128	NPgY	Primary	NG FES - Electric Engagement	Total peak demand with ToUT (MW)
EASTFIELD ROAD	4.962	6.462	6.462	6.787	7.182	7.655	8.27	9.024	9.824	10.639	11.476	12.297	13.116	13.903	14.653	15.341	15.943	16.326	16.672	16.996	17.255	17.463	17.627	17.75	17.861	18.021	18.045	NPgY	Primary	NG FES - Electric Engagement	Total peak demand with ToUT (MW)
ECCLESFIELD	11.921	11.921	11.921	12.128	12.339	12.588	12.994	13.665	14.409	15.164	15.891	16.551	17.389	18.219	19.121	20.032	21.014	21.573	22.142	22.747	23.272	23.73	24.12	24.432	24.718	25.135	25.141	NPgY	Primary	NG FES - Electric Engagement	Total peak demand with ToUT (MW)
EDLINGTON	14.366	14.691	14.691	15.017	15.343	15.714	16.297	17.104	17.934	18.802	19.669	20.491	21.484	22.473	23.518	24.558	25.573	26.141	26.713	27.333	27.863	28.325	28.716	29.036	29.338	29.785	29.831	NPgY	Primary	NG FES - Electric Engagement	Total peak demand with ToUT (MW)
EGGBOROUGH	6.765	6.765	6.765	6.91	7.075	7.262	7.512	7.815	8.128	8.447	8.831	9.296	9.726	10.143	10.529	10.893	11.133	11.244	11.342	11.442	11.525	11.588	11.631	11.665	11.7	11.765	11.81	NPgY	Primary	NG FES - Electric Engagement	Total peak demand with ToUT (MW)
ELGAR ROAD	15.279	15.704	15.704	15.952	16.203	16.498	16.994	17.766	18.586	19.474	20.326	21.089	22.105	23.123	24.213	25.324	26.531	27.215	27.916	28.67	29.328	29.911	30.412	30.819	31.22	31.789	31.839	NPgY	Primary	NG FES - Electric Engagement	Total peak demand with ToUT (MW)
ELLAND 33/11KV	13.97	14.12	14.12	14.073	14.085	14.124	14.218	14.338	14.44	14.572	14.713	14.867	15.082	15.265	15.447	15.626	15.811	15.879	15.937	16.017	16.076	16.121	16.151	16.157	16.158	16.181	16.154	NPgY	Primary	NG FES - Electric Engagement	Total peak demand with ToUT (MW)
ELLIFOOT LANE	0.5	0.5	0.5	0.514	0.528	0.548	0.579	0.607	0.643	0.683	0.727	0.774	0.818	0.863	0.906	0.947	0.987	1.022	1.057	1.087	1.115	1.143	1.173	1.199	1.222	1.244	1.265	NPgY	Primary	NG FES - Electric Engagement	Total peak demand with ToUT (MW)
ELLIN STREET 1/3	17.503	17.503	17.503	17.48	17.494	17.56	17.731	17.864	17.937	18.042	18.149	18.234	18.469	18.685	18.973	19.268	19.594	19.763	19.915	20.099	20.253	20.392	20.512	20.601	20.681	20.808	20.817	NPgY	Primary	NG FES - Electric Engagement	Total peak demand with ToUT (MW)
ELLIN STREET 2	6.937	6.937	6.937	6.914	6.899	6.905	6.948	7.014	7.082	7.165	7.242	7.302	7.422	7.534	7.668	7.807	7.962	8.042	8.118	8.205	8.28	8.347	8.403	8.443	8.479	8.537	8.524	NPgY	Primary	NG FES - Electric Engagement	Total peak demand with ToUT (MW)
ELMHIRST LANE 1	1.638	1.638	1.638	1.701	1.765	1.834	1.926	2.029	2.131	2.237	2.346	2.463	2.612	2.734	2.852	2.967	3.067	3.098	3.13	3.178	3.219	3.254	3.28	3.297	3.316	3.345	3.351	NPgY	Primary	NG FES - Electric Engagement	Total peak demand with ToUT (MW)
ELMHIRST LANE 2	6.73	6.73	6.73	6.957	7.182	7.434	7.813	8.307	8.844	9.409	10.004	10.628	11.303	11.961	12.604	13.237	13.805	14.119	14.425	14.745	15.023	15.261	15.463	15.626	15.779	15.999	16.065	NPgY	Primary	NG FES - Electric Engagement	Total peak demand with ToUT (MW)
ELSECAR	9.232	9.382	9.382	9.649	9.891	10.162	10.6	11.191	11.792	12.444	13.058	13.597	14.325	15.035	15.776	16.522	17.324	17.769	18.227	18.738	19.181	19.57	19.909	20.186	20.453	20.831	20.869	NPgY	Primary	NG FES - Electric Engagement	Total peak demand with ToUT (MW)
ENDIKE LANE	13.109	13.109	13.109	13.242	13.384	13.566	13.902	14.423	14.968	15.59	16.204	16.775	17.524	18.285	19.102	19.936	20.84	21.36	21.884	22.439	22.92	23.344	23.706	23.999	24.277	24.683	24.713	NPgY	Primary	NG FES - Electric Engagement	Total peak demand with ToUT (MW)
EPWORTH	5.08	5.08	5.08	5.342	5.604	5.871	6.244	6.729	7.23	7.735	8.365	9.157	9.895	10.624	11.3	11.956	12.362	12.492	12.599	12.73	12.834	12.901	12.929	12.946	12.967	13.059	13.104	NPgY	Primary	NG FES - Electric Engagement	Total peak demand with ToUT (MW)
FARNLEY CRESCENT	12.047	12.047	12.047	12.177	12.351	12.576	12.955	13.456	13.935	14.482	15.01	15.473	16.158	16.842	17.572	18.317	19.132	19.578	20.021	20.537	20.982	21.378	21.717	21.989	22.239	22.608	22.626	NPgY	Primary	NG FES - Electric Engagement	Total peak demand with ToUT (MW)
FENTON LANE	9.691	9.691	9.691	9.79	9.886	9.993	10.145	10.318	10.493	10.665	10.855	11.08	11.339	11.552	11.779	11.999	12.176	12.254	12.33	12.433	12.527	12.612	12.686	12.745	12.811	12.887	12.957	NPgY	Primary	NG FES - Electric Engagement	Total peak demand with ToUT (MW)
FERRYBRIDGE A 11KV	19.468	19.718	19.718	20.084	20.483	20.943	21.596	22.302	22.975	23.642	24.319	25.041	25.983	26.733	27.528	28.293	29.032	29.357	29.659	30.062	30.405	30.7	30.95	31.125	31.311	31.546	31.677	NPgY	Primary	NG FES - Electric Engagement	Total peak demand with ToUT (MW)
FIR TREE LANE	14.75	15.7	15.7	15.805	15.91	16.08	16.367	16.712	17.076	17.461	17.868	18.341	19.011	19.506	19.999	20.483	20.964	21.1	21.211	21.41	21.572	21.699	21.786	21.807	21.829	21.883	21.871	NPgY	Primary	NG FES - Electric Engagement	Total peak demand with ToUT (MW)
FIRST AVENUE	17.889	17.889	17.889	17.819	17.791	17.788	17.881	18.135	18.409	18.749	19.081	19.368	19.764	20.212	20.715	21.241	21.831	22.179	22.534	22.894	23.203	23.475	23.704	23.887	24.043	24.298	24.257	NPgY	Primary	NG FES - Electric Engagement	Total peak demand with ToUT (MW)
FIRTH BROWN	5.746	5.746	5.746	5.886	6.03	6.174	6.353	6.584	6.825	7.063	7.355	7.725	8.082	8.424	8.754	9.082	9.291	9.371	9.444	9.534	9.616	9.679	9.724	9.762	9.801	9.87	9.916	NPgY	Primary	NG FES - Electric Engagement	Total peak demand with ToUT (MW)
FISH DAM LANE	10.139	10.769	10.769	10.826	10.906	11.007	11.157	11.356	11.565	11.787	12.008	12.216	12.445	12.677	12.911	13.14	13.372	13.53	13.685	13.837	13.971	14.091	14.196	14.288	14.372	14.48	14.514	NPgY	Primary	NG FES - Electric Engagement	Total peak demand with ToUT (MW)
FLIXBOROUGH	15.946	15.946	15.946	16.224	16.555	16.933	17.392	17.931	18.5	19.07	19.67	20.3	20.916	21.492	22.041	22.553	22.974	23.273	23.547	23.816	24.056	24.27	24.462	24.631	24.796	24.978	25.127	NPgY	Primary	NG FES - Electric Engagement	Total peak demand with ToUT (MW)
FOLLY HALL	10.562	11.162	11.162	11.163	11.191	11.237	11.35	11.555	11.778	12.032	12.284	12.51	12.824	13.143	13.492	13.85	14.228	14.43	14.632	14.847	15.035	15.197	15.332	15.437	15.53	15.68	15.66	NPgY	Primary	NG FES - Electric Engagement	Total peak demand with ToUT (MW)
FOUR LANE ENDS	12.39	12.39	12.39	12.335	12.327	12.337	12.404	12.598	12.815	13.059	13.288	13.467	13.736	14.035	14.376	14.734	15.138	15.373	15.613	15.86	16.074	16.263	16.422	16.548	16.656	16.83	16.785	NPgY	Primary	NG FES - Electric Engagement	Total peak demand with ToUT (MW)
FOXHILLS	15.203	15.203	15.203	15.409	15.658	15.953	16.307	16.698	17.113	17.535	17.962	18.381	18.786	19.169	19.534	19.868	20.172	20.431	20.67	20.892	21.095	21.282	21.459	21.622	21.78	21.936	22.081	NPgY	Primary	NG FES - Electric Engagement	Total peak demand with ToUT (MW)
FULLERTON ROAD	10.886	10.886	10.886	10.934	11	11.084	11.214	11.45	11.717	12.004	12.284	12.539	12.845	13.163	13.505	13.852	14.225	14.462	14.701	14.944	15.16	15.356	15.525	15.669	15.8	15.977	16.002	NPgY	Primary	NG FES - Electric Engagement	Total peak demand with ToUT (MW)
FURNESS AVENUE	11.036	11.036	11.036	11.229	11.45	11.716	12.141	12.791	13.5	14.266	15.001	15.671	16.555	17.405	18.28	19.165	20.117	20.637	21.162	21.757	22.276	22.734	23.125	23.435	23.724	24.138	24.162	NPgY	Primary	NG FES - Electric Engagement	Total peak demand with ToUT (MW)
GAISBY LANE	13.041	13.041	13.041	13.069	13.196	13.382	13.663	13.902	14.077	14.281	14.529	14.848	15.304	15.657	16.037	16.409	16.789	16.941	17.054	17.203	17.318	17.408	17.469	17.482	17.484	17.506	17.523	NPgY	Primary	NG FES - Electric Engagement	Total peak demand with ToUT (MW)
GIBRALTAR ROAD	16.59	16.59	16.59	16.858	17.203	17.605	18.23	19.195	20.249	21.398	22.531	23.58	24.879	26.172	27.507	28.852	30.239	31.03	31.815	32.651	33.375	33.994	34.516	34.928	35.301	35.853	35.861	NPgY	Primary	NG FES - Electric Engagement	Total peak demand with ToUT (MW)
GIBSON LANE	16.992	20.754	20.754	21.111	21.496	21.95	22.645	23.479	24.295	25.163	25.997	26.74	27.677	28.588	29.503	30.39	31.295	31.807	32.32	32.884	33.356	33.769	34.125	34.415	34.741	35.19	35.281	NPgY	Primary	NG FES - Electric Engagement	Total peak demand with ToUT (MW)
GILDERSOME	12.045	12.045	12.045	12.128	12.25	12.412	12.699	13.11	13.535	13.987	14.419	14.787	15.26	15.748	16.255	16.757	17.293	17.6	17.908	18.245	18.529	18.775	18.984	19.151	19.301	19.532	19.517	NPgY	Primary	NG FES - Electric Engagement	Total peak demand with ToUT (MW)
GLEADLESS VALLEY	8.821	8.821	8.821	8.983	9.15	9.349	9.652	10.196	10.823	11.473	12.092	12.647	13.404	14.126	14.914	15.722	16.599	17.077	17.565	18.1	18.578	19.002	19.365	19.652	19.919	20.299	20.3	NPgY	Primary	NG FES - Electric Engagement	Total peak demand with ToUT (MW)
GOOLE	14.441	14.441	14.441	14.798	15.194	15.661	16.332	17.287	18.323	19.406	20.49	21.531	22.726	23.891	25.052	26.19	27.314	27.968	28.612	29.283	29.858	30.354	30.772	31.106	31.441	31.912	31.973	NPgY	Primary	NG FES - Electric Engagement	Total peak demand with ToUT (MW)
GRAINTHORPE	4.158	4.158	4.158	4.384	4.618	4.89	5.326	5.79	6.351	6.964	7.734	8.73	9.635	10.53	11.233	11.925	12.481	12.885	13.278	13.635	13.982	14.313	14.639	14.926	15.187	15.487	15.743	NPgY	Primary	NG FES - Electric Engagement	Total peak demand with ToUT (MW)
GREAT COATES	13.973	13.973	13.973	14.082	14.187	14.324	14.563	14.911	15.297	15.66	16.059	16.541	17.124	17.586	18.037	18.48	18.838	18.907	18.968	19.089	19.184	19.247	19.278	19.265	19.26	19.296	19.269	NPgY	Primary	NG FES - Electric Engagement	Total peak demand with ToUT (MW)
GREENHILL	5.944	5.944	5.944	6.066	6.185	6.318	6.519	6.925	7.414	7.914	8.391	8.823	9.382	9.926	10.517	11.123	11.78	12.147	12.528	12.935	13.3	13.625	13.902	14.124	14.328	14.616	14.615	NPgY	Primary	NG FES - Electric Engagement	Total peak demand with ToUT (MW)
GREYFRIARS RD	7.742	8.018	8.018	8.025	8.044	8.074	8.135	8.239	8.35	8.475	8.599	8.708	8.848	8.997	9.16	9.328	9.508	9.623	9.74	9.859	9.965	10.061	10.146	10.218	10.285	10.375	10.389	NPgY	Primary	NG FES - Electric Engagement	Total peak demand with ToUT (MW)
GREYFRIARS ROAD 3/4	7.303	7.303	7.303	7.316	7.342	7.376	7.443	7.548	7.66	7.785	7.911	8.03	8.18	8.334	8.502	8.672	8.851	8.96	9.07	9.185	9.286	9.378	9.458	9.525	9.585	9.669	9.684	NPgY	Primary	NG FES - Electric Engagement	Total peak demand with ToUT (MW)
GRIMETHORPE	8.8	8.8	8.8	9.037	9.279	9.521	9.886	10.38	10.87	11.385	11.916	12.433	13.029	13.627	14.241	14.851	15.372	15.639	15.908	16.208	16.464	16.68	16.855	16.997	17.135	17.357	17.385	NPgY	Primary	NG FES - Electric Engagement	Total peak demand with ToUT (MW)
GROVE STREET	8.982	8.982	8.982	8.923	8.885	8.861	8.87	8.896	8.92	8.962	9.004	9.038	9.104	9.173	9.251	9.333	9.42	9.459	9.495	9.536	9.569	9.594	9.613	9.623	9.629	9.651	9.626	NPgY	Primary	NG FES - Electric Engagement	Total peak demand with ToUT (MW)
GUARDIAN GLASS	5.934	9.534	9.534	9.547	9.562	9.576	9.607	9.662	9.722	9.785	9.883	10.028	10.154	10.285	10.39	10.496	10.56	10.589	10.618	10.65	10.678	10.698	10.712	10.726	10.742	10.77	10.792	NPgY	Primary	NG FES - Electric Engagement	Total peak demand with ToUT (MW)
HACKENTHORPE	11.17	11.92	11.92	12.081	12.245	12.434	12.742	13.324	13.991	14.665	15.297	15.856	16.607	17.337	18.134	18.949	19.838	20.322	20.824	21.372	21.858	22.289	22.657	22.952	23.225	23.618	23.618	NPgY	Primary	NG FES - Electric Engagement	Total peak demand with ToUT (MW)
HALIFAX 33/11KV	18.152	18.152	18.152	18.121	18.185	18.288	18.498	18.799	19.088	19.459	19.812	20.109	20.558	21.015	21.492	21.984	22.525	22.831	23.131	23.467	23.759	24.021	24.246	24.425	24.583	24.819	24.806	NPgY	Primary	NG FES - Electric Engagement	Total peak demand with ToUT (MW)
HALLAM STREET	9.72	11.095	11.095	11.18	11.278	11.402	11.638	11.959	12.278	12.614	12.929	13.196	13.586	13.975	14.382	14.793	15.241	15.475	15.715	16.009	16.258	16.477	16.665	16.815	16.958	17.172	17.172	NPgY	Primary	NG FES - Electric Engagement	Total peak demand with ToUT (MW)
HARDEN	3.47	3.47	3.47	3.591	3.725	3.859	4.083	4.34	4.596	4.875	5.227	5.668	6.082	6.524	6.971	7.418	7.697	7.812	7.921	8.03	8.113	8.159	8.184	8.201	8.214	8.282	8.3	NPgY	Primary	NG FES - Electric Engagement	Total peak demand with ToUT (MW)
HARPSWELL	6.759	6.759	6.759	6.962	7.167	7.405	7.784	8.189	8.672	9.194	9.796	10.505	11.188	11.862	12.472	13.077	13.599	13.97	14.331	14.663	14.979	15.274	15.564	15.819	16.052	16.313	16.533	NPgY	Primary	NG FES - Electric Engagement	Total peak demand with ToUT (MW)
HARWORTH	13.274	16.274	16.274	16.582	16.898	17.183	17.659	18.209	18.678	19.182	19.857	20.717	21.521	22.384	23.231	24.07	24.438	24.506	24.564	24.665	24.735	24.773	24.767	24.759	24.762	24.89	24.925	NPgY	Primary	NG FES - Electric Engagement	Total peak demand with ToUT (MW)
HAWORTH 1	6.12	6.12	6.12	6.193	6.272	6.366	6.518	6.735	6.98	7.2	7.424	7.67	7.973	8.215	8.46	8.699	8.922	8.991	9.058	9.155	9.231	9.279	9.308	9.315	9.328	9.362	9.357	NPgY	Primary	NG FES - Electric Engagement	Total peak demand with ToUT (MW)
HAWORTH 2	2.339	2.339	2.339	2.402	2.471	2.546	2.664	2.837	3.019	3.208	3.395	3.572	3.796	4.021	4.257	4.496	4.736	4.858	4.985	5.125	5.243	5.338	5.415	5.477	5.536	5.634	5.629	NPgY	Primary	NG FES - Electric Engagement	Total peak demand with ToUT (MW)
HAXEY	6.26	6.26	6.26	6.547	6.828	7.122	7.576	8.112	8.715	9.356	10.151	11.155	12.093	13.049	13.961	14.877	15.525	15.878	16.214	16.54	16.85	17.128	17.383	17.608	17.818	18.101	18.332	NPgY	Primary	NG FES - Electric Engagement	Total peak demand with ToUT (MW)
HAYTON	15.053	15.765	15.765	16.114	16.497	16.869	17.488	18.137	18.648	19.231	20.047	21.126	22.105	23.193	24.124	25.035	25.59	25.762	25.911	26.091	26.216	26.292	26.324	26.361	26.441	26.682	26.784	NPgY	Primary	NG FES - Electric Engagement	Total peak demand with ToUT (MW)
HAZLEHEAD	4.391	4.991	4.991	5.009	5.039	5.082	5.147	5.227	5.313	5.402	5.493	5.586	5.679	5.766	5.847	5.921	5.985	6.023	6.056	6.088	6.112	6.13	6.144	6.153	6.161	6.172	6.174	NPgY	Primary	NG FES - Electric Engagement	Total peak demand with ToUT (MW)
HEBDEN BRIDGE	3.132	3.132	3.132	3.246	3.348	3.435	3.577	3.821	4.084	4.355	4.68	5.072	5.468	5.87	6.254	6.64	6.952	7.069	7.186	7.32	7.418	7.448	7.447	7.438	7.429	7.479	7.469	NPgY	Primary	NG FES - Electric Engagement	Total peak demand with ToUT (MW)
HEDLEY CHASE	6.66	8.81	8.81	8.786	8.804	8.839	8.911	8.976	9.01	9.072	9.134	9.183	9.278	9.382	9.494	9.608	9.736	9.808	9.874	9.956	10.025	10.088	10.141	10.184	10.22	10.279	10.274	NPgY	Primary	NG FES - Electric Engagement	Total peak demand with ToUT (MW)
HEDON ROAD	12.552	12.552	12.552	12.404	12.274	12.162	12.073	11.997	11.928	11.866	11.808	11.757	11.708	11.661	11.616	11.57	11.524	11.471	11.419	11.368	11.314	11.261	11.206	11.15	11.096	11.041	10.984	NPgY	Primary	NG FES - Electric Engagement	Total peak demand with ToUT (MW)
HEMSWORTH	7.622	7.622	7.622	8.138	8.659	9.102	9.785	10.572	11.239	11.938	12.805	13.803	14.783	15.831	16.895	17.94	18.455	18.598	18.732	18.927	19.068	19.139	19.15	19.153	19.167	19.338	19.393	NPgY	Primary	NG FES - Electric Engagement	Total peak demand with ToUT (MW)
HESSLE ROAD 1	3.52	4.12	4.12	4.18	4.258	4.346	4.49	4.655	4.794	4.959	5.113	5.235	5.404	5.59	5.785	5.979	6.189	6.317	6.447	6.584	6.7	6.801	6.89	6.965	7.045	7.159	7.171	NPgY	Primary	NG FES - Electric Engagement	Total peak demand with ToUT (MW)
HESSLE ROAD 2	5.644	5.644	5.644	5.686	5.748	5.828	5.946	6.089	6.234	6.389	6.545	6.695	6.87	7.027	7.182	7.328	7.473	7.555	7.63	7.709	7.775	7.83	7.877	7.911	7.945	7.991	8.002	NPgY	Primary	NG FES - Electric Engagement	Total peak demand with ToUT (MW)
HIBALDSTOW	10.06	10.278	10.278	10.709	11.118	11.513	12.078	12.874	13.71	14.548	15.689	17.254	18.689	20.105	21.376	22.634	23.332	23.507	23.663	23.881	24.062	24.173	24.211	24.23	24.259	24.442	24.526	NPgY	Primary	NG FES - Electric Engagement	Total peak demand with ToUT (MW)
HICKLETON	6.494	6.903	6.903	7.065	7.225	7.403	7.687	8.032	8.362	8.722	9.065	9.366	9.763	10.161	10.573	10.982	11.42	11.674	11.933	12.218	12.461	12.675	12.865	13.023	13.175	13.389	13.424	NPgY	Primary	NG FES - Electric Engagement	Total peak demand with ToUT (MW)
HILLCREST	14.041	14.041	14.041	14.125	14.233	14.407	14.715	15.219	15.773	16.408	17.017	17.56	18.368	19.135	19.969	20.824	21.761	22.265	22.762	23.322	23.816	24.255	24.628	24.914	25.174	25.555	25.54	NPgY	Primary	NG FES - Electric Engagement	Total peak demand with ToUT (MW)
HOLBECK	14.565	16.984	16.984	16.97	17.055	17.182	17.394	17.618	17.779	17.992	18.205	18.377	18.666	18.973	19.3	19.634	20.002	20.214	20.412	20.66	20.874	21.067	21.236	21.372	21.492	21.673	21.673	NPgY	Primary	NG FES - Electric Engagement	Total peak demand with ToUT (MW)
HOLDERNESS	13.258	13.41	13.41	13.669	13.916	14.191	14.647	15.459	16.366	17.334	18.377	19.493	20.764	22.046	23.335	24.65	25.903	26.561	27.237	27.966	28.607	29.157	29.61	29.977	30.316	30.852	30.877	NPgY	Primary	NG FES - Electric Engagement	Total peak demand with ToUT (MW)
HOLME UPON SPALDING MOOR	6.652	6.941	6.941	7.051	7.164	7.275	7.452	7.694	7.931	8.183	8.566	9.125	9.609	10.12	10.546	10.969	11.207	11.272	11.331	11.403	11.459	11.493	11.503	11.512	11.53	11.611	11.649	NPgY	Primary	NG FES - Electric Engagement	Total peak demand with ToUT (MW)
HONLEY	11.493	11.493	11.493	11.528	11.579	11.66	11.823	12.076	12.359	12.649	12.933	13.21	13.563	13.872	14.187	14.496	14.816	14.966	15.109	15.274	15.41	15.522	15.611	15.666	15.717	15.801	15.785	NPgY	Primary	NG FES - Electric Engagement	Total peak demand with ToUT (MW)
HOPE	4.893	4.893	4.893	4.915	4.933	4.954	5.008	5.1	5.211	5.315	5.439	5.594	5.757	5.894	6.015	6.13	6.204	6.208	6.211	6.227	6.235	6.228	6.211	6.186	6.166	6.156	6.141	NPgY	Primary	NG FES - Electric Engagement	Total peak demand with ToUT (MW)
HORBURY	10.482	11.717	11.717	11.97	12.218	12.496	12.915	13.587	14.335	15.103	15.852	16.555	17.445	18.301	19.216	20.142	21.097	21.618	22.15	22.731	23.243	23.693	24.075	24.381	24.669	25.078	25.114	NPgY	Primary	NG FES - Electric Engagement	Total peak demand with ToUT (MW)
HOUGHTON MAIN	6.848	6.848	6.848	7.178	7.492	7.774	8.206	8.763	9.291	9.846	10.493	11.217	11.962	12.725	13.487	14.24	14.717	14.895	15.071	15.287	15.462	15.585	15.66	15.714	15.77	15.932	15.961	NPgY	Primary	NG FES - Electric Engagement	Total peak demand with ToUT (MW)
HULL EAST 33/11KV	11.834	11.834	11.834	12.047	12.298	12.578	12.991	13.626	14.304	15.023	15.762	16.473	17.244	18.064	18.907	19.746	20.517	20.976	21.434	21.893	22.293	22.64	22.931	23.177	23.406	23.75	23.788	NPgY	Primary	NG FES - Electric Engagement	Total peak demand with ToUT (MW)
HUMBER ROAD	9.68	9.68	9.68	9.693	9.712	9.737	9.772	9.81	9.851	9.893	9.938	9.985	10.035	10.087	10.14	10.194	10.25	10.306	10.363	10.421	10.479	10.537	10.595	10.653	10.71	10.767	10.823	NPgY	Primary	NG FES - Electric Engagement	Total peak demand with ToUT (MW)
HUNMANBY	7.104	7.104	7.104	7.183	7.261	7.346	7.498	7.686	7.874	8.057	8.271	8.538	8.827	9.077	9.305	9.524	9.654	9.663	9.669	9.728	9.773	9.802	9.818	9.818	9.824	9.854	9.866	NPgY	Primary	NG FES - Electric Engagement	Total peak demand with ToUT (MW)
ICI FIBRES	7.425	8.025	8.025	8.113	8.199	8.305	8.487	8.749	9.019	9.312	9.598	9.852	10.193	10.538	10.916	11.301	11.72	11.964	12.215	12.483	12.716	12.923	13.102	13.252	13.391	13.587	13.61	NPgY	Primary	NG FES - Electric Engagement	Total peak demand with ToUT (MW)
IDLE	11.856	11.856	11.856	12.025	12.243	12.504	12.928	13.561	14.234	14.935	15.59	16.152	16.942	17.719	18.567	19.429	20.367	20.894	21.427	22.008	22.516	22.968	23.36	23.673	23.966	24.385	24.399	NPgY	Primary	NG FES - Electric Engagement	Total peak demand with ToUT (MW)
ILKLEY	12.539	12.539	12.539	12.698	12.896	13.122	13.509	14.072	14.654	15.263	15.889	16.509	17.302	18.081	18.911	19.752	20.539	20.91	21.277	21.7	22.061	22.364	22.608	22.797	22.975	23.279	23.282	NPgY	Primary	NG FES - Electric Engagement	Total peak demand with ToUT (MW)
INGS LANE	5.89	6.33	6.33	6.4	6.482	6.567	6.717	6.923	7.121	7.334	7.593	7.906	8.223	8.551	8.891	9.226	9.494	9.613	9.728	9.854	9.953	10.013	10.051	10.08	10.106	10.182	10.194	NPgY	Primary	NG FES - Electric Engagement	Total peak demand with ToUT (MW)
IVESON HOUSE	12.589	12.589	12.589	12.769	12.97	13.224	13.65	14.259	14.887	15.575	16.231	16.811	17.65	18.463	19.328	20.21	21.169	21.681	22.194	22.796	23.319	23.785	24.184	24.501	24.797	25.227	25.244	NPgY	Primary	NG FES - Electric Engagement	Total peak demand with ToUT (MW)
JARRATT STREET	16.484	16.695	16.695	16.78	16.883	17.029	17.292	17.603	17.905	18.254	18.593	18.891	19.291	19.693	20.131	20.567	21.028	21.316	21.599	21.895	22.151	22.383	22.589	22.762	22.923	23.14	23.188	NPgY	Primary	NG FES - Electric Engagement	Total peak demand with ToUT (MW)
KEDDINGTON ROAD	7.985	7.985	7.985	8.223	8.454	8.705	9.094	9.585	10.072	10.587	11.275	12.212	13.126	14.011	14.639	15.249	15.737	15.939	16.145	16.404	16.621	16.801	16.94	17.051	17.166	17.387	17.437	NPgY	Primary	NG FES - Electric Engagement	Total peak demand with ToUT (MW)
KEIGHLEY	13.203	14.103	14.103	14.071	14.106	14.166	14.307	14.538	14.769	15.036	15.292	15.505	15.818	16.155	16.535	16.927	17.361	17.617	17.872	18.134	18.357	18.555	18.724	18.857	18.971	19.152	19.122	NPgY	Primary	NG FES - Electric Engagement	Total peak demand with ToUT (MW)
KENMORE ROAD	16.977	18.412	18.412	18.514	18.643	18.809	19.05	19.31	19.569	19.836	20.108	20.391	20.739	21.027	21.322	21.601	21.867	22.013	22.147	22.306	22.444	22.566	22.675	22.759	22.845	22.942	23.01	NPgY	Primary	NG FES - Electric Engagement	Total peak demand with ToUT (MW)
KILLINGHALL ROAD	0.796	0.796	0.796	0.795	0.796	0.798	0.805	0.826	0.85	0.876	0.901	0.923	0.952	0.982	1.017	1.051	1.091	1.113	1.135	1.158	1.179	1.196	1.211	1.223	1.232	1.248	1.245	NPgY	Primary	NG FES - Electric Engagement	Total peak demand with ToUT (MW)
KILNHURST	15.048	15.048	15.048	15.534	15.984	16.492	17.262	18.356	19.517	20.765	21.968	23.07	24.484	25.837	27.248	28.659	30.147	30.973	31.813	32.736	33.537	34.237	34.836	35.319	35.776	36.423	36.489	NPgY	Primary	NG FES - Electric Engagement	Total peak demand with ToUT (MW)
KING GEORGE DOCK	8.964	8.964	8.964	8.988	9.061	9.186	9.373	9.613	9.878	10.157	10.441	10.705	10.952	11.189	11.413	11.603	11.765	11.874	11.963	12.028	12.068	12.091	12.098	12.093	12.081	12.078	12.039	NPgY	Primary	NG FES - Electric Engagement	Total peak demand with ToUT (MW)
KIRK DRIVE	10.65	10.65	10.65	10.676	10.759	10.863	11.044	11.361	11.695	12.055	12.397	12.69	13.086	13.502	13.964	14.437	14.957	15.26	15.568	15.886	16.163	16.407	16.615	16.782	16.93	17.155	17.136	NPgY	Primary	NG FES - Electric Engagement	Total peak demand with ToUT (MW)
KIRK SANDALL	9.666	11.616	11.616	11.938	12.349	12.843	13.496	14.339	15.235	16.168	17.085	17.922	18.812	19.695	20.579	21.411	22.215	22.743	23.246	23.727	24.131	24.475	24.766	25.001	25.214	25.504	25.533	NPgY	Primary	NG FES - Electric Engagement	Total peak demand with ToUT (MW)
KIRKBURN	8.67	8.67	8.67	8.747	8.828	8.922	9.063	9.285	9.541	9.798	10.227	10.913	11.483	12.028	12.306	12.561	12.722	12.772	12.82	12.881	12.936	12.976	12.997	13.014	13.035	13.102	13.14	NPgY	Primary	NG FES - Electric Engagement	Total peak demand with ToUT (MW)
KIVETON PARK	8.875	9.365	9.365	9.688	9.984	10.249	10.66	11.274	11.898	12.548	13.362	14.372	15.354	16.36	17.365	18.374	18.975	19.151	19.319	19.538	19.719	19.842	19.901	19.941	19.982	20.158	20.191	NPgY	Primary	NG FES - Electric Engagement	Total peak demand with ToUT (MW)
LEA ROAD	9.145	9.145	9.145	9.359	9.579	9.82	10.192	10.612	10.998	11.419	11.855	12.295	12.834	13.363	13.901	14.434	14.952	15.239	15.527	15.836	16.1	16.33	16.53	16.698	16.864	17.105	17.164	NPgY	Primary	NG FES - Electric Engagement	Total peak demand with ToUT (MW)
LEASOWE ROAD	10.679	11.429	11.429	11.697	12.089	12.594	13.278	14.122	15.002	15.93	16.845	17.658	18.516	19.373	20.217	20.993	21.735	22.236	22.69	23.121	23.468	23.759	23.997	24.184	24.345	24.578	24.569	NPgY	Primary	NG FES - Electric Engagement	Total peak demand with ToUT (MW)
LEDSTON	14.88	14.88	14.88	15.123	15.382	15.67	16.166	16.864	17.569	18.296	19.043	19.769	20.643	21.53	22.446	23.363	24.21	24.629	25.054	25.559	25.982	26.34	26.631	26.862	27.077	27.438	27.44	NPgY	Primary	NG FES - Electric Engagement	Total peak demand with ToUT (MW)
LEEDS ROAD	6.551	6.551	6.551	6.686	6.814	6.942	7.177	7.517	7.89	8.272	8.826	9.622	10.328	11.044	11.644	12.242	12.565	12.658	12.748	12.863	12.953	13.001	13.016	13.019	13.018	13.101	13.12	NPgY	Primary	NG FES - Electric Engagement	Total peak demand with ToUT (MW)
LEGRAMS MILL LANE	9.4	9.4	9.4	9.4	9.445	9.51	9.634	9.887	10.169	10.475	10.763	11.002	11.338	11.686	12.076	12.477	12.921	13.181	13.444	13.715	13.951	14.16	14.337	14.477	14.6	14.787	14.756	NPgY	Primary	NG FES - Electric Engagement	Total peak demand with ToUT (MW)
LEYLANDS ROAD	13.14	14.14	14.14	14.026	13.964	13.928	13.932	13.872	13.765	13.677	13.609	13.557	13.545	13.531	13.514	13.502	13.497	13.472	13.437	13.442	13.444	13.449	13.453	13.451	13.445	13.445	13.439	NPgY	Primary	NG FES - Electric Engagement	Total peak demand with ToUT (MW)
LIVERSEDGE	9.485	10.342	10.342	10.369	10.422	10.491	10.631	10.919	11.242	11.591	11.921	12.196	12.563	12.96	13.394	13.843	14.338	14.632	14.935	15.248	15.522	15.763	15.971	16.142	16.293	16.521	16.502	NPgY	Primary	NG FES - Electric Engagement	Total peak demand with ToUT (MW)
LOUTH	13.495	13.707	13.707	13.946	14.192	14.471	14.895	15.411	15.924	16.476	17.106	17.836	18.626	19.391	20.041	20.678	21.255	21.563	21.872	22.224	22.531	22.799	23.03	23.224	23.417	23.699	23.786	NPgY	Primary	NG FES - Electric Engagement	Total peak demand with ToUT (MW)
LOW MOOR	12.916	12.916	12.916	13.032	13.237	13.51	13.901	14.464	15.081	15.717	16.346	16.92	17.537	18.147	18.768	19.355	19.937	20.3	20.644	20.965	21.227	21.444	21.617	21.744	21.85	22.017	21.977	NPgY	Primary	NG FES - Electric Engagement	Total peak demand with ToUT (MW)
LOWFIELDS	4.546	4.546	4.546	4.499	4.457	4.42	4.392	4.364	4.339	4.317	4.298	4.282	4.268	4.254	4.242	4.23	4.219	4.205	4.19	4.178	4.164	4.15	4.138	4.123	4.108	4.095	4.079	NPgY	Primary	NG FES - Electric Engagement	Total peak demand with ToUT (MW)
LOXLEY ROAD	2	2	2	2.076	2.154	2.248	2.415	2.582	2.788	3.014	3.251	3.499	3.746	3.99	4.223	4.454	4.665	4.818	4.964	5.088	5.204	5.311	5.415	5.499	5.569	5.648	5.696	NPgY	Primary	NG FES - Electric Engagement	Total peak demand with ToUT (MW)
MANCHESTER ROAD	8.81	8.81	8.81	8.741	8.714	8.705	8.732	8.747	8.749	8.765	8.783	8.798	8.846	8.894	8.957	9.024	9.097	9.136	9.17	9.205	9.234	9.26	9.284	9.298	9.306	9.325	9.315	NPgY	Primary	NG FES - Electric Engagement	Total peak demand with ToUT (MW)
MANSFIELD ROAD 1	11.18	11.18	11.18	11.338	11.502	11.704	12.001	12.423	12.889	13.333	13.768	14.225	14.831	15.296	15.77	16.232	16.706	16.879	17.044	17.272	17.464	17.623	17.744	17.808	17.873	17.974	17.968	NPgY	Primary	NG FES - Electric Engagement	Total peak demand with ToUT (MW)
MANSFIELD ROAD 2	11.17	11.17	11.17	11.17	11.17	11.17	11.17	11.17	11.17	11.17	11.17	11.17	11.17	11.17	11.17	11.17	11.17	11.17	11.17	11.17	11.17	11.17	11.17	11.17	11.17	11.17	11.17	NPgY	Primary	NG FES - Electric Engagement	Total peak demand with ToUT (MW)
MARKHAM GATES	12.808	12.808	12.808	13.165	13.48	13.844	14.423	15.265	16.166	17.105	18.025	18.894	20.006	21.081	22.236	23.401	24.592	25.237	25.897	26.626	27.263	27.822	28.299	28.683	29.046	29.57	29.622	NPgY	Primary	NG FES - Electric Engagement	Total peak demand with ToUT (MW)
MARMION ROAD	13.708	13.708	13.708	13.912	14.127	14.405	14.843	15.57	16.386	17.256	18.074	18.781	19.802	20.776	21.858	22.964	24.171	24.843	25.519	26.259	26.916	27.504	28.008	28.407	28.776	29.297	29.299	NPgY	Primary	NG FES - Electric Engagement	Total peak demand with ToUT (MW)
MARSDEN ROAD	15.848	15.848	15.848	15.784	15.756	15.761	15.84	16.013	16.209	16.431	16.635	16.797	17.07	17.335	17.626	17.926	18.262	18.425	18.586	18.767	18.92	19.053	19.161	19.236	19.301	19.418	19.36	NPgY	Primary	NG FES - Electric Engagement	Total peak demand with ToUT (MW)
MARTONGATE	11.523	11.885	11.885	12.171	12.457	12.776	13.273	14.013	14.794	15.626	16.499	17.413	18.512	19.58	20.68	21.795	22.802	23.285	23.772	24.331	24.818	25.235	25.578	25.848	26.129	26.564	26.62	NPgY	Primary	NG FES - Electric Engagement	Total peak demand with ToUT (MW)
MELTHAM	8.139	8.339	8.339	8.551	8.757	8.974	9.293	9.699	10.125	10.534	10.973	11.482	12.069	12.551	13.022	13.478	13.82	13.903	13.979	14.114	14.221	14.288	14.327	14.332	14.35	14.406	14.427	NPgY	Primary	NG FES - Electric Engagement	Total peak demand with ToUT (MW)
MEXBOROUGH 1_2	18.667	18.967	18.967	19.361	19.742	20.175	20.866	21.873	22.938	24.048	25.146	26.181	27.455	28.718	30.058	31.403	32.768	33.54	34.325	35.17	35.903	36.547	37.098	37.548	37.972	38.585	38.647	NPgY	Primary	NG FES - Electric Engagement	Total peak demand with ToUT (MW)
MIDDLETON TOWN STREET	17.75	17.9	17.9	18.012	18.182	18.414	18.834	19.385	19.911	20.502	21.07	21.556	22.261	22.979	23.737	24.504	25.338	25.796	26.249	26.779	27.232	27.63	27.97	28.242	28.492	28.87	28.87	NPgY	Primary	NG FES - Electric Engagement	Total peak demand with ToUT (MW)
MILLHOUSES	6.538	6.538	6.538	6.609	6.68	6.775	6.944	7.232	7.553	7.893	8.215	8.496	8.893	9.281	9.708	10.147	10.625	10.89	11.159	11.45	11.705	11.93	12.121	12.271	12.41	12.612	12.608	NPgY	Primary	NG FES - Electric Engagement	Total peak demand with ToUT (MW)
MILLROYD STREET	11.303	11.649	11.649	11.823	12.027	12.284	12.692	13.323	14.024	14.782	15.506	16.155	17.016	17.838	18.691	19.548	20.468	20.976	21.483	22.047	22.54	22.974	23.343	23.633	23.901	24.284	24.292	NPgY	Primary	NG FES - Electric Engagement	Total peak demand with ToUT (MW)
MILTON PLACE	14.333	14.333	14.333	14.674	15.045	15.474	16.11	16.949	17.818	18.744	19.638	20.445	21.5	22.516	23.59	24.661	25.77	26.397	27.029	27.721	28.327	28.865	29.332	29.711	30.073	30.575	30.638	NPgY	Primary	NG FES - Electric Engagement	Total peak demand with ToUT (MW)
MIRFIELD	15.166	15.166	15.166	15.395	15.641	15.933	16.407	17.17	18.008	18.889	19.727	20.479	21.487	22.457	23.49	24.537	25.665	26.279	26.905	27.592	28.191	28.716	29.163	29.515	29.842	30.318	30.32	NPgY	Primary	NG FES - Electric Engagement	Total peak demand with ToUT (MW)
MONCKTON	9.136	9.432	9.432	9.906	10.361	10.759	11.378	12.197	12.969	13.779	14.692	15.671	16.718	17.807	18.922	20.035	20.795	21.102	21.412	21.789	22.102	22.341	22.509	22.641	22.774	23.074	23.117	NPgY	Primary	NG FES - Electric Engagement	Total peak demand with ToUT (MW)
MOOR ROAD	17.29	17.29	17.29	17.39	17.524	17.743	18.14	18.691	19.253	19.92	20.541	21.048	21.901	22.704	23.572	24.459	25.434	25.938	26.433	27.035	27.56	28.032	28.437	28.752	29.047	29.478	29.463	NPgY	Primary	NG FES - Electric Engagement	Total peak demand with ToUT (MW)
MOORSIDE ROAD	13.366	13.366	13.366	13.59	13.893	14.25	14.829	15.591	16.344	17.127	17.87	18.514	19.438	20.355	21.365	22.388	23.5	24.125	24.754	25.448	26.042	26.569	27.021	27.388	27.73	28.231	28.263	NPgY	Primary	NG FES - Electric Engagement	Total peak demand with ToUT (MW)
MORLEY	11.864	12.029	12.029	12.232	12.48	12.796	13.299	13.916	14.522	15.18	15.802	16.332	17.062	17.775	18.507	19.229	19.993	20.418	20.832	21.319	21.732	22.097	22.411	22.661	22.897	23.237	23.259	NPgY	Primary	NG FES - Electric Engagement	Total peak demand with ToUT (MW)
MOUNT STREET	10.223	10.223	10.223	10.222	10.273	10.365	10.522	10.75	11.006	11.282	11.555	11.8	12.071	12.338	12.612	12.869	13.125	13.286	13.432	13.566	13.672	13.758	13.826	13.87	13.905	13.964	13.929	NPgY	Primary	NG FES - Electric Engagement	Total peak demand with ToUT (MW)
MYTHOLMROYD	6.562	6.562	6.562	6.73	6.89	7.002	7.201	7.57	7.951	8.347	8.876	9.562	10.186	10.872	11.542	12.223	12.672	12.822	12.97	13.128	13.228	13.201	13.125	13.051	12.975	13.009	12.99	NPgY	Primary	NG FES - Electric Engagement	Total peak demand with ToUT (MW)
NAB LANE	9.92	9.92	9.92	9.991	10.112	10.267	10.51	10.867	11.238	11.638	12.025	12.362	12.771	13.195	13.64	14.079	14.543	14.824	15.102	15.381	15.617	15.821	15.992	16.129	16.25	16.433	16.419	NPgY	Primary	NG FES - Electric Engagement	Total peak demand with ToUT (MW)
NABWOOD	10.661	10.661	10.661	10.652	10.68	10.729	10.834	11	11.168	11.34	11.523	11.729	12.005	12.246	12.506	12.771	13.028	13.127	13.218	13.333	13.427	13.5	13.552	13.577	13.597	13.65	13.631	NPgY	Primary	NG FES - Electric Engagement	Total peak demand with ToUT (MW)
NATIONAL AVENUE	7.035	7.035	7.035	7.077	7.107	7.163	7.285	7.605	8.012	8.44	8.839	9.18	9.642	10.099	10.599	11.113	11.682	12.006	12.338	12.688	12.996	13.27	13.501	13.684	13.849	14.09	14.061	NPgY	Primary	NG FES - Electric Engagement	Total peak demand with ToUT (MW)
NEW DROPPINGWELL ROAD	7.912	7.912	7.912	8.054	8.192	8.346	8.59	9.03	9.533	10.062	10.565	11.018	11.608	12.187	12.81	13.446	14.137	14.529	14.932	15.366	15.752	16.094	16.389	16.628	16.85	17.162	17.177	NPgY	Primary	NG FES - Electric Engagement	Total peak demand with ToUT (MW)
NEW ORCHARD LANE	11.579	12.061	12.061	12.543	13.046	13.565	14.316	15.244	16.151	17.128	18.17	19.225	20.33	21.442	22.548	23.614	24.392	24.801	25.195	25.619	25.969	26.256	26.478	26.655	26.824	27.121	27.183	NPgY	Primary	NG FES - Electric Engagement	Total peak demand with ToUT (MW)
NEWHALL ROAD	14.175	15.225	15.225	15.119	15.042	14.989	14.986	15.043	15.122	15.221	15.316	15.394	15.512	15.636	15.777	15.92	16.079	16.158	16.237	16.315	16.377	16.428	16.467	16.487	16.501	16.54	16.487	NPgY	Primary	NG FES - Electric Engagement	Total peak demand with ToUT (MW)
NEWPORT 1	8.295	8.691	8.691	8.854	9.016	9.177	9.429	9.767	10.106	10.459	10.937	11.583	12.177	12.785	13.351	13.914	14.236	14.319	14.39	14.483	14.556	14.598	14.608	14.613	14.633	14.725	14.765	NPgY	Primary	NG FES - Electric Engagement	Total peak demand with ToUT (MW)
NEWPORT 2	0	0	0	0	0	0	0	0	0	0	0	0	0	0	0	0	0	0	0	0	0	0	0	0	0	0	0	NPgY	Primary	NG FES - Electric Engagement	Total peak demand with ToUT (MW)
NINELANDS LANE	14.973	16.098	16.098	16.299	16.517	16.779	17.188	17.698	18.235	18.737	19.245	19.782	20.447	20.984	21.498	21.987	22.44	22.588	22.722	22.959	23.149	23.299	23.413	23.474	23.54	23.648	23.667	NPgY	Primary	NG FES - Electric Engagement	Total peak demand with ToUT (MW)
NORFOLK PARK	8.248	8.248	8.248	8.573	8.937	9.344	9.938	10.641	11.305	12.007	12.662	13.206	13.973	14.739	15.578	16.416	17.308	17.833	18.356	18.926	19.418	19.858	20.242	20.559	20.861	21.285	21.333	NPgY	Primary	NG FES - Electric Engagement	Total peak demand with ToUT (MW)
NORMANBY	4.45	4.45	4.45	4.605	4.749	4.885	5.093	5.367	5.638	5.916	6.318	6.897	7.423	7.944	8.355	8.759	9.015	9.089	9.158	9.246	9.315	9.351	9.363	9.371	9.382	9.456	9.49	NPgY	Primary	NG FES - Electric Engagement	Total peak demand with ToUT (MW)
NORMANTON	16.487	17.237	17.237	17.619	18.087	18.643	19.413	20.352	21.308	22.306	23.282	24.156	25.137	26.109	27.101	28.042	28.961	29.56	30.133	30.705	31.187	31.606	31.967	32.266	32.548	32.925	33.002	NPgY	Primary	NG FES - Electric Engagement	Total peak demand with ToUT (MW)
NORTH AVENUE	10.647	10.647	10.647	10.833	11.02	11.239	11.61	12.204	12.853	13.524	14.241	15.001	15.888	16.767	17.635	18.513	19.344	19.752	20.164	20.64	21.047	21.39	21.669	21.885	22.087	22.423	22.425	NPgY	Primary	NG FES - Electric Engagement	Total peak demand with ToUT (MW)
NORTH THORESBY	3.24	3.24	3.24	3.44	3.644	3.873	4.242	4.643	5.105	5.608	6.266	7.147	7.94	8.736	9.404	10.067	10.505	10.781	11.048	11.298	11.538	11.763	11.975	12.161	12.33	12.551	12.726	NPgY	Primary	NG FES - Electric Engagement	Total peak demand with ToUT (MW)
NORWOOD	13.864	14.114	14.114	14.43	14.746	15.098	15.649	16.432	17.243	18.099	19.087	20.258	21.517	22.753	23.901	25.051	26.01	26.446	26.887	27.398	27.838	28.209	28.505	28.74	29.002	29.43	29.509	NPgY	Primary	NG FES - Electric Engagement	Total peak demand with ToUT (MW)
OAKES ROAD	12.342	12.342	12.342	12.576	12.839	13.151	13.657	14.299	14.928	15.627	16.29	16.87	17.699	18.494	19.331	20.171	21.071	21.557	22.043	22.593	23.061	23.47	23.82	24.096	24.359	24.748	24.766	NPgY	Primary	NG FES - Electric Engagement	Total peak demand with ToUT (MW)
OAKWOOD LANE	7.822	7.822	7.822	7.932	8.086	8.275	8.586	8.931	9.219	9.565	9.907	10.209	10.674	11.147	11.647	12.157	12.715	13.023	13.323	13.686	13.995	14.271	14.509	14.702	14.881	15.146	15.172	NPgY	Primary	NG FES - Electric Engagement	Total peak demand with ToUT (MW)
ODSAL	14.22	14.22	14.22	14.259	14.357	14.486	14.721	15.158	15.647	16.162	16.657	17.091	17.647	18.224	18.852	19.493	20.19	20.598	21.012	21.436	21.805	22.128	22.401	22.619	22.81	23.099	23.067	NPgY	Primary	NG FES - Electric Engagement	Total peak demand with ToUT (MW)
OLYMPIA MILLS	16.22	16.22	16.22	16.64	17.07	17.535	18.212	19.053	19.897	20.773	21.87	23.289	24.707	26.054	27.26	28.438	29.338	29.694	30.032	30.448	30.808	31.104	31.332	31.515	31.706	32.038	32.189	NPgY	Primary	NG FES - Electric Engagement	Total peak demand with ToUT (MW)
ORGREAVE	7.786	7.786	7.786	7.878	7.983	8.087	8.279	8.512	8.712	8.947	9.183	9.395	9.659	9.956	10.268	10.583	10.893	11.063	11.237	11.424	11.581	11.714	11.827	11.925	12.016	12.165	12.182	NPgY	Primary	NG FES - Electric Engagement	Total peak demand with ToUT (MW)
OUTWOOD	12.076	12.076	12.076	12.402	12.778	13.207	13.894	14.65	15.313	16.028	16.692	17.225	17.967	18.736	19.549	20.342	21.182	21.676	22.173	22.739	23.208	23.621	23.984	24.292	24.591	25.028	25.082	NPgY	Primary	NG FES - Electric Engagement	Total peak demand with ToUT (MW)
PARK HILL	10.902	10.902	10.902	10.958	11.076	11.229	11.477	11.747	11.983	12.236	12.478	12.672	12.93	13.198	13.497	13.782	14.076	14.259	14.431	14.604	14.746	14.869	14.976	15.062	15.14	15.261	15.262	NPgY	Primary	NG FES - Electric Engagement	Total peak demand with ToUT (MW)
PARK ROAD	14.857	14.857	14.857	14.929	15.071	15.261	15.565	16.029	16.525	17.063	17.585	18.05	18.617	19.186	19.784	20.374	20.994	21.361	21.721	22.082	22.388	22.652	22.872	23.041	23.188	23.414	23.381	NPgY	Primary	NG FES - Electric Engagement	Total peak demand with ToUT (MW)
PARK STREET	10.312	10.312	10.312	10.541	10.794	11.08	11.486	12.112	12.802	13.539	14.25	14.89	15.686	16.476	17.307	18.141	19.022	19.544	20.072	20.627	21.119	21.554	21.931	22.241	22.529	22.927	22.963	NPgY	Primary	NG FES - Electric Engagement	Total peak demand with ToUT (MW)
PASTURE ROAD SOUTH	13.901	13.901	13.901	14.149	14.428	14.725	15.154	15.659	16.128	16.638	17.128	17.552	18.07	18.638	19.239	19.842	20.467	20.902	21.345	21.803	22.208	22.578	22.917	23.227	23.524	23.909	24.048	NPgY	Primary	NG FES - Electric Engagement	Total peak demand with ToUT (MW)
PATRINGTON ROAD	7.047	7.047	7.047	7.254	7.442	7.602	7.846	8.268	8.727	9.187	9.866	10.848	11.718	12.604	13.442	14.291	14.674	14.723	14.764	14.842	14.907	14.927	14.898	14.864	14.838	14.92	14.947	NPgY	Primary	NG FES - Electric Engagement	Total peak demand with ToUT (MW)
PENISTONE	12.21	12.21	12.21	12.524	12.817	13.134	13.651	14.268	14.844	15.473	16.118	16.753	17.518	18.288	19.054	19.812	20.526	20.894	21.269	21.696	22.051	22.351	22.605	22.816	23.025	23.355	23.41	NPgY	Primary	NG FES - Electric Engagement	Total peak demand with ToUT (MW)
PENISTONE ROAD	9.18	10.57	10.57	10.528	10.512	10.516	10.562	10.652	10.752	10.869	10.98	11.067	11.198	11.337	11.499	11.662	11.842	11.949	12.053	12.157	12.247	12.327	12.394	12.447	12.49	12.561	12.54	NPgY	Primary	NG FES - Electric Engagement	Total peak demand with ToUT (MW)
PLANGEO	13	13.45	13.45	13.611	13.793	14.03	14.492	15.04	15.516	16.151	16.727	17.15	17.828	18.559	19.342	20.136	21.012	21.544	22.076	22.648	23.137	23.578	23.969	24.298	24.607	25.062	25.086	NPgY	Primary	NG FES - Electric Engagement	Total peak demand with ToUT (MW)
POLLINGTON	6.369	6.369	6.369	6.55	6.729	6.911	7.185	7.538	7.894	8.258	8.741	9.387	9.987	10.58	11.116	11.64	11.942	12.02	12.085	12.175	12.246	12.286	12.296	12.3	12.317	12.399	12.438	NPgY	Primary	NG FES - Electric Engagement	Total peak demand with ToUT (MW)
PONTEFRACT LANE 1/2	13.118	13.868	13.868	13.953	14.152	14.444	14.838	15.248	15.655	16.089	16.551	17.016	17.461	17.863	18.226	18.527	18.772	18.929	19.035	19.125	19.173	19.195	19.193	19.168	19.13	19.092	19.063	NPgY	Primary	NG FES - Electric Engagement	Total peak demand with ToUT (MW)
POOL	7.683	7.683	7.683	7.669	7.662	7.669	7.719	7.821	7.937	8.064	8.222	8.419	8.62	8.824	9.025	9.228	9.369	9.415	9.46	9.512	9.553	9.577	9.589	9.591	9.59	9.619	9.598	NPgY	Primary	NG FES - Electric Engagement	Total peak demand with ToUT (MW)
PRINCE OF WALES	12.844	16.376	16.376	16.724	17.1	17.51	18.168	18.895	19.535	20.237	20.956	21.652	22.533	23.421	24.353	25.277	26.148	26.619	27.09	27.626	28.076	28.468	28.806	29.087	29.362	29.78	29.864	NPgY	Primary	NG FES - Electric Engagement	Total peak demand with ToUT (MW)
PROSPECT ROAD	10.66	11.41	11.41	11.54	11.674	11.848	12.154	12.601	13.088	13.615	14.115	14.557	15.175	15.761	16.379	17.004	17.675	18.034	18.397	18.801	19.151	19.459	19.72	19.924	20.115	20.394	20.389	NPgY	Primary	NG FES - Electric Engagement	Total peak demand with ToUT (MW)
QUEENS ROAD	17.465	23.966	23.966	24.084	24.308	24.642	25.114	25.738	26.436	27.154	27.887	28.586	29.261	29.901	30.511	31.047	31.515	31.815	32.069	32.277	32.425	32.527	32.59	32.612	32.62	32.653	32.586	NPgY	Primary	NG FES - Electric Engagement	Total peak demand with ToUT (MW)
QUEENSBURY	14.049	14.049	14.049	14.314	14.623	14.985	15.56	16.47	17.464	18.493	19.46	20.3	21.41	22.508	23.674	24.851	26.125	26.846	27.584	28.388	29.088	29.705	30.233	30.661	31.058	31.632	31.643	NPgY	Primary	NG FES - Electric Engagement	Total peak demand with ToUT (MW)
RAWCLIFFE	2.704	3.204	3.204	3.296	3.385	3.487	3.651	3.844	4.068	4.309	4.591	4.927	5.256	5.578	5.864	6.145	6.378	6.52	6.659	6.794	6.917	7.025	7.125	7.208	7.286	7.387	7.452	NPgY	Primary	NG FES - Electric Engagement	Total peak demand with ToUT (MW)
RAWDON	12.207	12.207	12.207	12.368	12.544	12.764	13.15	13.712	14.302	14.926	15.527	16.068	16.805	17.534	18.304	19.085	19.922	20.373	20.83	21.355	21.808	22.205	22.543	22.812	23.06	23.431	23.437	NPgY	Primary	NG FES - Electric Engagement	Total peak demand with ToUT (MW)
RAWMARSH ROAD 1_2	20.72	21.795	21.795	21.951	22.14	22.379	22.723	23.116	23.506	23.943	24.384	24.849	25.464	25.962	26.461	26.948	27.442	27.674	27.893	28.165	28.403	28.614	28.793	28.919	29.046	29.2	29.265	NPgY	Primary	NG FES - Electric Engagement	Total peak demand with ToUT (MW)
RAWMARSH ROAD 3_4	23.75	24.2	24.2	24.287	24.425	24.605	24.89	25.348	25.849	26.411	26.953	27.439	28.057	28.681	29.349	30.027	30.754	31.218	31.68	32.154	32.582	32.972	33.317	33.609	33.878	34.229	34.297	NPgY	Primary	NG FES - Electric Engagement	Total peak demand with ToUT (MW)
RAWSON ROAD	11.332	13.612	13.612	13.546	13.584	13.652	13.777	13.853	13.877	13.909	13.95	13.986	14.077	14.167	14.29	14.412	14.541	14.623	14.688	14.756	14.81	14.861	14.907	14.94	14.964	15.005	15.015	NPgY	Primary	NG FES - Electric Engagement	Total peak demand with ToUT (MW)
RAWSON SPRING ROAD	11.55	13.047	13.047	12.985	12.949	12.927	12.945	12.993	13.039	13.088	13.142	13.201	13.305	13.391	13.489	13.591	13.704	13.736	13.768	13.812	13.844	13.866	13.879	13.875	13.87	13.883	13.847	NPgY	Primary	NG FES - Electric Engagement	Total peak demand with ToUT (MW)
REVILL LANE	6.155	6.155	6.155	6.277	6.408	6.559	6.797	7.153	7.535	7.933	8.305	8.623	9.06	9.487	9.948	10.411	10.91	11.181	11.463	11.772	12.044	12.283	12.488	12.653	12.809	13.035	13.029	NPgY	Primary	NG FES - Electric Engagement	Total peak demand with ToUT (MW)
ROCKWARE	18.668	18.668	18.668	18.603	18.56	18.543	18.561	18.598	18.645	18.701	18.762	18.828	18.898	18.966	19.034	19.098	19.159	19.202	19.244	19.283	19.318	19.35	19.379	19.403	19.427	19.451	19.467	NPgY	Primary	NG FES - Electric Engagement	Total peak demand with ToUT (MW)
RODLEY LANE	13.649	14.021	14.021	14.176	14.358	14.587	14.987	15.576	16.184	16.833	17.451	17.989	18.756	19.512	20.32	21.142	22.039	22.525	23.017	23.584	24.073	24.503	24.871	25.165	25.438	25.841	25.843	NPgY	Primary	NG FES - Electric Engagement	Total peak demand with ToUT (MW)
ROMAN AVENUE	11.928	11.928	11.928	11.995	12.067	12.179	12.395	12.785	13.228	13.712	14.21	14.715	15.378	16.009	16.683	17.374	18.035	18.352	18.671	19.045	19.372	19.653	19.881	20.053	20.21	20.465	20.447	NPgY	Primary	NG FES - Electric Engagement	Total peak demand with ToUT (MW)
ROYDS LANE	14.567	14.567	14.567	14.92	15.307	15.73	16.4	17.323	18.261	19.23	20.207	21.132	22.226	23.339	24.493	25.638	26.693	27.24	27.792	28.415	28.94	29.385	29.749	30.042	30.319	30.768	30.778	NPgY	Primary	NG FES - Electric Engagement	Total peak demand with ToUT (MW)
SAINT ANDREWS ROAD 33/11KV	10.46	14.16	14.16	14.172	14.234	14.338	14.51	14.744	14.998	15.276	15.552	15.802	16.081	16.356	16.634	16.894	17.151	17.309	17.451	17.585	17.691	17.778	17.846	17.891	17.926	17.987	17.959	NPgY	Primary	NG FES - Electric Engagement	Total peak demand with ToUT (MW)
SAINT STREET	6.261	6.261	6.261	6.305	6.355	6.428	6.558	6.864	7.243	7.641	8.021	8.356	8.803	9.244	9.728	10.227	10.777	11.093	11.413	11.747	12.044	12.306	12.53	12.705	12.862	13.088	13.067	NPgY	Primary	NG FES - Electric Engagement	Total peak demand with ToUT (MW)
SALTERFORTH	11.084	11.084	11.084	11.217	11.336	11.455	11.69	12.153	12.681	13.223	13.821	14.472	15.182	15.907	16.659	17.423	18.081	18.377	18.676	19.001	19.262	19.429	19.54	19.613	19.677	19.855	19.815	NPgY	Primary	NG FES - Electric Engagement	Total peak demand with ToUT (MW)
SALTERHEBBLE	14.199	14.199	14.199	14.35	14.544	14.788	15.15	15.62	16.119	16.63	17.157	17.724	18.403	18.955	19.477	19.973	20.424	20.58	20.71	20.903	21.052	21.156	21.221	21.236	21.254	21.305	21.297	NPgY	Primary	NG FES - Electric Engagement	Total peak demand with ToUT (MW)
SALTSHOUSE ROAD	11.002	11.002	11.002	11.049	11.085	11.155	11.328	11.675	12.07	12.52	12.959	13.365	13.911	14.463	15.064	15.684	16.364	16.744	17.13	17.541	17.9	18.215	18.482	18.694	18.884	19.17	19.167	NPgY	Primary	NG FES - Electric Engagement	Total peak demand with ToUT (MW)
SANDHILL LANE	3.5	3.5	3.5	3.539	3.579	3.624	3.688	3.77	3.858	3.944	4.05	4.188	4.332	4.456	4.569	4.68	4.753	4.768	4.781	4.807	4.829	4.846	4.856	4.861	4.871	4.89	4.902	NPgY	Primary	NG FES - Electric Engagement	Total peak demand with ToUT (MW)
SAXON ROAD	12.11	12.11	12.11	12.252	12.411	12.617	12.954	13.523	14.165	14.85	15.48	15.997	16.757	17.487	18.294	19.114	20.012	20.515	21.025	21.581	22.073	22.512	22.889	23.189	23.467	23.863	23.838	NPgY	Primary	NG FES - Electric Engagement	Total peak demand with ToUT (MW)
SCARTHO	19.15	19.722	19.722	20.164	20.64	21.142	21.995	23.078	24.096	25.142	26.318	27.626	29.065	30.57	32.044	33.524	34.748	35.311	35.886	36.535	37.064	37.503	37.85	38.128	38.396	38.918	38.928	NPgY	Primary	NG FES - Electric Engagement	Total peak demand with ToUT (MW)
SCHOLES	10.37	10.37	10.37	10.616	10.857	11.123	11.553	12.173	12.82	13.494	14.216	14.995	15.885	16.755	17.638	18.522	19.31	19.655	19.999	20.397	20.721	20.964	21.147	21.281	21.412	21.669	21.666	NPgY	Primary	NG FES - Electric Engagement	Total peak demand with ToUT (MW)
SCISSETT	15.781	16.501	16.501	17.037	17.539	18.007	18.775	19.864	20.95	22.067	23.499	25.355	27.165	29.008	30.873	32.751	33.908	34.223	34.525	34.924	35.208	35.302	35.281	35.231	35.196	35.426	35.437	NPgY	Primary	NG FES - Electric Engagement	Total peak demand with ToUT (MW)
SCULCOATES A	24.575	25.175	25.175	25.027	24.963	24.948	25.037	25.246	25.457	25.761	26.038	26.233	26.573	26.945	27.365	27.8	28.29	28.574	28.852	29.136	29.379	29.593	29.775	29.912	30.026	30.222	30.144	NPgY	Primary	NG FES - Electric Engagement	Total peak demand with ToUT (MW)
SEACROFT	9.812	9.812	9.812	9.868	9.972	10.117	10.337	10.524	10.658	10.81	10.99	11.219	11.543	11.794	12.033	12.264	12.495	12.566	12.612	12.724	12.808	12.872	12.917	12.931	12.939	12.963	12.982	NPgY	Primary	NG FES - Electric Engagement	Total peak demand with ToUT (MW)
SEATON	14.065	14.665	14.665	15.085	15.483	15.85	16.427	17.274	18.144	19.034	20.266	21.961	23.502	25.085	26.584	28.088	28.891	29.079	29.251	29.482	29.656	29.72	29.699	29.666	29.667	29.869	29.943	NPgY	Primary	NG FES - Electric Engagement	Total peak demand with ToUT (MW)
SELBY	19.74	19.74	19.74	20.37	21.014	21.705	22.723	23.92	25.072	26.285	27.763	29.616	31.567	33.386	35.002	36.572	37.839	38.4	38.955	39.648	40.248	40.761	41.179	41.517	41.866	42.415	42.63	NPgY	Primary	NG FES - Electric Engagement	Total peak demand with ToUT (MW)
SELBY ROAD	14.904	18.804	18.804	18.993	19.194	19.448	19.893	20.564	21.273	22.022	22.748	23.405	24.298	25.179	26.11	27.056	28.07	28.612	29.163	29.799	30.348	30.832	31.242	31.568	31.87	32.319	32.328	NPgY	Primary	NG FES - Electric Engagement	Total peak demand with ToUT (MW)
SHARLSTON	8.6	8.6	8.6	8.997	9.409	9.791	10.371	11.122	11.83	12.593	13.463	14.405	15.442	16.519	17.646	18.781	19.566	19.915	20.275	20.701	21.065	21.364	21.593	21.781	21.964	22.316	22.359	NPgY	Primary	NG FES - Electric Engagement	Total peak demand with ToUT (MW)
SHEPCOTE TINSLEY	6.315	6.315	6.315	6.315	6.315	6.315	6.315	6.315	6.315	6.315	6.315	6.315	6.315	6.315	6.315	6.315	6.315	6.315	6.315	6.315	6.315	6.315	6.315	6.315	6.315	6.315	6.315	NPgY	Primary	NG FES - Electric Engagement	Total peak demand with ToUT (MW)
SHERBURN	14.179	16.115	16.115	16.56	17.077	17.622	18.411	19.219	19.91	20.663	21.531	22.476	23.382	24.345	25.332	26.264	26.879	27.201	27.485	27.777	28.001	28.175	28.307	28.43	28.555	28.786	28.921	NPgY	Primary	NG FES - Electric Engagement	Total peak demand with ToUT (MW)
SHIPLEY	9.223	9.223	9.223	9.31	9.451	9.626	9.917	10.307	10.693	11.112	11.516	11.876	12.397	12.913	13.485	14.067	14.699	15.054	15.406	15.79	16.123	16.418	16.672	16.874	17.059	17.331	17.346	NPgY	Primary	NG FES - Electric Engagement	Total peak demand with ToUT (MW)
SHIRLAND LANE	8.603	8.603	8.603	8.549	8.514	8.494	8.51	8.508	8.497	8.491	8.493	8.506	8.532	8.556	8.592	8.627	8.664	8.679	8.691	8.7	8.705	8.707	8.709	8.704	8.694	8.689	8.68	NPgY	Primary	NG FES - Electric Engagement	Total peak demand with ToUT (MW)
SILVER STREET	7.606	8.575	8.575	8.536	8.53	8.54	8.575	8.552	8.49	8.431	8.402	8.41	8.43	8.441	8.478	8.517	8.555	8.578	8.588	8.594	8.596	8.596	8.594	8.585	8.568	8.548	8.565	NPgY	Primary	NG FES - Electric Engagement	Total peak demand with ToUT (MW)
SILVERWOOD	10.23	11.529	11.529	11.802	12.04	12.315	12.743	13.416	14.169	14.958	15.706	16.387	17.276	18.111	18.986	19.866	20.8	21.302	21.821	22.4	22.912	23.365	23.755	24.068	24.367	24.782	24.822	NPgY	Primary	NG FES - Electric Engagement	Total peak demand with ToUT (MW)
SKILLINGS LANE	9.043	11.059	11.059	11.199	11.349	11.501	11.751	12.079	12.388	12.725	13.142	13.653	14.147	14.687	15.21	15.735	16.102	16.259	16.414	16.584	16.727	16.838	16.922	16.998	17.082	17.249	17.297	NPgY	Primary	NG FES - Electric Engagement	Total peak demand with ToUT (MW)
SKIPTON	13.967	13.967	13.967	14.149	14.386	14.646	15.071	15.58	16.039	16.547	17.099	17.692	18.404	19.106	19.907	20.705	21.44	21.84	22.237	22.678	23.055	23.373	23.645	23.866	24.08	24.397	24.486	NPgY	Primary	NG FES - Electric Engagement	Total peak demand with ToUT (MW)
SLAITHWAITE	8.535	8.685	8.685	8.794	8.904	9.033	9.235	9.523	9.84	10.146	10.462	10.806	11.222	11.56	11.894	12.218	12.507	12.602	12.691	12.816	12.912	12.972	13.008	13.014	13.025	13.064	13.057	NPgY	Primary	NG FES - Electric Engagement	Total peak demand with ToUT (MW)
SLEDMERE GARTH	4.569	4.569	4.569	4.662	4.788	4.935	5.174	5.412	5.59	5.812	6.032	6.221	6.515	6.821	7.14	7.461	7.801	7.986	8.167	8.39	8.577	8.742	8.885	9.003	9.116	9.286	9.305	NPgY	Primary	NG FES - Electric Engagement	Total peak demand with ToUT (MW)
SMITH STREET	6.65	7.01	7.01	7.167	7.337	7.531	7.836	8.253	8.682	9.129	9.561	9.946	10.439	10.937	11.465	11.995	12.563	12.897	13.236	13.603	13.92	14.199	14.442	14.642	14.829	15.094	15.123	NPgY	Primary	NG FES - Electric Engagement	Total peak demand with ToUT (MW)
SMITHY GREEN	4.665	4.665	4.665	4.86	5.075	5.326	5.67	6.111	6.572	7.058	7.532	7.965	8.472	8.964	9.466	9.953	10.449	10.753	11.049	11.352	11.611	11.835	12.027	12.181	12.324	12.521	12.542	NPgY	Primary	NG FES - Electric Engagement	Total peak demand with ToUT (MW)
SNAITHING PARK ROAD	12.638	12.638	12.638	12.751	12.863	13.023	13.315	13.832	14.447	15.095	15.712	16.263	17.015	17.734	18.516	19.316	20.183	20.667	21.153	21.676	22.14	22.554	22.909	23.188	23.44	23.797	23.798	NPgY	Primary	NG FES - Electric Engagement	Total peak demand with ToUT (MW)
SNELSINS LANE	10.09	10.351	10.351	10.403	10.487	10.591	10.794	11.139	11.504	11.901	12.27	12.56	12.956	13.393	13.87	14.355	14.89	15.216	15.552	15.898	16.197	16.459	16.686	16.875	17.047	17.307	17.285	NPgY	Primary	NG FES - Electric Engagement	Total peak demand with ToUT (MW)
SOUTH ELMSALL	18.161	18.461	18.461	18.722	19.057	19.437	19.979	20.657	21.332	22.046	22.807	23.576	24.369	25.195	26.035	26.85	27.52	27.939	28.341	28.741	29.083	29.382	29.635	29.853	30.055	30.351	30.431	NPgY	Primary	NG FES - Electric Engagement	Total peak demand with ToUT (MW)
SOUTH FERRIBY	4.164	4.359	4.359	4.555	4.747	4.925	5.177	5.534	5.904	6.28	6.798	7.508	8.157	8.808	9.416	10.023	10.328	10.409	10.484	10.589	10.675	10.727	10.745	10.755	10.769	10.858	10.894	NPgY	Primary	NG FES - Electric Engagement	Total peak demand with ToUT (MW)
SOUTH KIRKBY	10.538	10.538	10.538	11.043	11.577	12.082	12.819	13.779	14.706	15.665	16.748	17.92	19.139	20.384	21.657	22.911	23.761	24.135	24.5	24.92	25.272	25.553	25.756	25.914	26.067	26.388	26.446	NPgY	Primary	NG FES - Electric Engagement	Total peak demand with ToUT (MW)
SOUTH RESTON	3.403	3.403	3.403	3.624	3.852	4.117	4.545	4.982	5.49	6.053	6.71	7.494	8.245	8.995	9.637	10.27	10.827	11.238	11.641	12.012	12.363	12.692	13.018	13.303	13.566	13.865	14.098	NPgY	Primary	NG FES - Electric Engagement	Total peak demand with ToUT (MW)
SOUTH STREET	8.19	8.19	8.19	8.324	8.501	8.714	9.046	9.523	10.017	10.548	11.058	11.506	12.125	12.736	13.402	14.076	14.802	15.211	15.622	16.065	16.449	16.785	17.073	17.302	17.512	17.822	17.821	NPgY	Primary	NG FES - Electric Engagement	Total peak demand with ToUT (MW)
SOUTHGATE	5.193	5.413	5.413	5.559	5.704	5.857	6.08	6.343	6.609	6.867	7.153	7.487	7.844	8.155	8.444	8.721	8.918	8.967	9.006	9.072	9.124	9.162	9.183	9.19	9.231	9.296	9.344	NPgY	Primary	NG FES - Electric Engagement	Total peak demand with ToUT (MW)
SOUTHWOOD ROAD	11.256	11.756	11.756	12.065	12.391	12.752	13.315	14.043	14.762	15.534	16.328	17.127	18.084	19.033	19.972	20.909	21.814	22.289	22.773	23.311	23.77	24.17	24.509	24.784	25.085	25.527	25.604	NPgY	Primary	NG FES - Electric Engagement	Total peak demand with ToUT (MW)
SOWERBY BRIDGE 33/11KV	16	16	16	16.268	16.543	16.82	17.294	18.083	18.928	19.821	20.848	22.037	23.295	24.567	25.81	27.066	28.119	28.546	28.964	29.451	29.834	30.056	30.187	30.27	30.344	30.605	30.589	NPgY	Primary	NG FES - Electric Engagement	Total peak demand with ToUT (MW)
SPARK MILL LANE	16.997	16.997	16.997	17.321	17.667	18.051	18.685	19.435	20.126	20.891	21.676	22.447	23.394	24.362	25.332	26.301	27.191	27.64	28.094	28.61	29.048	29.43	29.757	30.031	30.35	30.823	30.932	NPgY	Primary	NG FES - Electric Engagement	Total peak demand with ToUT (MW)
SPENBOROUGH	11.6	11.6	11.6	11.832	12.089	12.392	12.866	13.544	14.261	15.02	15.737	16.367	17.207	18.017	18.869	19.722	20.635	21.143	21.657	22.219	22.704	23.132	23.498	23.789	24.063	24.456	24.469	NPgY	Primary	NG FES - Electric Engagement	Total peak demand with ToUT (MW)
SPRING MILL STREET	13.67	14.78	14.78	14.698	14.667	14.668	14.72	14.784	14.843	14.919	15.005	15.105	15.244	15.359	15.482	15.598	15.713	15.753	15.782	15.818	15.839	15.85	15.852	15.837	15.817	15.808	15.764	NPgY	Primary	NG FES - Electric Engagement	Total peak demand with ToUT (MW)
STAINFORTH	7.339	7.339	7.339	7.489	7.628	7.784	8.044	8.406	8.774	9.162	9.572	10.002	10.507	11.013	11.528	12.047	12.546	12.809	13.078	13.375	13.632	13.854	14.042	14.196	14.342	14.567	14.597	NPgY	Primary	NG FES - Electric Engagement	Total peak demand with ToUT (MW)
STAIRFOOT	11.96	12.31	12.31	12.663	13.013	13.412	14.034	14.811	15.564	16.399	17.199	17.908	18.853	19.791	20.77	21.748	22.795	23.4	24.009	24.672	25.241	25.745	26.182	26.54	26.881	27.366	27.424	NPgY	Primary	NG FES - Electric Engagement	Total peak demand with ToUT (MW)
STANLEY STREET	10.182	10.182	10.182	10.142	10.147	10.174	10.242	10.296	10.322	10.366	10.417	10.463	10.562	10.66	10.791	10.927	11.076	11.165	11.242	11.323	11.393	11.457	11.511	11.552	11.585	11.636	11.636	NPgY	Primary	NG FES - Electric Engagement	Total peak demand with ToUT (MW)
STANNINGTON ROAD	13.103	13.103	13.103	13.376	13.643	13.958	14.444	15.347	16.403	17.493	18.528	19.449	20.681	21.867	23.147	24.452	25.86	26.627	27.417	28.279	29.042	29.715	30.286	30.739	31.16	31.764	31.74	NPgY	Primary	NG FES - Electric Engagement	Total peak demand with ToUT (MW)
STATION ROAD	20.86	21.978	21.978	22.367	22.805	23.323	23.989	24.725	25.482	26.26	27.046	27.861	28.814	29.616	30.415	31.175	31.916	32.355	32.759	33.206	33.604	33.963	34.284	34.54	34.79	35.064	35.268	NPgY	Primary	NG FES - Electric Engagement	Total peak demand with ToUT (MW)
STEVENSON ROAD	8.208	8.208	8.208	8.102	8.003	7.915	7.839	7.767	7.699	7.635	7.575	7.52	7.467	7.417	7.367	7.322	7.277	7.234	7.192	7.152	7.112	7.073	7.036	6.998	6.961	6.924	6.886	NPgY	Primary	NG FES - Electric Engagement	Total peak demand with ToUT (MW)
STOKE STREET	11.459	11.459	11.459	11.369	11.303	11.267	11.267	11.282	11.313	11.351	11.397	11.442	11.48	11.513	11.539	11.554	11.556	11.546	11.528	11.501	11.467	11.43	11.388	11.342	11.295	11.246	11.198	NPgY	Primary	NG FES - Electric Engagement	Total peak demand with ToUT (MW)
STOURTON 132/11KV	7.139	7.139	7.139	7.058	6.987	6.926	6.879	6.84	6.807	6.777	6.749	6.724	6.705	6.682	6.661	6.638	6.616	6.586	6.557	6.528	6.5	6.471	6.441	6.41	6.378	6.349	6.315	NPgY	Primary	NG FES - Electric Engagement	Total peak demand with ToUT (MW)
STOURTON 33/11KV	8.689	10.823	10.823	10.837	10.865	10.894	10.985	11.201	11.441	11.697	11.962	12.211	12.499	12.827	13.184	13.551	13.882	14.062	14.252	14.451	14.625	14.775	14.898	14.997	15.084	15.237	15.213	NPgY	Primary	NG FES - Electric Engagement	Total peak demand with ToUT (MW)
STOW	6.17	6.17	6.17	6.31	6.441	6.573	6.767	7.03	7.303	7.578	7.955	8.477	8.959	9.431	9.832	10.227	10.484	10.564	10.637	10.728	10.802	10.85	10.875	10.893	10.913	10.985	11.023	NPgY	Primary	NG FES - Electric Engagement	Total peak demand with ToUT (MW)
SWAN BANK LANE	11.438	12.488	12.488	12.659	12.901	13.201	13.616	14.125	14.634	15.209	15.764	16.259	16.884	17.485	18.086	18.673	19.279	19.641	19.982	20.355	20.671	20.945	21.175	21.35	21.505	21.724	21.734	NPgY	Primary	NG FES - Electric Engagement	Total peak demand with ToUT (MW)
SWEET STREET	7.018	14.122	14.122	14.095	14.103	14.133	14.195	14.226	14.23	14.241	14.266	14.296	14.35	14.4	14.445	14.487	14.528	14.545	14.552	14.59	14.619	14.646	14.668	14.685	14.698	14.718	14.726	NPgY	Primary	NG FES - Electric Engagement	Total peak demand with ToUT (MW)
SWINNOW MOOR	13.724	14.212	14.212	14.333	14.49	14.708	15.098	15.598	16.077	16.636	17.179	17.658	18.382	19.094	19.852	20.626	21.47	21.921	22.366	22.89	23.34	23.739	24.08	24.347	24.594	24.962	24.973	NPgY	Primary	NG FES - Electric Engagement	Total peak demand with ToUT (MW)
TADCASTER	14.204	14.204	14.204	14.531	14.876	15.188	15.659	16.28	16.872	17.501	18.349	19.445	20.438	21.497	22.509	23.515	24.06	24.256	24.438	24.646	24.816	24.927	24.981	25.032	25.083	25.268	25.356	NPgY	Primary	NG FES - Electric Engagement	Total peak demand with ToUT (MW)
TANKERSLEY PARK	20.109	20.109	20.109	20.198	20.28	20.398	20.648	21.205	21.88	22.565	23.227	23.836	24.618	25.384	26.205	27.045	27.94	28.418	28.914	29.451	29.923	30.333	30.677	30.947	31.193	31.564	31.541	NPgY	Primary	NG FES - Electric Engagement	Total peak demand with ToUT (MW)
TEMPLEBOROUGH 33/11KV	15.632	16.302	16.302	16.429	16.569	16.709	16.969	17.331	17.671	18.063	18.459	18.817	19.253	19.747	20.272	20.807	21.347	21.667	21.996	22.34	22.639	22.904	23.134	23.337	23.526	23.805	23.859	NPgY	Primary	NG FES - Electric Engagement	Total peak demand with ToUT (MW)
THORNBURY	14.304	14.304	14.304	14.344	14.433	14.56	14.813	15.242	15.713	16.215	16.697	17.113	17.674	18.25	18.883	19.527	20.231	20.638	21.05	21.479	21.85	22.174	22.452	22.67	22.866	23.162	23.133	NPgY	Primary	NG FES - Electric Engagement	Total peak demand with ToUT (MW)
THORNE	16.404	21.354	21.354	21.619	21.889	22.207	22.708	23.402	24.13	24.892	25.643	26.345	27.198	28.041	28.927	29.807	30.706	31.223	31.744	32.298	32.776	33.194	33.554	33.847	34.124	34.518	34.569	NPgY	Primary	NG FES - Electric Engagement	Total peak demand with ToUT (MW)
THORNTON	12.93	12.93	12.93	13.15	13.413	13.72	14.216	15.014	15.876	16.768	17.607	18.331	19.335	20.33	21.419	22.531	23.742	24.42	25.112	25.865	26.523	27.104	27.603	28.003	28.376	28.918	28.921	NPgY	Primary	NG FES - Electric Engagement	Total peak demand with ToUT (MW)
THORPE ROAD	14.315	15.885	15.885	16.203	16.594	17.045	17.682	18.408	19.113	19.861	20.748	21.781	22.716	23.683	24.556	25.375	25.927	26.212	26.457	26.688	26.853	26.955	27.013	27.061	27.126	27.279	27.35	NPgY	Primary	NG FES - Electric Engagement	Total peak demand with ToUT (MW)
TICKHILL ROAD	12.902	12.902	12.902	13.246	13.56	13.889	14.38	15.232	16.21	17.197	18.334	19.673	21.054	22.394	23.746	25.105	26.088	26.509	26.931	27.418	27.844	28.193	28.45	28.641	28.821	29.165	29.193	NPgY	Primary	NG FES - Electric Engagement	Total peak demand with ToUT (MW)
TINGLEY	10.912	14.412	14.412	14.633	14.881	15.168	15.639	16.285	16.928	17.598	18.225	18.75	19.48	20.218	20.99	21.767	22.612	23.079	23.556	24.118	24.598	25.024	25.392	25.696	25.983	26.4	26.427	NPgY	Primary	NG FES - Electric Engagement	Total peak demand with ToUT (MW)
TINSLEY PARK ROAD	12.704	12.704	12.704	12.628	12.589	12.587	12.639	12.709	12.795	12.895	13	13.1	13.198	13.293	13.383	13.458	13.519	13.549	13.567	13.574	13.568	13.554	13.533	13.505	13.471	13.442	13.394	NPgY	Primary	NG FES - Electric Engagement	Total peak demand with ToUT (MW)
TINSLEY WIRE INDUSTRIES	3.824	6.224	6.224	6.276	6.349	6.45	6.593	6.787	7.002	7.224	7.443	7.642	7.857	8.063	8.271	8.464	8.652	8.77	8.879	8.981	9.063	9.132	9.185	9.224	9.258	9.308	9.299	NPgY	Primary	NG FES - Electric Engagement	Total peak demand with ToUT (MW)
TIVERTON ROAD	17.002	17.542	17.542	17.545	17.555	17.606	17.786	18.164	18.582	19.076	19.566	20.025	20.646	21.288	21.993	22.722	23.528	23.978	24.434	24.914	25.33	25.693	25.997	26.236	26.446	26.778	26.754	NPgY	Primary	NG FES - Electric Engagement	Total peak demand with ToUT (MW)
TODMORDEN	11.91	11.91	11.91	12.28	12.683	13.149	13.809	14.681	15.656	16.681	17.707	18.697	19.795	20.859	21.913	22.943	23.953	24.563	25.152	25.741	26.241	26.65	26.992	27.25	27.475	27.793	27.822	NPgY	Primary	NG FES - Electric Engagement	Total peak demand with ToUT (MW)
TOLLER LANE	9.831	9.831	9.831	9.862	9.965	10.09	10.3	10.61	10.906	11.232	11.543	11.796	12.171	12.572	13.025	13.491	14.009	14.318	14.629	14.953	15.232	15.481	15.694	15.868	16.023	16.258	16.245	NPgY	Primary	NG FES - Electric Engagement	Total peak demand with ToUT (MW)
TONG STREET	8.876	9.026	9.026	9.013	9.041	9.086	9.171	9.294	9.419	9.545	9.67	9.794	9.952	10.086	10.226	10.357	10.492	10.548	10.596	10.654	10.697	10.731	10.752	10.757	10.76	10.777	10.752	NPgY	Primary	NG FES - Electric Engagement	Total peak demand with ToUT (MW)
UPPER BASINGHALL STREET	14.812	14.812	14.812	14.65	14.513	14.396	14.308	14.206	14.1	14	13.909	13.828	13.76	13.694	13.629	13.567	13.509	13.448	13.385	13.34	13.294	13.251	13.21	13.167	13.123	13.081	13.035	NPgY	Primary	NG FES - Electric Engagement	Total peak demand with ToUT (MW)
VARLEY STREET	12.379	12.379	12.379	12.563	12.769	13.03	13.469	14.071	14.694	15.357	15.987	16.535	17.289	18.029	18.803	19.578	20.412	20.868	21.324	21.853	22.305	22.702	23.04	23.308	23.558	23.928	23.931	NPgY	Primary	NG FES - Electric Engagement	Total peak demand with ToUT (MW)
VICTORIA STREET	8.759	8.759	8.759	8.692	8.646	8.612	8.596	8.558	8.505	8.453	8.418	8.431	8.454	8.465	8.488	8.512	8.538	8.55	8.556	8.567	8.578	8.589	8.6	8.609	8.617	8.626	8.613	NPgY	Primary	NG FES - Electric Engagement	Total peak demand with ToUT (MW)
WALESBY	5.7	5.938	5.938	6.17	6.388	6.593	6.906	7.292	7.658	8.035	8.542	9.221	9.861	10.507	11.073	11.629	12.003	12.123	12.235	12.367	12.467	12.516	12.534	12.544	12.562	12.66	12.704	NPgY	Primary	NG FES - Electric Engagement	Total peak demand with ToUT (MW)
WARREN LANE	4.35	5	5	5.018	5.037	5.056	5.102	5.176	5.253	5.324	5.422	5.556	5.685	5.811	5.937	6.063	6.117	6.114	6.111	6.123	6.129	6.125	6.113	6.099	6.087	6.091	6.087	NPgY	Primary	NG FES - Electric Engagement	Total peak demand with ToUT (MW)
WATH UPON DEARNE	12.258	13.038	13.038	13.282	13.534	13.837	14.312	14.869	15.404	16.012	16.598	17.116	17.765	18.404	19.054	19.685	20.339	20.731	21.118	21.532	21.88	22.183	22.448	22.665	22.874	23.166	23.213	NPgY	Primary	NG FES - Electric Engagement	Total peak demand with ToUT (MW)
WAVERLEY BUSINESS PARK	11.155	14.385	14.385	14.33	14.284	14.246	14.223	14.202	14.187	14.174	14.165	14.16	14.158	14.159	14.163	14.168	14.175	14.183	14.193	14.204	14.217	14.229	14.242	14.257	14.27	14.283	14.295	NPgY	Primary	NG FES - Electric Engagement	Total peak demand with ToUT (MW)
WAWNE ROAD	9.804	10.164	10.164	10.438	10.71	11.009	11.589	12.055	12.303	12.719	13.122	13.442	13.914	14.468	15.013	15.545	16.071	16.386	16.709	17.084	17.369	17.616	17.839	18.042	18.249	18.586	18.658	NPgY	Primary	NG FES - Electric Engagement	Total peak demand with ToUT (MW)
WEELAND ROAD	16.967	16.967	16.967	17.015	17.095	17.202	17.363	17.55	17.738	17.933	18.137	18.354	18.591	18.813	19.035	19.249	19.448	19.585	19.718	19.857	19.984	20.1	20.207	20.303	20.399	20.506	20.573	NPgY	Primary	NG FES - Electric Engagement	Total peak demand with ToUT (MW)
WELLINGTON STREET	18.45	20.189	20.189	20.526	20.971	21.501	22.282	23.074	23.774	24.547	25.298	25.93	26.645	27.415	28.195	28.923	29.642	30.165	30.665	31.152	31.547	31.896	32.209	32.487	32.753	33.109	33.211	NPgY	Primary	NG FES - Electric Engagement	Total peak demand with ToUT (MW)
WESLEY CRESCENT	11.607	11.607	11.607	11.725	11.86	12.024	12.285	12.625	12.977	13.306	13.646	14.025	14.513	14.902	15.286	15.662	16.007	16.108	16.198	16.338	16.448	16.534	16.592	16.609	16.631	16.688	16.674	NPgY	Primary	NG FES - Electric Engagement	Total peak demand with ToUT (MW)
WEST DOCKS	11.539	12.739	12.739	12.629	12.541	12.474	12.437	12.413	12.4	12.397	12.399	12.402	12.405	12.406	12.406	12.4	12.388	12.367	12.34	12.309	12.273	12.234	12.194	12.151	12.106	12.061	12.012	NPgY	Primary	NG FES - Electric Engagement	Total peak demand with ToUT (MW)
WEST END LANE	13.923	18.493	18.493	18.877	19.248	19.672	20.336	21.225	22.137	23.088	24.047	24.98	26.09	27.183	28.337	29.481	30.564	31.152	31.745	32.393	32.946	33.426	33.831	34.159	34.472	34.94	34.997	NPgY	Primary	NG FES - Electric Engagement	Total peak demand with ToUT (MW)
WEST MOOR PARK	10.686	10.686	10.686	10.76	10.849	10.943	11.123	11.337	11.511	11.709	11.971	12.306	12.637	13.008	13.402	13.802	14.042	14.143	14.245	14.366	14.464	14.548	14.613	14.672	14.73	14.852	14.88	NPgY	Primary	NG FES - Electric Engagement	Total peak demand with ToUT (MW)
WEST PARK	8.18	8.18	8.18	8.298	8.412	8.553	8.772	9.065	9.385	9.684	9.975	10.278	10.695	11.011	11.32	11.618	11.927	12.024	12.117	12.277	12.412	12.523	12.611	12.659	12.711	12.787	12.792	NPgY	Primary	NG FES - Electric Engagement	Total peak demand with ToUT (MW)
WESTCOTT STREET	12.78	12.78	12.78	12.919	13.051	13.219	13.556	14.194	14.904	15.694	16.442	17.076	17.922	18.816	19.792	20.794	21.901	22.561	23.24	23.946	24.561	25.106	25.574	25.96	26.31	26.827	26.813	NPgY	Primary	NG FES - Electric Engagement	Total peak demand with ToUT (MW)
WETHERBY	0	0	0	0	0	0	0	0	0	0	0	0	0	0	0	0	0	0	0	0	0	0	0	0	0	0	0	NPgY	Primary	NG FES - Electric Engagement	Total peak demand with ToUT (MW)
WHEATACRE ROAD	8.081	8.081	8.081	8.205	8.326	8.465	8.7	9.142	9.654	10.174	10.672	11.123	11.7	12.275	12.897	13.532	14.216	14.6	14.995	15.417	15.787	16.112	16.388	16.608	16.81	17.107	17.1	NPgY	Primary	NG FES - Electric Engagement	Total peak demand with ToUT (MW)
WHEATLEY PARK	7.38	7.989	7.989	8.063	8.166	8.298	8.49	8.749	9.025	9.32	9.61	9.877	10.168	10.465	10.771	11.066	11.362	11.562	11.755	11.939	12.096	12.233	12.352	12.449	12.537	12.655	12.672	NPgY	Primary	NG FES - Electric Engagement	Total peak demand with ToUT (MW)
WHINGATE	6.769	6.769	6.769	6.823	6.918	7.038	7.224	7.476	7.734	8.027	8.291	8.49	8.784	9.081	9.398	9.714	10.053	10.253	10.453	10.674	10.868	11.044	11.2	11.328	11.448	11.617	11.608	NPgY	Primary	NG FES - Electric Engagement	Total peak demand with ToUT (MW)
WHITE LEE	11.216	11.216	11.216	11.501	11.807	12.167	12.702	13.465	14.28	15.155	15.982	16.717	17.738	18.697	19.712	20.735	21.835	22.427	23.024	23.693	24.28	24.801	25.247	25.597	25.929	26.398	26.417	NPgY	Primary	NG FES - Electric Engagement	Total peak demand with ToUT (MW)
WHITEHALL ROAD 2/3	6.339	9.555	9.555	9.483	9.424	9.374	9.335	9.287	9.232	9.18	9.134	9.094	9.06	9.029	8.998	8.969	8.943	8.915	8.886	8.865	8.845	8.825	8.806	8.787	8.768	8.75	8.729	NPgY	Primary	NG FES - Electric Engagement	Total peak demand with ToUT (MW)
WHITEHALL ROAD 4/5	8.297	8.297	8.297	8.214	8.155	8.108	8.08	8.026	7.954	7.888	7.834	7.792	7.761	7.731	7.7	7.672	7.646	7.616	7.583	7.567	7.551	7.536	7.52	7.503	7.484	7.468	7.452	NPgY	Primary	NG FES - Electric Engagement	Total peak demand with ToUT (MW)
WIBSEY	11.414	11.414	11.414	11.581	11.765	11.986	12.346	13.014	13.775	14.56	15.302	15.959	16.848	17.72	18.675	19.653	20.722	21.313	21.921	22.578	23.158	23.671	24.107	24.457	24.777	25.24	25.234	NPgY	Primary	NG FES - Electric Engagement	Total peak demand with ToUT (MW)
WITHERNSEA	4.97	5.378	5.378	5.61	5.823	5.995	6.259	6.672	7.098	7.527	8.103	8.859	9.558	10.277	10.972	11.671	12.034	12.123	12.212	12.329	12.415	12.428	12.397	12.36	12.334	12.403	12.422	NPgY	Primary	NG FES - Electric Engagement	Total peak demand with ToUT (MW)
WOODCOCK STREET	11.79	12.516	12.516	12.601	12.726	12.871	13.1	13.388	13.657	13.971	14.273	14.519	14.858	15.229	15.642	16.061	16.49	16.774	17.057	17.351	17.613	17.853	18.069	18.259	18.438	18.68	18.735	NPgY	Primary	NG FES - Electric Engagement	Total peak demand with ToUT (MW)
WOODSEATS	10.284	11.284	11.284	11.437	11.585	11.771	12.074	12.645	13.314	14.002	14.651	15.225	16.006	16.752	17.566	18.397	19.302	19.798	20.304	20.855	21.342	21.772	22.138	22.425	22.69	23.071	23.058	NPgY	Primary	NG FES - Electric Engagement	Total peak demand with ToUT (MW)
WOOLLEY	10.22	13.22	13.22	13.462	13.694	13.942	14.325	14.879	15.459	16.061	16.666	17.249	17.946	18.638	19.354	20.07	20.757	21.121	21.493	21.904	22.26	22.567	22.825	23.036	23.238	23.541	23.578	NPgY	Primary	NG FES - Electric Engagement	Total peak demand with ToUT (MW)
WORSBROUGH PARK	13.972	14.332	14.332	14.683	15.017	15.409	16.007	16.904	17.887	18.923	19.922	20.84	22.029	23.16	24.345	25.535	26.804	27.508	28.221	29	29.681	30.282	30.797	31.207	31.594	32.136	32.178	NPgY	Primary	NG FES - Electric Engagement	Total peak demand with ToUT (MW)
WRAWBY	15.692	16.917	16.917	17.277	17.668	18.048	18.551	19.187	19.824	20.48	21.306	22.336	23.268	24.235	25.171	26.096	26.62	26.88	27.123	27.376	27.601	27.778	27.909	28.035	28.158	28.376	28.535	NPgY	Primary	NG FES - Electric Engagement	Total peak demand with ToUT (MW)
YARBOROUGH ROAD 33/11KV	15.155	15.654	15.654	15.735	15.909	16.133	16.462	16.865	17.262	17.676	18.1	18.532	19.047	19.502	19.954	20.384	20.816	21.033	21.226	21.426	21.582	21.706	21.799	21.845	21.879	21.948	21.919	NPgY	Primary	NG FES - Electric Engagement	Total peak demand with ToUT (MW)
YEW GREEN ROAD	8.548	8.548	8.548	8.559	8.599	8.656	8.761	8.915	9.068	9.237	9.406	9.575	9.813	10.025	10.247	10.471	10.712	10.822	10.928	11.054	11.159	11.249	11.32	11.366	11.408	11.478	11.463	NPgY	Primary	NG FES - Electric Engagement	Total peak demand with ToUT (MW)
YORK ROAD	13.081	13.63	13.63	13.699	13.84	14.045	14.395	14.789	15.12	15.552	15.984	16.364	16.979	17.596	18.26	18.943	19.696	20.115	20.514	20.987	21.393	21.758	22.072	22.321	22.544	22.878	22.897	NPgY	Primary	NG FES - Electric Engagement	Total peak demand with ToUT (MW)
YORK STREET	14.345	15.695	15.695	15.787	15.936	16.121	16.396	16.693	16.961	17.279	17.587	17.855	18.202	18.563	18.951	19.335	19.738	20.02	20.296	20.573	20.819	21.049	21.262	21.448	21.623	21.841	21.923	NPgY	Primary	NG FES - Electric Engagement	Total peak demand with ToUT (MW)
Barnsley Direct to Supply Points,,,,,,,,,,,,,,,,,,,,,,,,,,,,,NPgY,Primary,NG FES - Electric Engagement,Total peak demand (MW)
Bradford Direct to Supply Points,,,,,,,,,,,,,,,,,,,,,,,,,,,,,NPgY,Primary,NG FES - Electric Engagement,Total peak demand (MW)
Calderdale Direct to Supply Points,,,,,,,,,,,,,,,,,,,,,,,,,,,,,NPgY,Primary,NG FES - Electric Engagement,Total peak demand (MW)
County Durham Direct to Supply Points,,,,,,,,,,,,,,,,,,,,,,,,,,,,,NPgN,Primary,NG FES - Electric Engagement,Total peak demand (MW)
Darlington Direct to Supply Points,,,,,,,,,,,,,,,,,,,,,,,,,,,,,NPgN,Primary,NG FES - Electric Engagement,Total peak demand (MW)
Doncaster Direct to Supply Points,,,,,,,,,,,,,,,,,,,,,,,,,,,,,NPgY,Primary,NG FES - Electric Engagement,Total peak demand (MW)
East Riding of Yorkshire Direct to Supply Points,,,,,,,,,,,,,,,,,,,,,,,,,,,,,NPgY,Primary,NG FES - Electric Engagement,Total peak demand (MW)
Gateshead Direct to Supply Points,,,,,,,,,,,,,,,,,,,,,,,,,,,,,NPgN,Primary,NG FES - Electric Engagement,Total peak demand (MW)
Hambleton Direct to Supply Points,,,,,,,,,,,,,,,,,,,,,,,,,,,,,NPgN,Primary,NG FES - Electric Engagement,Total peak demand (MW)
Harrogate Direct to Supply Points,,,,,,,,,,,,,,,,,,,,,,,,,,,,,NPgN,Primary,NG FES - Electric Engagement,Total peak demand (MW)
Hartlepool Direct to Supply Points,,,,,,,,,,,,,,,,,,,,,,,,,,,,,NPgN,Primary,NG FES - Electric Engagement,Total peak demand (MW)
"Kingston upon Hull, City of Direct to Supply Points",,,,,,,,,,,,,,,,,,,,,,,,,,,,,NPgY,Primary,NG FES - Electric Engagement,Total peak demand (MW)
Kirklees Direct to Supply Points,,,,,,,,,,,,,,,,,,,,,,,,,,,,,NPgY,Primary,NG FES - Electric Engagement,Total peak demand (MW)
Leeds Direct to Supply Points,,,,,,,,,,,,,,,,,,,,,,,,,,,,,NPgY,Primary,NG FES - Electric Engagement,Total peak demand (MW)
Newcastle upon Tyne Direct to Supply Points,,,,,,,,,,,,,,,,,,,,,,,,,,,,,NPgN,Primary,NG FES - Electric Engagement,Total peak demand (MW)
North East Lincolnshire Direct to Supply Points,,,,,,,,,,,,,,,,,,,,,,,,,,,,,NPgY,Primary,NG FES - Electric Engagement,Total peak demand (MW)
North Lincolnshire Direct to Supply Points,,,,,,,,,,,,,,,,,,,,,,,,,,,,,NPgY,Primary,NG FES - Electric Engagement,Total peak demand (MW)
North Tyneside Direct to Supply Points,,,,,,,,,,,,,,,,,,,,,,,,,,,,,NPgN,Primary,NG FES - Electric Engagement,Total peak demand (MW)
Northumberland Direct to Supply Points,,,,,,,,,,,,,,,,,,,,,,,,,,,,,NPgN,Primary,NG FES - Electric Engagement,Total peak demand (MW)
Redcar and Cleveland Direct to Supply Points,,,,,,,,,,,,,,,,,,,,,,,,,,,,,NPgN,Primary,NG FES - Electric Engagement,Total peak demand (MW)
Rotherham Direct to Supply Points,,,,,,,,,,,,,,,,,,,,,,,,,,,,,NPgY,Primary,NG FES - Electric Engagement,Total peak demand (MW)
Ryedale Direct to Supply Points,,,,,,,,,,,,,,,,,,,,,,,,,,,,,NPgN,Primary,NG FES - Electric Engagement,Total peak demand (MW)
Scarborough Direct to Supply Points,,,,,,,,,,,,,,,,,,,,,,,,,,,,,NPgN,Primary,NG FES - Electric Engagement,Total peak demand (MW)
Selby Direct to Supply Points,,,,,,,,,,,,,,,,,,,,,,,,,,,,,NPgY,Primary,NG FES - Electric Engagement,Total peak demand (MW)
Sheffield Direct to Supply Points,,,,,,,,,,,,,,,,,,,,,,,,,,,,,NPgY,Primary,NG FES - Electric Engagement,Total peak demand (MW)
South Tyneside Direct to Supply Points,,,,,,,,,,,,,,,,,,,,,,,,,,,,,NPgN,Primary,NG FES - Electric Engagement,Total peak demand (MW)
Stockton-on-Tees Direct to Supply Points,,,,,,,,,,,,,,,,,,,,,,,,,,,,,NPgN,Primary,NG FES - Electric Engagement,Total peak demand (MW)
Sunderland Direct to Supply Points,,,,,,,,,,,,,,,,,,,,,,,,,,,,,NPgN,Primary,NG FES - Electric Engagement,Total peak demand (MW)
Wakefield Direct to Supply Points,,,,,,,,,,,,,,,,,,,,,,,,,,,,,NPgY,Primary,NG FES - Electric Engagement,Total peak demand (MW)
West Lindsey Direct to Supply Points,,,,,,,,,,,,,,,,,,,,,,,,,,,,,NPgY,Primary,NG FES - Electric Engagement,Total peak demand (MW)
York Direct to Supply Points,,,,,,,,,,,,,,,,,,,,,,,,,,,,,NPgN,Primary,NG FES - Electric Engagement,Total peak demand (MW)
