Primary,2024/25,2025/26,2026/27,2027/28,2028/29,2029/30,2030/31,2031/32,2032/33,2033/34,2034/35,2035/36,2036/37,2037/38,2038/39,2039/40,2040/41,2041/42,2042/43,2043/44,2044/45,2045/46,2046/47,2047/48,2048/49,2049/50,2050/51,Licence area,Voltage level,Scenario name,Output parameter
ACKLAM,17.829,17.829,17.829,18.372,18.967,19.589,20.240,21.245,22.360,23.542,24.536,25.156,25.913,26.601,27.152,27.649,28.104,28.566,28.995,29.374,29.712,29.981,30.212,30.348,30.499,30.621,30.630,NPgN,Primary,NG FES - Hydrogen Evolution,Total peak demand with ToUT (MW)
AMBERTON ROAD,24.852,26.802,26.802,27.047,27.370,27.859,28.387,28.948,29.552,30.193,30.837,31.544,32.182,32.761,33.287,33.776,34.245,34.691,35.099,35.441,35.750,36.014,36.229,36.328,36.484,36.619,36.727,NPgN,Primary,NG FES - Hydrogen Evolution,Total peak demand with ToUT (MW)
ANNFIELD 66/20KV,20.689,20.689,20.689,21.106,21.574,22.095,22.701,23.718,24.961,26.237,27.532,28.633,29.682,30.633,31.399,32.076,32.675,33.258,33.788,34.279,34.721,35.098,35.444,35.699,35.958,36.175,36.255,NPgN,Primary,NG FES - Hydrogen Evolution,Total peak demand with ToUT (MW)
ASHINGTON,18.021,18.021,18.021,18.654,19.348,20.092,20.930,22.202,23.636,25.115,26.519,27.675,28.826,29.863,30.724,31.489,32.174,32.841,33.449,34.007,34.507,34.923,35.272,35.476,35.704,35.888,35.942,NPgN,Primary,NG FES - Hydrogen Evolution,Total peak demand with ToUT (MW)
AYCLIFFE FORREST,0.600,1.600,1.600,1.600,1.600,1.600,1.600,1.600,1.600,1.600,1.600,1.600,1.600,1.600,1.600,1.600,1.600,1.600,1.600,1.600,1.600,1.600,1.600,1.600,1.600,1.600,1.600,NPgN,Primary,NG FES - Hydrogen Evolution,Total peak demand with ToUT (MW)
AYCLIFFE INDUSTRIAL,15.787,15.787,15.787,15.941,16.121,16.328,16.572,16.962,17.417,17.896,18.335,18.674,19.061,19.428,19.742,20.028,20.287,20.545,20.789,21.018,21.229,21.415,21.566,21.657,21.757,21.847,21.908,NPgN,Primary,NG FES - Hydrogen Evolution,Total peak demand with ToUT (MW)
BARDEN FRIAR,0.783,0.783,0.783,0.800,0.819,0.841,0.868,0.905,0.951,0.997,1.055,1.122,1.175,1.222,1.263,1.299,1.332,1.365,1.394,1.421,1.445,1.468,1.489,1.508,1.526,1.543,1.554,NPgN,Primary,NG FES - Hydrogen Evolution,Total peak demand with ToUT (MW)
BEDALE,17.406,18.806,18.806,19.263,19.750,20.288,20.902,21.726,22.622,23.521,24.571,25.744,26.659,27.465,28.189,28.847,29.445,30.012,30.530,31.003,31.437,31.827,32.199,32.518,32.840,33.132,33.337,NPgN,Primary,NG FES - Hydrogen Evolution,Total peak demand with ToUT (MW)
BELMONT,22.414,24.193,24.193,24.566,24.979,25.430,25.908,26.627,27.414,28.257,29.089,29.816,30.480,31.070,31.563,32.014,32.431,32.843,33.224,33.605,33.955,34.257,34.547,34.784,35.026,35.242,35.365,NPgN,Primary,NG FES - Hydrogen Evolution,Total peak demand with ToUT (MW)
BENSHAM,19.020,23.370,23.370,23.484,23.603,23.760,23.934,24.046,24.206,24.402,24.625,24.879,25.130,25.365,25.565,25.748,25.921,26.073,26.208,26.369,26.514,26.639,26.742,26.805,26.879,26.943,26.989,NPgN,Primary,NG FES - Hydrogen Evolution,Total peak demand with ToUT (MW)
BENTON SQUARE,17.345,19.187,19.187,19.804,20.472,21.167,21.889,22.882,23.857,24.851,25.698,26.355,27.038,27.639,28.242,28.801,29.325,29.853,30.353,30.819,31.249,31.616,31.928,32.130,32.355,32.561,32.707,NPgN,Primary,NG FES - Hydrogen Evolution,Total peak demand with ToUT (MW)
BENWELL,17.984,17.984,17.984,18.145,18.351,18.613,18.902,19.116,19.382,19.677,20.015,20.428,20.790,21.118,21.424,21.705,21.978,22.225,22.446,22.642,22.816,22.963,23.084,23.151,23.235,23.305,23.352,NPgN,Primary,NG FES - Hydrogen Evolution,Total peak demand with ToUT (MW)
BILLINGHAM MARSH HOUSE,17.088,17.598,17.598,18.167,18.793,19.489,20.300,21.401,22.733,24.087,25.364,26.369,27.474,28.525,29.437,30.251,30.979,31.672,32.305,32.864,33.366,33.802,34.173,34.421,34.691,34.925,35.062,NPgN,Primary,NG FES - Hydrogen Evolution,Total peak demand with ToUT (MW)
BILLY MILL,17.286,17.286,17.286,17.584,17.918,18.311,18.784,19.473,20.390,21.329,22.191,22.785,23.517,24.232,24.846,25.396,25.891,26.368,26.802,27.183,27.525,27.822,28.081,28.256,28.445,28.605,28.680,NPgN,Primary,NG FES - Hydrogen Evolution,Total peak demand with ToUT (MW)
BIRTLEY GROVE 66/11KV,12.947,16.447,16.447,16.731,17.075,17.492,17.977,18.666,19.499,20.364,21.192,21.852,22.547,23.200,23.755,24.239,24.657,25.048,25.397,25.707,25.975,26.200,26.386,26.500,26.616,26.708,26.748,NPgN,Primary,NG FES - Hydrogen Evolution,Total peak demand with ToUT (MW)
BIRTLEY GROVE 66/20KV,10.731,10.731,10.731,10.815,10.923,11.048,11.189,11.429,11.706,12.004,12.267,12.438,12.644,12.835,12.994,13.135,13.260,13.381,13.491,13.603,13.702,13.786,13.859,13.909,13.961,14.005,14.025,NPgN,Primary,NG FES - Hydrogen Evolution,Total peak demand with ToUT (MW)
BLAYDON BURN,14.046,14.046,14.046,14.332,14.660,15.024,15.409,16.051,16.810,17.620,18.335,18.781,19.312,19.803,20.200,20.547,20.847,21.146,21.417,21.692,21.934,22.135,22.317,22.453,22.586,22.697,22.737,NPgN,Primary,NG FES - Hydrogen Evolution,Total peak demand with ToUT (MW)
BLUCHER 33/11KV,12.881,13.138,13.138,13.666,14.267,14.903,15.574,16.486,17.499,18.561,19.479,20.075,20.771,21.421,21.985,22.488,22.934,23.356,23.735,24.072,24.362,24.593,24.801,24.948,25.103,25.229,25.259,NPgN,Primary,NG FES - Hydrogen Evolution,Total peak demand with ToUT (MW)
BOLDON DOWNHILL,8.841,9.341,9.341,9.547,9.778,10.037,10.340,10.832,11.500,12.195,12.834,13.247,13.762,14.258,14.665,15.022,15.335,15.636,15.910,16.151,16.363,16.541,16.697,16.801,16.912,17.000,17.015,NPgN,Primary,NG FES - Hydrogen Evolution,Total peak demand with ToUT (MW)
BOROUGHBRIDGE/ROECLIFFE INDUSTRIAL,4.243,4.531,4.531,4.760,5.041,5.368,5.750,6.205,6.657,7.094,7.530,7.975,8.348,8.680,8.969,9.217,9.431,9.614,9.766,9.886,9.983,10.056,10.114,10.145,10.207,10.260,10.302,NPgN,Primary,NG FES - Hydrogen Evolution,Total peak demand with ToUT (MW)
BOWESFIELD 33/11KV,11.671,12.666,12.666,13.091,13.568,14.097,14.651,15.334,16.085,16.869,17.574,18.118,18.706,19.255,19.766,20.235,20.668,21.083,21.466,21.817,22.136,22.414,22.667,22.862,23.064,23.249,23.378,NPgN,Primary,NG FES - Hydrogen Evolution,Total peak demand with ToUT (MW)
BOWESFIELD 66/11KV,14.080,14.080,14.080,14.505,14.967,15.443,15.921,16.515,17.061,17.634,18.125,18.577,19.075,19.536,19.996,20.436,20.853,21.304,21.750,22.167,22.568,22.933,23.211,23.356,23.523,23.691,23.875,NPgN,Primary,NG FES - Hydrogen Evolution,Total peak demand with ToUT (MW)
BRANCEPETH,14.991,14.991,14.991,15.558,16.233,17.043,17.899,19.140,20.657,22.246,24.190,26.329,27.981,29.427,30.600,31.648,32.572,33.471,34.284,35.007,35.663,36.238,36.800,37.256,37.680,38.035,38.176,NPgN,Primary,NG FES - Hydrogen Evolution,Total peak demand with ToUT (MW)
BREAMISH STREET,9.771,11.154,11.154,11.281,11.416,11.572,11.707,11.726,11.817,11.955,12.087,12.174,12.323,12.485,12.643,12.795,12.946,13.087,13.221,13.348,13.466,13.569,13.662,13.732,13.812,13.885,13.934,NPgN,Primary,NG FES - Hydrogen Evolution,Total peak demand with ToUT (MW)
BRENDA TRADING,19.821,21.747,21.747,22.211,22.752,23.383,24.098,25.154,26.455,27.817,29.063,29.944,30.955,31.908,32.695,33.386,33.995,34.570,35.087,35.532,35.916,36.229,36.495,36.651,36.847,37.004,37.043,NPgN,Primary,NG FES - Hydrogen Evolution,Total peak demand with ToUT (MW)
CAMPLESHON ROAD,17.452,17.452,17.452,17.848,18.283,18.764,19.303,20.065,20.973,21.924,22.961,23.991,24.876,25.660,26.311,26.894,27.422,27.929,28.387,28.796,29.167,29.482,29.771,29.985,30.209,30.396,30.470,NPgN,Primary,NG FES - Hydrogen Evolution,Total peak demand with ToUT (MW)
CARLEY HILL,15.918,15.918,15.918,16.214,16.544,16.931,17.375,18.059,19.000,19.989,20.888,21.455,22.173,22.867,23.448,23.963,24.424,24.867,25.267,25.613,25.920,26.173,26.404,26.566,26.738,26.873,26.900,NPgN,Primary,NG FES - Hydrogen Evolution,Total peak demand with ToUT (MW)
CARLIN HOW T3 T4,15.636,15.636,15.636,16.035,16.491,16.996,17.592,18.620,19.838,21.052,22.558,24.232,25.463,26.507,27.350,28.088,28.733,29.353,29.904,30.393,30.831,31.201,31.563,31.858,32.146,32.379,32.445,NPgN,Primary,NG FES - Hydrogen Evolution,Total peak demand with ToUT (MW)
CARR HILL,17.032,17.032,17.032,17.422,17.850,18.335,18.894,19.712,20.879,22.115,23.235,23.912,24.840,25.762,26.509,27.165,27.734,28.265,28.743,29.177,29.560,29.882,30.164,30.347,30.545,30.701,30.718,NPgN,Primary,NG FES - Hydrogen Evolution,Total peak demand with ToUT (MW)
CATTERICK CAMP,16.187,16.509,16.509,17.051,17.615,18.222,18.881,19.745,20.680,21.711,22.846,24.064,25.085,25.997,26.786,27.514,28.186,28.844,29.459,30.029,30.561,31.042,31.481,31.827,32.183,32.511,32.751,NPgN,Primary,NG FES - Hydrogen Evolution,Total peak demand with ToUT (MW)
CLOSE,22.089,23.406,23.406,23.374,23.394,23.457,23.496,23.399,23.315,23.272,23.289,23.404,23.493,23.576,23.683,23.793,23.909,24.021,24.128,24.229,24.327,24.415,24.495,24.554,24.614,24.673,24.733,NPgN,Primary,NG FES - Hydrogen Evolution,Total peak demand with ToUT (MW)
CONEYTHORPE,13.898,15.963,15.963,16.227,16.536,16.876,17.254,17.789,18.367,18.960,19.558,20.121,20.626,21.075,21.446,21.782,22.090,22.390,22.665,22.908,23.129,23.315,23.483,23.602,23.751,23.881,23.957,NPgN,Primary,NG FES - Hydrogen Evolution,Total peak demand with ToUT (MW)
CONSETT,22.143,22.143,22.143,22.726,23.378,24.100,24.927,26.235,27.753,29.309,30.887,32.290,33.588,34.752,35.701,36.539,37.277,37.997,38.649,39.255,39.799,40.259,40.663,40.934,41.217,41.449,41.540,NPgN,Primary,NG FES - Hydrogen Evolution,Total peak demand with ToUT (MW)
CORPORATION STREET,11.597,11.597,11.597,11.617,11.655,11.716,11.765,11.776,11.843,11.945,12.037,12.081,12.175,12.278,12.373,12.466,12.556,12.641,12.719,12.792,12.861,12.918,12.973,13.015,13.059,13.098,13.117,NPgN,Primary,NG FES - Hydrogen Evolution,Total peak demand with ToUT (MW)
COWTON,0.069,0.069,0.069,0.069,0.069,0.069,0.069,0.069,0.069,0.069,0.069,0.069,0.069,0.069,0.069,0.069,0.069,0.069,0.069,0.069,0.069,0.069,0.069,0.069,0.069,0.069,0.069,NPgN,Primary,NG FES - Hydrogen Evolution,Total peak demand with ToUT (MW)
CRAMLINGTON T1 T3,10.683,11.193,11.193,11.308,11.455,11.616,11.783,12.045,12.323,12.638,12.909,13.090,13.291,13.471,13.626,13.766,13.893,14.021,14.138,14.247,14.344,14.422,14.493,14.545,14.599,14.646,14.662,NPgN,Primary,NG FES - Hydrogen Evolution,Total peak demand with ToUT (MW)
CRAMLINGTON T2 T4,10.795,10.795,10.795,10.906,11.056,11.229,11.417,11.685,11.967,12.280,12.561,12.772,12.991,13.189,13.364,13.519,13.657,13.788,13.906,14.013,14.104,14.176,14.239,14.281,14.324,14.362,14.376,NPgN,Primary,NG FES - Hydrogen Evolution,Total peak demand with ToUT (MW)
DARLEY,3.417,3.417,3.417,3.507,3.687,4.015,4.329,4.636,4.985,5.366,5.769,6.228,6.628,7.006,7.363,7.703,8.034,8.365,8.677,8.941,9.192,9.428,9.650,9.815,9.955,10.083,10.199,NPgN,Primary,NG FES - Hydrogen Evolution,Total peak demand with ToUT (MW)
DARLINGTON 132/6KV,2.596,2.596,2.596,2.811,3.047,3.298,3.563,3.909,4.318,4.754,5.147,5.428,5.758,6.071,6.331,6.564,6.769,6.965,7.143,7.302,7.442,7.559,7.655,7.710,7.771,7.820,7.827,NPgN,Primary,NG FES - Hydrogen Evolution,Total peak demand with ToUT (MW)
DARLINGTON 33/11KV,14.041,14.928,14.928,15.146,15.405,15.713,16.049,16.505,17.119,17.786,18.406,18.850,19.380,19.888,20.302,20.673,21.008,21.332,21.625,21.880,22.107,22.296,22.457,22.552,22.656,22.738,22.753,NPgN,Primary,NG FES - Hydrogen Evolution,Total peak demand with ToUT (MW)
DARLINGTON CENTRAL 33/11KV,9.665,10.818,10.818,10.854,10.907,10.979,11.068,11.166,11.277,11.398,11.520,11.652,11.777,11.891,11.990,12.083,12.171,12.252,12.325,12.387,12.442,12.488,12.522,12.533,12.554,12.569,12.575,NPgN,Primary,NG FES - Hydrogen Evolution,Total peak demand with ToUT (MW)
DARLINGTON EAST,18.004,18.994,18.994,19.363,19.803,20.283,20.789,21.488,22.153,22.863,23.562,24.244,24.803,25.270,25.668,26.026,26.349,26.660,26.939,27.183,27.397,27.563,27.709,27.805,27.908,27.995,28.028,NPgN,Primary,NG FES - Hydrogen Evolution,Total peak demand with ToUT (MW)
DARLINGTON WEST,19.371,20.491,20.491,20.961,21.506,22.131,22.851,23.829,25.045,26.322,27.500,28.354,29.337,30.270,31.047,31.729,32.324,32.873,33.359,33.772,34.125,34.412,34.649,34.784,34.939,35.055,35.064,NPgN,Primary,NG FES - Hydrogen Evolution,Total peak demand with ToUT (MW)
DENWICK,20.025,20.025,20.025,20.523,21.081,21.717,22.439,23.533,24.768,26.026,27.581,29.366,30.670,31.775,32.673,33.467,34.167,34.838,35.436,35.987,36.478,36.896,37.297,37.613,37.925,38.182,38.276,NPgN,Primary,NG FES - Hydrogen Evolution,Total peak demand with ToUT (MW)
DUNSTON 66/11KV,14.450,17.630,17.630,17.729,17.847,18.011,18.248,18.566,18.943,19.310,19.672,20.014,20.344,20.651,20.914,21.145,21.354,21.536,21.692,21.831,21.951,22.046,22.120,22.149,22.194,22.223,22.226,NPgN,Primary,NG FES - Hydrogen Evolution,Total peak demand with ToUT (MW)
DUNSTON 66/20KV,16.607,17.357,17.357,17.599,17.844,18.149,18.566,19.165,19.829,20.447,21.081,21.724,22.281,22.774,23.186,23.550,23.884,24.184,24.442,24.702,24.932,25.124,25.285,25.375,25.488,25.575,25.615,NPgN,Primary,NG FES - Hydrogen Evolution,Total peak demand with ToUT (MW)
DURHAM EAST,14.078,14.778,14.778,14.872,14.995,15.139,15.282,15.478,15.684,15.924,16.130,16.280,16.460,16.631,16.791,16.948,17.102,17.262,17.418,17.575,17.724,17.859,17.988,18.092,18.196,18.297,18.381,NPgN,Primary,NG FES - Hydrogen Evolution,Total peak demand with ToUT (MW)
EASTFIELD,21.775,21.775,21.775,22.248,22.794,23.383,24.019,24.960,25.937,26.930,27.954,28.950,29.768,30.459,31.010,31.501,31.940,32.369,32.751,33.260,33.727,34.130,34.508,34.813,35.123,35.402,35.578,NPgN,Primary,NG FES - Hydrogen Evolution,Total peak demand with ToUT (MW)
EASTGATE CEMENT,9.792,9.792,9.792,9.838,9.985,10.301,10.601,10.902,11.261,11.660,12.097,12.600,13.037,13.455,13.855,14.240,14.614,14.995,15.355,15.665,15.961,16.244,16.515,16.729,16.907,17.073,17.226,NPgN,Primary,NG FES - Hydrogen Evolution,Total peak demand with ToUT (MW)
EDUCATIONAL PRECINCT,17.517,17.517,17.517,17.508,17.549,17.640,17.716,17.788,17.971,18.208,18.406,18.469,18.645,18.841,19.016,19.181,19.339,19.500,19.646,19.776,19.895,19.999,20.098,20.175,20.246,20.307,20.334,NPgN,Primary,NG FES - Hydrogen Evolution,Total peak demand with ToUT (MW)
ELVINGTON,11.390,11.950,11.950,12.017,12.152,12.392,12.639,12.929,13.286,13.675,14.133,14.655,15.088,15.491,15.867,16.217,16.543,16.863,17.162,17.423,17.667,17.897,18.118,18.304,18.467,18.617,18.743,NPgN,Primary,NG FES - Hydrogen Evolution,Total peak demand with ToUT (MW)
FARADAY STREET,19.989,21.849,21.849,22.189,22.570,22.995,23.396,23.891,24.542,25.305,25.959,26.342,26.865,27.362,27.753,28.110,28.445,28.774,29.077,29.347,29.587,29.775,29.948,30.060,30.178,30.273,30.275,NPgN,Primary,NG FES - Hydrogen Evolution,Total peak demand with ToUT (MW)
FAWDON T1 & SEATON BURN T1,20.660,20.660,20.660,21.343,22.096,22.894,23.740,24.962,26.238,27.552,28.911,30.241,31.342,32.278,33.094,33.829,34.493,35.153,35.756,36.307,36.804,37.217,37.588,37.848,38.123,38.358,38.465,NPgN,Primary,NG FES - Hydrogen Evolution,Total peak demand with ToUT (MW)
FISHBURN,21.729,22.149,22.149,22.816,23.542,24.331,25.245,26.704,28.321,29.948,31.978,34.326,36.007,37.416,38.536,39.516,40.366,41.175,41.887,42.550,43.142,43.639,44.116,44.500,44.877,45.188,45.291,NPgN,Primary,NG FES - Hydrogen Evolution,Total peak demand with ToUT (MW)
FLATWORTH CENTRAL,15.720,15.720,19.059,19.202,19.388,19.610,19.852,20.192,20.625,21.093,21.512,21.779,22.128,22.476,22.791,23.080,23.343,23.590,23.819,24.031,24.224,24.396,24.558,24.692,24.827,24.948,25.034,NPgN,Primary,NG FES - Hydrogen Evolution,Total peak demand with ToUT (MW)
FOSS ISLANDS,26.400,27.550,27.550,27.887,28.282,28.764,29.238,29.430,29.663,30.004,30.473,31.195,31.795,32.335,32.843,33.327,33.802,34.246,34.658,35.041,35.396,35.714,35.984,36.164,36.367,36.555,36.732,NPgN,Primary,NG FES - Hydrogen Evolution,Total peak demand with ToUT (MW)
FOSSWAY 33/11KV,16.758,17.758,17.758,18.006,18.304,18.659,19.040,19.475,20.167,20.942,21.644,22.058,22.659,23.264,23.765,24.211,24.613,24.988,25.321,25.610,25.864,26.073,26.263,26.396,26.540,26.653,26.669,NPgN,Primary,NG FES - Hydrogen Evolution,Total peak demand with ToUT (MW)
FOURSTONES 20KV,19.467,19.467,19.467,19.670,19.907,20.206,20.604,21.257,22.103,22.948,23.980,25.106,26.008,26.808,27.450,28.013,28.501,28.964,29.375,29.734,30.050,30.319,30.559,30.724,30.894,31.024,31.044,NPgN,Primary,NG FES - Hydrogen Evolution,Total peak demand with ToUT (MW)
FYLANDS BRIDGE,20.154,20.664,20.664,20.940,21.259,21.647,22.154,22.877,23.657,24.404,25.176,25.971,26.656,27.269,27.798,28.272,28.708,29.109,29.464,29.795,30.091,30.346,30.565,30.706,30.866,31.001,31.087,NPgN,Primary,NG FES - Hydrogen Evolution,Total peak demand with ToUT (MW)
GALE LANE,12.263,12.263,12.263,12.604,12.977,13.383,13.839,14.463,15.288,16.167,16.969,17.522,18.220,18.897,19.458,19.958,20.403,20.831,21.223,21.570,21.881,22.147,22.365,22.487,22.629,22.744,22.770,NPgN,Primary,NG FES - Hydrogen Evolution,Total peak demand with ToUT (MW)
GARWOOD STREET,14.953,17.398,17.398,17.510,17.688,17.908,18.167,18.603,19.203,19.838,20.388,20.676,21.101,21.527,21.886,22.201,22.481,22.743,22.977,23.184,23.365,23.517,23.659,23.766,23.872,23.957,23.975,NPgN,Primary,NG FES - Hydrogen Evolution,Total peak demand with ToUT (MW)
GATESHEAD CENTRAL,12.000,12.975,12.975,13.041,13.123,13.237,13.351,13.478,13.675,13.913,14.120,14.229,14.408,14.593,14.748,14.886,15.008,15.120,15.220,15.330,15.426,15.509,15.582,15.637,15.690,15.736,15.760,NPgN,Primary,NG FES - Hydrogen Evolution,Total peak demand with ToUT (MW)
GATESHEAD EAST,9.868,9.868,9.868,9.884,9.936,10.025,10.145,10.296,10.477,10.672,10.869,11.045,11.216,11.378,11.524,11.646,11.747,11.827,11.891,11.940,11.975,12.000,12.017,12.025,12.030,12.032,12.030,NPgN,Primary,NG FES - Hydrogen Evolution,Total peak demand with ToUT (MW)
GOSFORTH 33/11KV,17.216,17.216,17.216,17.183,17.187,17.220,17.257,17.340,17.506,17.710,17.893,17.988,18.156,18.331,18.480,18.619,18.747,18.881,19.007,19.118,19.219,19.308,19.385,19.435,19.484,19.525,19.543,NPgN,Primary,NG FES - Hydrogen Evolution,Total peak demand with ToUT (MW)
GRANGETOWN,17.467,18.494,18.494,18.933,19.470,20.106,20.840,21.804,22.970,24.191,25.370,26.322,27.308,28.231,29.034,29.736,30.347,30.896,31.381,31.802,32.162,32.460,32.720,32.900,33.085,33.237,33.304,NPgN,Primary,NG FES - Hydrogen Evolution,Total peak demand with ToUT (MW)
GREATHAM,23.700,23.700,23.700,23.608,23.540,23.494,23.467,23.486,23.543,23.617,23.696,23.752,23.837,23.928,24.016,24.105,24.193,24.283,24.371,24.453,24.532,24.606,24.676,24.739,24.800,24.859,24.910,NPgN,Primary,NG FES - Hydrogen Evolution,Total peak demand with ToUT (MW)
GUISBOROUGH T1 T2,15.443,16.693,16.693,17.190,17.747,18.356,19.048,20.106,21.355,22.627,23.970,25.214,26.305,27.273,28.088,28.813,29.460,30.084,30.647,31.148,31.598,31.979,32.338,32.612,32.894,33.128,33.213,NPgN,Primary,NG FES - Hydrogen Evolution,Total peak demand with ToUT (MW)
GUISBOROUGH T3,0.000,0.000,0.000,0.000,0.000,0.000,0.000,0.000,0.000,0.000,0.000,0.000,0.000,0.000,0.000,0.000,0.000,0.000,0.000,0.000,0.000,0.000,0.000,0.000,0.000,0.000,0.000,NPgN,Primary,NG FES - Hydrogen Evolution,Total peak demand with ToUT (MW)
HARLOW GREEN,15.252,15.552,15.552,15.874,16.203,16.578,17.001,17.589,18.459,19.397,20.261,20.809,21.521,22.213,22.759,23.242,23.675,24.083,24.448,24.791,25.093,25.343,25.574,25.736,25.914,26.056,26.074,NPgN,Primary,NG FES - Hydrogen Evolution,Total peak demand with ToUT (MW)
HARMIRE BRIDGE,15.130,15.130,15.130,15.413,15.744,16.127,16.579,17.294,18.130,18.973,20.005,21.148,22.012,22.762,23.371,23.908,24.379,24.830,25.232,25.600,25.930,26.216,26.494,26.725,26.949,27.139,27.228,NPgN,Primary,NG FES - Hydrogen Evolution,Total peak demand with ToUT (MW)
HARRATON,16.406,18.428,18.428,18.522,18.666,18.841,19.045,19.394,19.853,20.352,20.808,21.118,21.513,21.894,22.219,22.508,22.761,23.015,23.248,23.453,23.635,23.790,23.910,23.969,24.030,24.079,24.094,NPgN,Primary,NG FES - Hydrogen Evolution,Total peak demand with ToUT (MW)
HARROGATE 132/11KV,27.920,28.404,28.404,28.983,29.652,30.402,31.205,32.195,33.378,34.647,35.835,36.796,37.848,38.838,39.661,40.411,41.100,41.766,42.377,42.913,43.399,43.809,44.160,44.374,44.658,44.904,45.034,NPgN,Primary,NG FES - Hydrogen Evolution,Total peak demand with ToUT (MW)
HARROGATE WEST,10.824,10.824,10.824,10.899,11.004,11.129,11.258,11.441,11.681,11.948,12.190,12.354,12.569,12.782,12.964,13.134,13.294,13.456,13.610,13.749,13.878,13.995,14.102,14.182,14.268,14.347,14.403,NPgN,Primary,NG FES - Hydrogen Evolution,Total peak demand with ToUT (MW)
HARTMOOR 66/20KV,20.499,20.724,20.724,21.294,21.909,22.571,23.275,24.358,25.546,26.800,27.997,29.013,29.994,30.860,31.568,32.202,32.775,33.354,33.890,34.379,34.821,35.186,35.491,35.662,35.889,36.081,36.162,NPgN,Primary,NG FES - Hydrogen Evolution,Total peak demand with ToUT (MW)
HAWTHORN PIT,23.209,25.007,25.007,25.777,26.614,27.507,28.481,29.994,31.601,33.255,34.876,36.308,37.584,38.685,39.643,40.501,41.271,42.028,42.719,43.364,43.943,44.425,44.861,45.173,45.499,45.777,45.900,NPgN,Primary,NG FES - Hydrogen Evolution,Total peak demand with ToUT (MW)
HAXBY ROAD T2 T3,11.991,11.991,11.991,12.321,12.690,13.098,13.558,14.173,15.026,15.938,16.764,17.296,18.014,18.723,19.307,19.828,20.285,20.714,21.105,21.446,21.751,22.009,22.224,22.347,22.487,22.598,22.612,NPgN,Primary,NG FES - Hydrogen Evolution,Total peak demand with ToUT (MW)
HEBBURN,3.523,3.523,3.523,3.625,3.760,3.912,4.069,4.282,4.491,4.720,4.916,5.059,5.212,5.349,5.477,5.593,5.694,5.790,5.876,5.954,6.022,6.076,6.122,6.152,6.180,6.205,6.222,NPgN,Primary,NG FES - Hydrogen Evolution,Total peak demand with ToUT (MW)
HEBBURN WEST,2.631,2.928,2.928,2.925,2.926,2.931,2.937,2.950,2.963,2.978,2.991,3.003,3.016,3.027,3.041,3.055,3.068,3.081,3.094,3.106,3.117,3.126,3.134,3.139,3.144,3.150,3.154,NPgN,Primary,NG FES - Hydrogen Evolution,Total peak demand with ToUT (MW)
HEDWORTH,13.010,15.703,15.703,15.921,16.191,16.502,16.856,17.411,18.104,18.830,19.481,19.914,20.431,20.921,21.340,21.714,22.052,22.379,22.676,22.942,23.178,23.378,23.556,23.679,23.810,23.918,23.954,NPgN,Primary,NG FES - Hydrogen Evolution,Total peak demand with ToUT (MW)
HEIGHINGTON,12.880,12.880,12.880,12.782,12.697,12.621,12.555,12.499,12.451,12.411,12.378,12.352,12.332,12.317,12.306,12.300,12.297,12.293,12.289,12.285,12.281,12.276,12.272,12.266,12.261,12.256,12.251,NPgN,Primary,NG FES - Hydrogen Evolution,Total peak demand with ToUT (MW)
HEXHAM,22.150,22.450,22.450,22.574,22.737,22.945,23.208,23.656,24.200,24.765,25.393,26.018,26.553,27.028,27.420,27.767,28.074,28.369,28.632,28.867,29.075,29.249,29.403,29.502,29.605,29.686,29.704,NPgN,Primary,NG FES - Hydrogen Evolution,Total peak demand with ToUT (MW)
HIGH BARMSTON,18.642,18.642,18.642,18.910,19.274,19.721,20.241,21.000,21.890,22.833,23.711,24.378,25.095,25.768,26.361,26.870,27.301,27.704,28.060,28.359,28.606,28.805,28.961,29.047,29.129,29.192,29.213,NPgN,Primary,NG FES - Hydrogen Evolution,Total peak demand with ToUT (MW)
HIGH FLATTS,15.805,16.251,16.251,16.653,17.093,17.576,18.127,18.998,20.045,21.129,22.136,22.898,23.742,24.529,25.174,25.748,26.261,26.772,27.244,27.686,28.086,28.429,28.714,28.881,29.066,29.221,29.285,NPgN,Primary,NG FES - Hydrogen Evolution,Total peak demand with ToUT (MW)
HOUGHTON,18.680,19.170,19.170,19.733,20.338,20.981,21.674,22.724,23.783,24.883,25.880,26.697,27.468,28.128,28.720,29.256,29.745,30.227,30.671,31.095,31.477,31.792,32.069,32.256,32.460,32.636,32.719,NPgN,Primary,NG FES - Hydrogen Evolution,Total peak demand with ToUT (MW)
HOWDON,9.210,9.210,9.210,9.294,9.404,9.534,9.683,9.895,10.153,10.424,10.670,10.836,11.039,11.240,11.424,11.592,11.743,11.886,12.018,12.138,12.247,12.344,12.434,12.509,12.583,12.652,12.702,NPgN,Primary,NG FES - Hydrogen Evolution,Total peak demand with ToUT (MW)
HUNTINGTON NEW LANE,16.821,17.371,17.371,17.620,17.908,18.235,18.610,19.147,19.813,20.514,21.255,21.944,22.588,23.176,23.664,24.102,24.495,24.870,25.211,25.517,25.794,26.030,26.242,26.392,26.560,26.703,26.769,NPgN,Primary,NG FES - Hydrogen Evolution,Total peak demand with ToUT (MW)
HUSTHWAITE 33/11KV,14.071,14.071,14.071,14.467,14.883,15.337,15.840,16.519,17.221,17.931,18.746,19.664,20.366,20.972,21.531,22.047,22.521,22.978,23.400,23.789,24.150,24.472,24.783,25.049,25.322,25.571,25.747,NPgN,Primary,NG FES - Hydrogen Evolution,Total peak demand with ToUT (MW)
JARROW,4.689,4.689,4.689,4.727,4.782,4.853,4.939,5.042,5.155,5.271,5.385,5.500,5.607,5.705,5.797,5.882,5.961,6.031,6.095,6.150,6.199,6.240,6.273,6.292,6.315,6.334,6.348,NPgN,Primary,NG FES - Hydrogen Evolution,Total peak demand with ToUT (MW)
KENTON,11.560,11.560,11.560,11.831,12.124,12.448,12.801,13.277,13.918,14.602,15.211,15.593,16.092,16.575,16.978,17.340,17.670,17.985,18.272,18.529,18.757,18.947,19.117,19.234,19.362,19.468,19.493,NPgN,Primary,NG FES - Hydrogen Evolution,Total peak demand with ToUT (MW)
KIELDER,1.101,1.096,1.101,1.108,1.119,1.135,1.157,1.194,1.245,1.295,1.363,1.446,1.507,1.560,1.602,1.639,1.671,1.702,1.730,1.753,1.774,1.792,1.809,1.822,1.835,1.844,1.846,NPgN,Primary,NG FES - Hydrogen Evolution,Total peak demand with ToUT (MW)
KILLINGWORTH,18.234,19.234,19.234,19.511,19.842,20.198,20.563,21.072,21.658,22.293,22.872,23.310,23.821,24.301,24.747,25.156,25.532,25.917,26.283,26.622,26.935,27.213,27.446,27.600,27.761,27.910,28.023,NPgN,Primary,NG FES - Hydrogen Evolution,Total peak demand with ToUT (MW)
KIRBYMOORSIDE,10.106,10.106,10.106,10.249,10.418,10.610,10.832,11.187,11.590,12.013,12.528,13.113,13.546,13.915,14.215,14.484,14.723,14.955,15.164,15.351,15.520,15.664,15.804,15.918,16.030,16.123,16.160,NPgN,Primary,NG FES - Hydrogen Evolution,Total peak demand with ToUT (MW)
LEAM CENTRAL,0.052,0.052,0.052,0.052,0.052,0.052,0.052,0.052,0.052,0.052,0.052,0.052,0.052,0.052,0.052,0.052,0.052,0.052,0.052,0.052,0.052,0.052,0.052,0.052,0.052,0.052,0.052,NPgN,Primary,NG FES - Hydrogen Evolution,Total peak demand with ToUT (MW)
LINTON 66/20KV,7.999,8.379,8.379,8.612,8.872,9.155,9.477,9.985,10.535,11.092,11.785,12.595,13.168,13.642,14.023,14.359,14.652,14.934,15.183,15.411,15.616,15.787,15.950,16.078,16.206,16.311,16.341,NPgN,Primary,NG FES - Hydrogen Evolution,Total peak demand with ToUT (MW)
LONGBENTON,16.670,16.670,16.670,16.882,17.114,17.393,17.726,18.202,18.924,19.692,20.399,20.860,21.491,22.117,22.634,23.095,23.509,23.909,24.277,24.601,24.892,25.142,25.343,25.451,25.577,25.676,25.699,NPgN,Primary,NG FES - Hydrogen Evolution,Total peak demand with ToUT (MW)
LOW SPENNYMOOR,9.612,9.612,9.612,9.980,10.379,10.794,11.217,11.845,12.442,13.080,13.613,14.003,14.402,14.741,15.031,15.296,15.543,15.791,16.023,16.270,16.496,16.681,16.842,16.950,17.068,17.174,17.233,NPgN,Primary,NG FES - Hydrogen Evolution,Total peak demand with ToUT (MW)
LYNEMOUTH,5.416,5.916,5.916,5.951,5.994,6.044,6.107,6.222,6.355,6.493,6.666,6.869,7.014,7.135,7.232,7.319,7.393,7.465,7.529,7.588,7.642,7.685,7.727,7.759,7.791,7.816,7.820,NPgN,Primary,NG FES - Hydrogen Evolution,Total peak demand with ToUT (MW)
MADDISON STREET,16.613,16.613,16.613,17.229,17.899,18.612,19.394,20.513,21.747,23.039,24.161,24.960,25.873,26.716,27.434,28.079,28.666,29.236,29.760,30.249,30.689,31.055,31.359,31.531,31.734,31.903,31.966,NPgN,Primary,NG FES - Hydrogen Evolution,Total peak demand with ToUT (MW)
MALLEABLE,17.145,22.568,22.568,22.925,23.338,23.789,24.252,24.827,25.448,26.112,26.707,27.156,27.660,28.145,28.610,29.048,29.463,29.869,30.255,30.622,30.968,31.284,31.589,31.862,32.134,32.395,32.619,NPgN,Primary,NG FES - Hydrogen Evolution,Total peak demand with ToUT (MW)
MALTON,20.705,22.353,22.353,22.651,23.027,23.449,23.885,24.511,25.156,25.890,26.636,27.354,27.976,28.517,28.981,29.406,29.790,30.174,30.528,30.850,31.141,31.388,31.612,31.778,31.942,32.088,32.169,NPgN,Primary,NG FES - Hydrogen Evolution,Total peak demand with ToUT (MW)
MEADOWFIELD,10.071,10.071,10.071,10.215,10.388,10.571,10.750,11.003,11.242,11.513,11.774,12.010,12.217,12.397,12.555,12.704,12.843,12.987,13.122,13.262,13.392,13.505,13.611,13.698,13.785,13.867,13.927,NPgN,Primary,NG FES - Hydrogen Evolution,Total peak demand with ToUT (MW)
MELROSEGATE 33/11KV,7.289,7.289,7.289,7.466,7.657,7.865,8.087,8.351,8.679,9.038,9.362,9.593,9.869,10.133,10.358,10.563,10.752,10.931,11.093,11.239,11.371,11.482,11.580,11.648,11.725,11.791,11.817,NPgN,Primary,NG FES - Hydrogen Evolution,Total peak demand with ToUT (MW)
MILLBANK LANE,16.239,18.428,18.428,18.882,19.378,19.905,20.475,21.263,22.159,23.093,23.945,24.642,25.454,26.228,26.918,27.548,28.123,28.721,29.294,29.815,30.302,30.740,31.072,31.236,31.426,31.602,31.753,NPgN,Primary,NG FES - Hydrogen Evolution,Total peak demand with ToUT (MW)
MONKSEATON,19.072,19.072,19.072,19.424,19.822,20.291,20.863,21.790,23.073,24.377,25.639,26.554,27.590,28.582,29.399,30.120,30.763,31.382,31.939,32.423,32.855,33.226,33.567,33.818,34.078,34.290,34.352,NPgN,Primary,NG FES - Hydrogen Evolution,Total peak demand with ToUT (MW)
MOOR MONKTON PUMPS,4.856,4.856,4.856,4.906,4.985,5.113,5.250,5.397,5.560,5.731,5.914,6.116,6.295,6.464,6.629,6.785,6.934,7.080,7.218,7.338,7.452,7.560,7.662,7.744,7.819,7.891,7.957,NPgN,Primary,NG FES - Hydrogen Evolution,Total peak demand with ToUT (MW)
MORPETH,18.761,20.029,20.029,20.495,21.017,21.578,22.172,23.022,23.871,24.777,25.637,26.416,27.110,27.702,28.211,28.675,29.100,29.521,29.905,30.272,30.603,30.876,31.116,31.276,31.449,31.598,31.665,NPgN,Primary,NG FES - Hydrogen Evolution,Total peak demand with ToUT (MW)
MOUNT ROAD,17.622,17.622,17.622,17.775,17.958,18.200,18.506,19.022,19.847,20.713,21.517,21.995,22.654,23.310,23.841,24.306,24.715,25.107,25.456,25.756,26.018,26.238,26.434,26.563,26.696,26.796,26.796,NPgN,Primary,NG FES - Hydrogen Evolution,Total peak demand with ToUT (MW)
NEWBURN HAUGH,5.783,6.416,6.416,6.468,6.541,6.630,6.734,6.922,7.206,7.512,7.790,7.935,8.143,8.354,8.522,8.667,8.791,8.912,9.018,9.109,9.187,9.251,9.314,9.366,9.416,9.455,9.458,NPgN,Primary,NG FES - Hydrogen Evolution,Total peak demand with ToUT (MW)
NEWBY,13.227,13.407,13.407,13.642,13.910,14.219,14.584,15.133,15.859,16.607,17.338,17.908,18.520,19.096,19.556,19.960,20.320,20.663,20.970,21.282,21.562,21.801,22.015,22.165,22.325,22.457,22.506,NPgN,Primary,NG FES - Hydrogen Evolution,Total peak demand with ToUT (MW)
NEWCASTLE AIRPORT,12.629,13.629,13.629,13.844,14.087,14.347,14.616,15.003,15.429,15.890,16.292,16.573,16.892,17.180,17.429,17.659,17.874,18.091,18.293,18.482,18.652,18.792,18.916,18.997,19.088,19.167,19.198,NPgN,Primary,NG FES - Hydrogen Evolution,Total peak demand with ToUT (MW)
NEWTON AYCLIFFE SOUTH,12.274,12.274,12.274,12.250,12.243,12.253,12.282,12.351,12.435,12.527,12.618,12.703,12.790,12.871,12.944,13.011,13.074,13.133,13.187,13.236,13.281,13.318,13.349,13.366,13.385,13.401,13.411,NPgN,Primary,NG FES - Hydrogen Evolution,Total peak demand with ToUT (MW)
NORTH STREET,9.840,9.840,9.840,9.934,10.061,10.239,10.425,10.619,10.969,11.371,11.748,11.987,12.324,12.663,12.940,13.187,13.412,13.624,13.811,13.983,14.135,14.263,14.382,14.464,14.548,14.613,14.628,NPgN,Primary,NG FES - Hydrogen Evolution,Total peak demand with ToUT (MW)
NORTH TEES T1 T2,20.839,22.526,22.526,22.706,22.970,23.322,23.739,24.199,24.707,25.244,25.799,26.346,26.855,27.345,27.806,28.220,28.587,28.914,29.204,29.457,29.676,29.876,30.057,30.216,30.368,30.510,30.653,NPgN,Primary,NG FES - Hydrogen Evolution,Total peak demand with ToUT (MW)
NORTH TEES T3 T4,16.568,18.023,18.023,18.156,18.316,18.504,18.708,19.019,19.460,19.932,20.384,20.694,21.081,21.473,21.816,22.140,22.447,22.753,23.047,23.325,23.589,23.837,24.087,24.319,24.548,24.761,24.929,NPgN,Primary,NG FES - Hydrogen Evolution,Total peak demand with ToUT (MW)
NORTHALLERTON,16.571,16.861,16.861,17.248,17.665,18.122,18.616,19.248,19.958,20.705,21.494,22.280,22.998,23.657,24.265,24.830,25.357,25.874,26.361,26.816,27.245,27.637,28.001,28.296,28.598,28.879,29.101,NPgN,Primary,NG FES - Hydrogen Evolution,Total peak demand with ToUT (MW)
NORTON 132/11KV,30.870,30.870,30.870,31.793,32.791,33.865,35.071,36.791,38.876,41.002,42.948,44.353,45.968,47.493,48.814,50.011,51.105,52.159,53.132,54.015,54.819,55.514,56.142,56.598,57.094,57.525,57.750,NPgN,Primary,NG FES - Hydrogen Evolution,Total peak demand with ToUT (MW)
OATLANDS,9.643,10.393,10.393,10.596,10.821,11.072,11.362,11.753,12.240,12.741,13.225,13.623,14.047,14.446,14.775,15.071,15.339,15.597,15.830,16.034,16.219,16.376,16.509,16.589,16.692,16.779,16.817,NPgN,Primary,NG FES - Hydrogen Evolution,Total peak demand with ToUT (MW)
OFFERTON 33/11KV,15.664,16.601,16.601,16.945,17.322,17.739,18.226,19.018,19.996,21.002,21.927,22.578,23.319,24.010,24.591,25.107,25.567,26.017,26.427,26.795,27.122,27.396,27.634,27.788,27.955,28.091,28.129,NPgN,Primary,NG FES - Hydrogen Evolution,Total peak demand with ToUT (MW)
PALLION TRADING,14.113,15.113,15.113,15.356,15.624,15.923,16.259,16.817,17.506,18.225,18.861,19.263,19.753,20.210,20.608,20.963,21.287,21.602,21.891,22.151,22.384,22.576,22.752,22.875,23.006,23.115,23.147,NPgN,Primary,NG FES - Hydrogen Evolution,Total peak demand with ToUT (MW)
PETERLEE INDUSTRIAL,9.246,9.246,9.246,9.225,9.211,9.205,9.206,9.213,9.225,9.243,9.267,9.295,9.329,9.364,9.405,9.450,9.495,9.541,9.588,9.633,9.679,9.725,9.770,9.816,9.862,9.907,9.953,NPgN,Primary,NG FES - Hydrogen Evolution,Total peak demand with ToUT (MW)
PETERLEE WEST,9.975,10.705,10.705,10.859,11.037,11.243,11.482,11.860,12.340,12.838,13.300,13.643,14.047,14.437,14.763,15.057,15.323,15.589,15.838,16.064,16.271,16.455,16.609,16.705,16.806,16.895,16.946,NPgN,Primary,NG FES - Hydrogen Evolution,Total peak demand with ToUT (MW)
PILGRIM,16.016,18.486,18.486,18.412,18.365,18.343,18.314,18.245,18.193,18.164,18.142,18.127,18.131,18.146,18.174,18.209,18.248,18.288,18.327,18.364,18.399,18.432,18.463,18.487,18.509,18.532,18.552,NPgN,Primary,NG FES - Hydrogen Evolution,Total peak demand with ToUT (MW)
POTTER HOUSE T1 T3,16.733,18.933,18.933,19.362,19.824,20.364,21.062,22.042,23.065,24.026,25.040,26.129,27.014,27.785,28.443,29.026,29.560,30.040,30.460,30.855,31.207,31.505,31.759,31.914,32.100,32.249,32.324,NPgN,Primary,NG FES - Hydrogen Evolution,Total peak demand with ToUT (MW)
POTTER HOUSE T4 T5,6.969,6.969,6.969,7.006,7.054,7.112,7.174,7.280,7.414,7.563,7.703,7.805,7.923,8.037,8.135,8.227,8.313,8.403,8.489,8.570,8.648,8.720,8.786,8.841,8.895,8.945,8.982,NPgN,Primary,NG FES - Hydrogen Evolution,Total peak demand with ToUT (MW)
PRISSICK,20.293,20.615,20.615,21.047,21.514,22.019,22.596,23.511,24.614,25.764,26.777,27.464,28.308,29.102,29.743,30.315,30.826,31.331,31.800,32.213,32.584,32.890,33.129,33.235,33.366,33.467,33.470,NPgN,Primary,NG FES - Hydrogen Evolution,Total peak demand with ToUT (MW)
RAVENSCAR,1.473,1.473,1.473,1.505,1.542,1.582,1.624,1.682,1.744,1.808,1.874,1.938,1.992,2.039,2.077,2.109,2.141,2.171,2.197,2.233,2.266,2.294,2.321,2.341,2.363,2.382,2.394,NPgN,Primary,NG FES - Hydrogen Evolution,Total peak demand with ToUT (MW)
RAWCLIFFE LANE,16.292,16.907,16.907,17.164,17.460,17.798,18.183,18.742,19.451,20.205,20.983,21.711,22.454,23.147,23.724,24.240,24.699,25.167,25.603,25.989,26.343,26.653,26.882,26.974,27.085,27.176,27.222,NPgN,Primary,NG FES - Hydrogen Evolution,Total peak demand with ToUT (MW)
REDCAR,25.748,26.687,26.687,27.494,28.425,29.450,30.597,32.308,34.325,36.420,38.569,40.512,42.316,43.940,45.318,46.537,47.614,48.667,49.625,50.476,51.238,51.886,52.440,52.800,53.178,53.491,53.616,NPgN,Primary,NG FES - Hydrogen Evolution,Total peak demand with ToUT (MW)
RESERVOIR,18.996,18.996,18.996,19.672,20.419,21.237,22.182,23.576,25.127,26.710,28.335,29.880,31.256,32.476,33.493,34.388,35.177,35.931,36.608,37.222,37.769,38.226,38.605,38.826,39.071,39.267,39.329,NPgN,Primary,NG FES - Hydrogen Evolution,Total peak demand with ToUT (MW)
RICHMOND T1,8.401,8.401,8.401,8.673,8.972,9.311,9.711,10.284,10.964,11.656,12.509,13.477,14.225,14.885,15.436,15.929,16.367,16.781,17.157,17.492,17.797,18.070,18.332,18.550,18.768,18.958,19.070,NPgN,Primary,NG FES - Hydrogen Evolution,Total peak demand with ToUT (MW)
RICHMOND T2,3.618,3.618,3.618,3.692,3.804,3.980,4.154,4.343,4.574,4.827,5.127,5.478,5.771,6.050,6.305,6.551,6.788,7.027,7.256,7.462,7.661,7.854,8.043,8.207,8.354,8.492,8.616,NPgN,Primary,NG FES - Hydrogen Evolution,Total peak demand with ToUT (MW)
RIPON,17.524,18.428,18.428,18.718,19.074,19.498,19.990,20.650,21.431,22.235,23.085,23.911,24.666,25.359,25.943,26.466,26.932,27.374,27.774,28.124,28.435,28.706,28.943,29.103,29.286,29.444,29.540,NPgN,Primary,NG FES - Hydrogen Evolution,Total peak demand with ToUT (MW)
RISE CARR,9.128,10.296,10.296,10.566,10.869,11.197,11.549,12.045,12.650,13.301,13.896,14.335,14.852,15.338,15.737,16.094,16.412,16.730,17.024,17.282,17.515,17.710,17.863,17.933,18.018,18.084,18.098,NPgN,Primary,NG FES - Hydrogen Evolution,Total peak demand with ToUT (MW)
ROMANBY,3.659,3.659,3.659,3.834,4.015,4.206,4.414,4.661,4.959,5.276,5.563,5.782,6.054,6.316,6.548,6.761,6.953,7.139,7.313,7.472,7.619,7.749,7.853,7.911,7.979,8.039,8.077,NPgN,Primary,NG FES - Hydrogen Evolution,Total peak demand with ToUT (MW)
RUDBY,4.652,4.652,4.652,4.802,4.964,5.145,5.358,5.649,5.977,6.303,6.690,7.121,7.457,7.753,8.012,8.246,8.452,8.647,8.824,8.981,9.125,9.252,9.371,9.471,9.572,9.661,9.716,NPgN,Primary,NG FES - Hydrogen Evolution,Total peak demand with ToUT (MW)
SCARBOROUGH 33/11KV,18.716,19.598,19.598,19.885,20.219,20.617,21.034,21.519,22.194,22.944,23.688,24.296,24.958,25.583,26.086,26.539,26.950,27.343,27.694,28.066,28.404,28.694,28.955,29.138,29.330,29.493,29.563,NPgN,Primary,NG FES - Hydrogen Evolution,Total peak demand with ToUT (MW)
SCARBOROUGH 66/11KV,0.268,0.493,0.493,0.493,0.493,0.493,0.493,0.493,0.493,0.493,0.493,0.493,0.493,0.493,0.493,0.493,0.493,0.493,0.493,0.493,0.493,0.493,0.493,0.493,0.493,0.493,0.493,NPgN,Primary,NG FES - Hydrogen Evolution,Total peak demand with ToUT (MW)
SEGHILL,13.075,13.380,13.380,13.710,14.068,14.456,14.896,15.562,16.323,17.105,17.993,18.922,19.664,20.305,20.829,21.296,21.710,22.106,22.461,22.788,23.082,23.329,23.557,23.726,23.902,24.047,24.097,NPgN,Primary,NG FES - Hydrogen Evolution,Total peak demand with ToUT (MW)
SESSAY BRIDGE_SOWERBY,9.480,10.118,10.118,10.290,10.491,10.713,10.955,11.310,11.709,12.123,12.623,13.175,13.598,13.970,14.288,14.579,14.840,15.095,15.330,15.545,15.744,15.923,16.101,16.261,16.421,16.566,16.666,NPgN,Primary,NG FES - Hydrogen Evolution,Total peak demand with ToUT (MW)
SEVERUS HILL,13.442,13.642,13.642,13.876,14.148,14.470,14.846,15.354,16.050,16.787,17.551,18.211,18.886,19.520,20.039,20.497,20.901,21.284,21.625,21.921,22.183,22.405,22.592,22.706,22.830,22.926,22.948,NPgN,Primary,NG FES - Hydrogen Evolution,Total peak demand with ToUT (MW)
SHERIFF HUTTON,13.132,13.132,13.132,13.440,13.782,14.170,14.636,15.295,16.079,16.866,17.831,18.919,19.771,20.523,21.151,21.710,22.202,22.662,23.075,23.439,23.768,24.055,24.324,24.536,24.751,24.933,25.021,NPgN,Primary,NG FES - Hydrogen Evolution,Total peak demand with ToUT (MW)
SHOTTON,13.713,13.713,13.713,13.854,14.022,14.231,14.502,14.875,15.283,15.679,16.069,16.445,16.796,17.116,17.399,17.658,17.900,18.121,18.320,18.505,18.672,18.818,18.947,19.036,19.136,19.224,19.285,NPgN,Primary,NG FES - Hydrogen Evolution,Total peak demand with ToUT (MW)
SIMONSIDE,11.501,11.501,11.501,11.668,11.878,12.122,12.405,12.865,13.462,14.087,14.655,15.021,15.463,15.887,16.240,16.553,16.829,17.084,17.314,17.521,17.700,17.850,17.989,18.095,18.204,18.293,18.314,NPgN,Primary,NG FES - Hydrogen Evolution,Total peak demand with ToUT (MW)
SKELDERGATE,14.081,14.481,14.481,14.504,14.562,14.649,14.720,14.751,14.834,14.972,15.099,15.185,15.321,15.464,15.592,15.714,15.833,15.950,16.060,16.160,16.253,16.334,16.405,16.455,16.505,16.551,16.581,NPgN,Primary,NG FES - Hydrogen Evolution,Total peak demand with ToUT (MW)
SKERNESIDE,20.013,20.013,20.013,20.432,20.921,21.472,22.105,23.050,24.085,25.148,26.305,27.489,28.466,29.321,30.034,30.667,31.225,31.760,32.242,32.680,33.070,33.403,33.700,33.917,34.137,34.324,34.421,NPgN,Primary,NG FES - Hydrogen Evolution,Total peak demand with ToUT (MW)
SPADEADAM 20KV,5.738,6.161,6.161,6.266,6.447,6.759,7.080,7.478,7.978,8.501,9.107,9.776,10.321,10.817,11.244,11.633,11.987,12.334,12.651,12.915,13.156,13.375,13.580,13.731,13.858,13.964,14.023,NPgN,Primary,NG FES - Hydrogen Evolution,Total peak demand with ToUT (MW)
SPENCERBECK,24.550,25.050,25.050,25.480,25.978,26.542,27.131,27.896,28.836,29.875,30.820,31.491,32.260,32.975,33.577,34.121,34.619,35.090,35.518,35.899,36.235,36.507,36.756,36.933,37.122,37.279,37.321,NPgN,Primary,NG FES - Hydrogen Evolution,Total peak demand with ToUT (MW)
SPENNYMOOR 66/20KV,17.846,19.167,19.167,19.613,20.111,20.653,21.260,22.231,23.278,24.345,25.573,26.889,27.877,28.710,29.381,29.973,30.494,30.998,31.447,31.879,32.263,32.587,32.897,33.146,33.394,33.602,33.692,NPgN,Primary,NG FES - Hydrogen Evolution,Total peak demand with ToUT (MW)
STARBECK,21.896,22.516,22.516,22.979,23.508,24.105,24.803,25.828,27.110,28.417,29.650,30.584,31.631,32.625,33.443,34.175,34.832,35.465,36.041,36.543,36.992,37.377,37.707,37.916,38.168,38.378,38.469,NPgN,Primary,NG FES - Hydrogen Evolution,Total peak demand with ToUT (MW)
STOBSWOOD COAL,0.000,0.000,0.000,0.000,0.000,0.000,0.000,0.000,0.000,0.000,0.000,0.000,0.000,0.000,0.000,0.000,0.000,0.000,0.000,0.000,0.000,0.000,0.000,0.000,0.000,0.000,0.000,NPgN,Primary,NG FES - Hydrogen Evolution,Total peak demand with ToUT (MW)
STOKESLEY,9.134,9.134,9.134,9.373,9.630,9.916,10.241,10.688,11.175,11.664,12.241,12.888,13.393,13.835,14.230,14.588,14.914,15.225,15.509,15.769,16.008,16.224,16.432,16.609,16.787,16.948,17.059,NPgN,Primary,NG FES - Hydrogen Evolution,Total peak demand with ToUT (MW)
STONEY CUT,19.261,19.486,19.486,19.749,20.058,20.402,20.803,21.481,22.330,23.212,24.149,24.996,25.787,26.510,27.101,27.626,28.092,28.553,28.976,29.368,29.725,30.037,30.319,30.525,30.733,30.912,31.002,NPgN,Primary,NG FES - Hydrogen Evolution,Total peak demand with ToUT (MW)
SUNDERLAND T1 T2,16.080,17.280,17.280,17.345,17.458,17.618,17.759,17.843,18.041,18.319,18.589,18.771,19.036,19.305,19.554,19.783,19.995,20.195,20.377,20.541,20.688,20.816,20.930,21.009,21.088,21.155,21.187,NPgN,Primary,NG FES - Hydrogen Evolution,Total peak demand with ToUT (MW)
SUNDERLAND T5 T6,2.094,3.294,3.294,3.279,3.265,3.251,3.241,3.231,3.223,3.215,3.210,3.205,3.200,3.198,3.196,3.194,3.193,3.193,3.191,3.190,3.189,3.188,3.187,3.186,3.185,3.184,3.182,NPgN,Primary,NG FES - Hydrogen Evolution,Total peak demand with ToUT (MW)
TANFIELD,12.164,12.164,12.164,12.458,12.782,13.140,13.554,14.254,15.119,16.008,16.895,17.623,18.337,18.988,19.508,19.967,20.373,20.767,21.123,21.458,21.757,22.012,22.246,22.413,22.587,22.730,22.776,NPgN,Primary,NG FES - Hydrogen Evolution,Total peak demand with ToUT (MW)
TEAM VALLEY,27.116,28.051,28.051,28.076,28.185,28.387,28.655,29.036,29.485,29.970,30.466,30.918,31.341,31.737,32.088,32.389,32.640,32.855,33.033,33.182,33.295,33.382,33.450,33.489,33.520,33.540,33.545,NPgN,Primary,NG FES - Hydrogen Evolution,Total peak demand with ToUT (MW)
TEES INDUSTRIAL T1 T2,9.165,9.165,9.165,9.224,9.287,9.357,9.432,9.514,9.601,9.693,9.791,9.893,9.999,10.110,10.225,10.344,10.464,10.585,10.705,10.825,10.946,11.066,11.187,11.307,11.427,11.548,11.668,NPgN,Primary,NG FES - Hydrogen Evolution,Total peak demand with ToUT (MW)
TEMPLE PARK,15.799,15.799,15.799,16.192,16.639,17.129,17.695,18.601,19.749,20.940,22.009,22.709,23.570,24.388,25.071,25.678,26.218,26.738,27.214,27.638,28.017,28.337,28.616,28.797,28.996,29.159,29.199,NPgN,Primary,NG FES - Hydrogen Evolution,Total peak demand with ToUT (MW)
THIRSK,14.059,14.059,14.059,14.399,14.789,15.217,15.679,16.306,16.967,17.648,18.437,19.310,19.987,20.579,21.102,21.583,22.020,22.443,22.833,23.191,23.523,23.821,24.113,24.373,24.636,24.878,25.057,NPgN,Primary,NG FES - Hydrogen Evolution,Total peak demand with ToUT (MW)
THORNTON DALE,11.426,11.426,11.426,11.665,11.934,12.231,12.569,13.084,13.638,14.224,14.922,15.714,16.297,16.789,17.191,17.552,17.874,18.185,18.463,18.714,18.942,19.135,19.319,19.466,19.613,19.737,19.788,NPgN,Primary,NG FES - Hydrogen Evolution,Total peak demand with ToUT (MW)
TORONTO 66/20KV,15.659,15.659,15.659,15.932,16.248,16.634,17.127,17.786,18.501,19.192,19.912,20.671,21.324,21.909,22.415,22.866,23.280,23.659,23.994,24.302,24.577,24.813,25.012,25.131,25.268,25.381,25.449,NPgN,Primary,NG FES - Hydrogen Evolution,Total peak demand with ToUT (MW)
TUNSTALL,18.622,19.747,19.747,20.253,20.794,21.377,22.015,22.985,24.123,25.315,26.350,27.023,27.840,28.601,29.281,29.894,30.452,30.993,31.496,31.952,32.363,32.705,33.002,33.193,33.406,33.585,33.654,NPgN,Primary,NG FES - Hydrogen Evolution,Total peak demand with ToUT (MW)
TYNEMOUTH CENTRAL,12.396,12.396,12.396,12.663,12.962,13.313,13.710,14.263,15.071,15.924,16.676,17.103,17.734,18.371,18.910,19.391,19.824,20.236,20.609,20.940,21.239,21.496,21.728,21.890,22.062,22.204,22.251,NPgN,Primary,NG FES - Hydrogen Evolution,Total peak demand with ToUT (MW)
UNIVERSITY,18.783,20.983,20.983,20.898,20.839,20.807,20.775,20.704,20.652,20.621,20.617,20.647,20.677,20.710,20.750,20.795,20.842,20.888,20.930,20.969,21.005,21.037,21.066,21.083,21.102,21.119,21.134,NPgN,Primary,NG FES - Hydrogen Evolution,Total peak demand with ToUT (MW)
URLAY NOOK,19.991,21.203,21.203,21.831,22.511,23.222,23.974,24.979,26.009,27.068,28.031,28.857,29.710,30.485,31.203,31.873,32.498,33.136,33.744,34.304,34.829,35.295,35.689,35.952,36.240,36.509,36.720,NPgN,Primary,NG FES - Hydrogen Evolution,Total peak demand with ToUT (MW)
USWORTH,14.969,15.719,15.719,15.737,15.795,15.886,16.010,16.237,16.567,16.924,17.264,17.489,17.769,18.045,18.275,18.475,18.646,18.804,18.942,19.061,19.159,19.241,19.312,19.358,19.404,19.438,19.439,NPgN,Primary,NG FES - Hydrogen Evolution,Total peak demand with ToUT (MW)
WALKER,12.960,12.960,12.960,13.290,13.660,14.064,14.482,15.033,15.731,16.484,17.136,17.520,18.033,18.532,18.963,19.355,19.714,20.056,20.370,20.658,20.916,21.131,21.332,21.484,21.646,21.783,21.837,NPgN,Primary,NG FES - Hydrogen Evolution,Total peak demand with ToUT (MW)
WANSBECK,1.290,2.790,2.790,2.784,2.779,2.775,2.773,2.774,2.778,2.784,2.790,2.793,2.797,2.802,2.806,2.809,2.812,2.815,2.819,2.821,2.823,2.825,2.826,2.828,2.829,2.830,2.830,NPgN,Primary,NG FES - Hydrogen Evolution,Total peak demand with ToUT (MW)
WARDLEY,7.254,7.254,7.254,7.403,7.575,7.759,7.953,8.246,8.616,9.018,9.367,9.573,9.845,10.105,10.323,10.520,10.698,10.873,11.037,11.191,11.332,11.449,11.556,11.633,11.714,11.783,11.808,NPgN,Primary,NG FES - Hydrogen Evolution,Total peak demand with ToUT (MW)
WARKWORTH,15.434,15.434,15.434,15.860,16.331,16.852,17.450,18.382,19.403,20.433,21.673,23.076,24.103,24.963,25.660,26.275,26.818,27.337,27.796,28.217,28.594,28.909,29.209,29.444,29.679,29.871,29.929,NPgN,Primary,NG FES - Hydrogen Evolution,Total peak demand with ToUT (MW)
WENSLEYDALE,9.782,9.782,9.782,10.137,10.667,11.505,12.368,13.340,14.492,15.736,17.171,18.820,20.194,21.474,22.642,23.743,24.789,25.832,26.819,27.687,28.513,29.295,30.052,30.673,31.227,31.742,32.180,NPgN,Primary,NG FES - Hydrogen Evolution,Total peak demand with ToUT (MW)
WEST HARTFORD,3.175,3.175,3.175,3.223,3.276,3.337,3.417,3.543,3.717,3.897,4.070,4.217,4.403,4.588,4.741,4.877,4.994,5.119,5.236,5.339,5.433,5.519,5.568,5.565,5.570,5.572,5.574,NPgN,Primary,NG FES - Hydrogen Evolution,Total peak demand with ToUT (MW)
WEST SOUTHWICK,12.816,13.244,13.244,13.298,13.382,13.483,13.597,13.831,14.152,14.502,14.820,15.005,15.248,15.481,15.678,15.854,16.010,16.166,16.308,16.437,16.552,16.647,16.737,16.805,16.872,16.928,16.940,NPgN,Primary,NG FES - Hydrogen Evolution,Total peak demand with ToUT (MW)
WEST WYLAM,21.101,21.101,21.101,21.225,21.418,21.678,22.026,22.529,23.103,23.674,24.284,24.905,25.447,25.933,26.354,26.721,27.047,27.339,27.591,27.807,27.991,28.143,28.267,28.332,28.405,28.458,28.471,NPgN,Primary,NG FES - Hydrogen Evolution,Total peak demand with ToUT (MW)
WESTERHOPE,11.177,11.177,11.177,11.502,11.871,12.259,12.662,13.223,13.905,14.642,15.286,15.690,16.195,16.668,17.067,17.426,17.753,18.071,18.362,18.627,18.863,19.056,19.237,19.367,19.509,19.627,19.660,NPgN,Primary,NG FES - Hydrogen Evolution,Total peak demand with ToUT (MW)
WESTOE,9.721,10.081,10.081,10.301,10.556,10.852,11.212,11.797,12.611,13.446,14.181,14.600,15.188,15.771,16.251,16.671,17.044,17.397,17.715,17.992,18.238,18.444,18.627,18.750,18.882,18.985,18.998,NPgN,Primary,NG FES - Hydrogen Evolution,Total peak demand with ToUT (MW)
WHITBY T1,5.584,5.584,5.584,5.669,5.782,5.928,6.073,6.253,6.450,6.664,6.879,7.085,7.267,7.429,7.564,7.689,7.804,7.919,8.024,8.146,8.258,8.358,8.450,8.523,8.592,8.654,8.697,NPgN,Primary,NG FES - Hydrogen Evolution,Total peak demand with ToUT (MW)
WHITBY T2,8.255,8.255,8.255,8.321,8.413,8.535,8.676,8.893,9.163,9.444,9.772,10.113,10.392,10.641,10.842,11.016,11.170,11.314,11.443,11.573,11.688,11.787,11.880,11.950,12.017,12.075,12.099,NPgN,Primary,NG FES - Hydrogen Evolution,Total peak demand with ToUT (MW)
WHITBY WEST T1,4.873,4.873,4.873,4.993,5.126,5.271,5.424,5.616,5.840,6.081,6.309,6.498,6.694,6.874,7.021,7.153,7.272,7.386,7.487,7.601,7.704,7.792,7.870,7.923,7.982,8.033,8.057,NPgN,Primary,NG FES - Hydrogen Evolution,Total peak demand with ToUT (MW)
WHITBY WEST T2,5.521,5.521,5.521,5.634,5.766,5.915,6.070,6.273,6.520,6.785,7.058,7.307,7.542,7.754,7.922,8.074,8.210,8.345,8.466,8.608,8.740,8.853,8.956,9.034,9.114,9.184,9.224,NPgN,Primary,NG FES - Hydrogen Evolution,Total peak demand with ToUT (MW)
WILLINGTON,11.246,13.342,13.342,13.833,14.350,14.895,15.484,16.295,17.202,18.122,18.892,19.376,19.980,20.545,21.074,21.558,22.003,22.432,22.828,23.193,23.525,23.804,24.053,24.225,24.419,24.587,24.670,NPgN,Primary,NG FES - Hydrogen Evolution,Total peak demand with ToUT (MW)
WORMALD GREEN 132/11KV,13.516,13.516,13.516,13.864,14.251,14.680,15.174,15.864,16.669,17.491,18.323,19.084,19.804,20.459,20.995,21.474,21.902,22.314,22.687,23.013,23.306,23.552,23.761,23.889,24.052,24.190,24.251,NPgN,Primary,NG FES - Hydrogen Evolution,Total peak demand with ToUT (MW)
WYNYARD,7.011,9.389,9.389,9.496,9.612,9.736,9.869,10.036,10.200,10.367,10.525,10.671,10.815,10.952,11.089,11.222,11.353,11.483,11.610,11.732,11.850,11.962,12.070,12.170,12.272,12.371,12.464,NPgN,Primary,NG FES - Hydrogen Evolution,Total peak demand with ToUT (MW)
YEDINGHAM,1.992,1.992,1.992,2.019,2.048,2.084,2.125,2.187,2.259,2.333,2.423,2.528,2.608,2.674,2.729,2.778,2.821,2.862,2.900,2.936,2.969,2.997,3.023,3.043,3.062,3.080,3.086,NPgN,Primary,NG FES - Hydrogen Evolution,Total peak demand with ToUT (MW)
YORK UNIVERSITY,12.006,12.006,12.006,12.055,12.130,12.219,12.308,12.428,12.585,12.776,12.972,13.146,13.323,13.487,13.626,13.755,13.874,13.994,14.104,14.205,14.297,14.376,14.446,14.495,14.546,14.590,14.610,NPgN,Primary,NG FES - Hydrogen Evolution,Total peak demand with ToUT (MW)
ABBEY ROAD,8.227,8.227,8.227,8.350,8.499,8.685,8.961,9.341,9.754,10.210,10.640,10.969,11.376,11.704,12.102,12.505,12.909,13.139,13.375,13.705,14.007,14.273,14.514,14.695,14.861,14.996,15.016,NPgY,Primary,NG FES - Hydrogen Evolution,Total peak demand with ToUT (MW)
AIREDALE ROAD,10.410,10.629,10.629,10.689,10.798,10.945,11.178,11.553,11.958,12.387,12.801,13.097,13.426,13.735,14.094,14.444,14.777,15.018,15.233,15.432,15.602,15.743,15.864,15.951,16.026,16.082,16.081,NPgY,Primary,NG FES - Hydrogen Evolution,Total peak demand with ToUT (MW)
ALDHAM,12.915,13.065,13.065,13.548,14.050,14.578,15.329,16.141,16.951,17.839,18.667,19.287,20.060,20.720,21.434,22.133,22.847,23.282,23.718,24.259,24.764,25.198,25.599,25.922,26.235,26.512,26.621,NPgY,Primary,NG FES - Hydrogen Evolution,Total peak demand with ToUT (MW)
ALFRED GELDER STREET,13.285,13.285,13.285,13.268,13.287,13.343,13.425,13.491,13.578,13.723,13.863,13.969,14.111,14.252,14.419,14.589,14.756,14.887,15.005,15.112,15.210,15.296,15.379,15.439,15.492,15.540,15.568,NPgY,Primary,NG FES - Hydrogen Evolution,Total peak demand with ToUT (MW)
ALLERTON HILL T1,5.729,5.729,5.729,5.845,5.975,6.122,6.340,6.652,6.985,7.352,7.675,7.887,8.191,8.441,8.747,9.059,9.366,9.536,9.707,9.939,10.152,10.338,10.505,10.631,10.751,10.847,10.853,NPgY,Primary,NG FES - Hydrogen Evolution,Total peak demand with ToUT (MW)
ALLERTON HILL T2,5.584,5.584,5.584,5.675,5.780,5.897,6.077,6.354,6.651,6.976,7.259,7.434,7.691,7.900,8.162,8.428,8.690,8.836,8.985,9.194,9.383,9.550,9.701,9.815,9.923,10.008,10.010,NPgY,Primary,NG FES - Hydrogen Evolution,Total peak demand with ToUT (MW)
ALVERTHORPE ROAD,13.113,13.113,13.113,13.441,13.810,14.210,14.770,15.403,16.056,16.778,17.485,18.068,18.761,19.337,20.017,20.695,21.379,21.793,22.206,22.731,23.219,23.647,24.041,24.355,24.658,24.923,25.028,NPgY,Primary,NG FES - Hydrogen Evolution,Total peak demand with ToUT (MW)
ARMOURIES DRIVE,9.674,13.762,13.762,13.788,13.845,13.911,13.980,13.942,13.904,13.902,13.905,13.902,13.934,13.957,13.998,14.051,14.115,14.143,14.181,14.293,14.402,14.503,14.600,14.680,14.758,14.832,14.866,NPgY,Primary,NG FES - Hydrogen Evolution,Total peak demand with ToUT (MW)
ARMTHORPE,11.615,11.615,11.615,11.860,12.125,12.416,12.855,13.434,14.025,14.648,15.275,15.830,16.450,16.992,17.595,18.185,18.774,19.173,19.533,19.872,20.187,20.454,20.697,20.891,21.083,21.251,21.332,NPgY,Primary,NG FES - Hydrogen Evolution,Total peak demand with ToUT (MW)
ARUNDEL STREET,14.891,15.704,15.704,15.713,15.748,15.804,15.867,15.822,15.782,15.743,15.736,15.774,15.821,15.851,15.942,16.042,16.149,16.231,16.322,16.440,16.559,16.673,16.784,16.879,16.974,17.066,17.134,NPgY,Primary,NG FES - Hydrogen Evolution,Total peak demand with ToUT (MW)
ASKERN,9.903,10.126,10.126,10.346,10.591,10.843,11.226,11.708,12.190,12.702,13.530,14.700,15.528,16.271,16.984,17.537,18.088,18.463,18.742,18.984,19.216,19.382,19.534,19.667,19.802,19.935,20.020,NPgY,Primary,NG FES - Hydrogen Evolution,Total peak demand with ToUT (MW)
AUDBY LANE,18.670,23.941,23.941,24.079,24.293,24.549,24.945,25.417,25.909,26.448,27.117,27.843,28.449,29.019,29.582,30.049,30.518,30.843,31.121,31.397,31.649,31.845,32.025,32.169,32.303,32.422,32.469,NPgY,Primary,NG FES - Hydrogen Evolution,Total peak demand with ToUT (MW)
AUSTERFIELD,3.290,3.890,3.890,3.937,3.993,4.053,4.137,4.227,4.317,4.414,4.560,4.761,4.915,5.052,5.181,5.285,5.391,5.464,5.518,5.566,5.611,5.647,5.680,5.710,5.741,5.774,5.800,NPgY,Primary,NG FES - Hydrogen Evolution,Total peak demand with ToUT (MW)
BAILIFF BRIDGE,8.617,11.830,11.830,11.962,12.134,12.326,12.635,13.090,13.565,14.083,14.559,14.902,15.334,15.699,16.123,16.548,16.976,17.234,17.486,17.801,18.088,18.337,18.561,18.733,18.895,19.025,19.048,NPgY,Primary,NG FES - Hydrogen Evolution,Total peak demand with ToUT (MW)
BALBY,9.209,9.809,9.809,9.886,9.977,10.077,10.228,10.434,10.644,10.874,11.093,11.266,11.470,11.667,11.895,12.126,12.360,12.538,12.706,12.869,13.024,13.164,13.297,13.414,13.527,13.630,13.698,NPgY,Primary,NG FES - Hydrogen Evolution,Total peak demand with ToUT (MW)
BALME STREET,12.097,12.347,12.347,12.375,12.500,12.653,12.837,12.977,13.122,13.288,13.459,13.596,13.764,13.911,14.124,14.345,14.568,14.725,14.883,15.082,15.268,15.436,15.592,15.716,15.831,15.934,15.979,NPgY,Primary,NG FES - Hydrogen Evolution,Total peak demand with ToUT (MW)
BARNBURGH,6.778,6.778,6.778,7.117,7.480,7.867,8.423,9.072,9.725,10.425,11.106,11.660,12.297,12.847,13.433,13.991,14.549,14.901,15.228,15.582,15.908,16.177,16.421,16.609,16.792,16.949,17.001,NPgY,Primary,NG FES - Hydrogen Evolution,Total peak demand with ToUT (MW)
BARNOLDSWICK,5.795,5.795,5.795,5.812,5.850,5.906,6.006,6.186,6.378,6.585,6.829,7.080,7.286,7.475,7.682,7.868,8.050,8.173,8.280,8.385,8.478,8.551,8.616,8.664,8.704,8.735,8.734,NPgY,Primary,NG FES - Hydrogen Evolution,Total peak demand with ToUT (MW)
BARNSLEY,13.612,13.912,13.912,14.139,14.402,14.691,15.075,15.499,15.930,16.423,16.876,17.204,17.610,17.985,18.414,18.848,19.293,19.614,19.939,20.321,20.683,21.013,21.331,21.602,21.859,22.095,22.236,NPgY,Primary,NG FES - Hydrogen Evolution,Total peak demand with ToUT (MW)
BARNSLEY ROAD,8.210,8.210,8.210,8.309,8.439,8.599,8.844,9.188,9.551,9.935,10.300,10.576,10.897,11.161,11.485,11.809,12.136,12.327,12.525,12.798,13.047,13.266,13.467,13.622,13.763,13.880,13.901,NPgY,Primary,NG FES - Hydrogen Evolution,Total peak demand with ToUT (MW)
BARROW,9.602,9.602,9.602,9.825,10.065,10.323,10.675,11.161,11.657,12.161,12.871,13.829,14.582,15.238,15.873,16.414,16.949,17.330,17.655,17.976,18.280,18.517,18.729,18.916,19.110,19.297,19.454,NPgY,Primary,NG FES - Hydrogen Evolution,Total peak demand with ToUT (MW)
BARUGH 66/11KV,17.018,17.018,17.018,17.533,18.081,18.685,19.551,20.636,21.748,22.932,24.080,25.035,26.144,27.094,28.121,29.116,30.102,30.736,31.329,31.969,32.557,33.057,33.508,33.861,34.207,34.507,34.635,NPgY,Primary,NG FES - Hydrogen Evolution,Total peak demand with ToUT (MW)
BARWICK,10.238,10.238,10.238,10.502,10.805,11.137,11.637,12.272,12.927,13.619,14.486,15.486,16.354,17.081,17.828,18.531,19.228,19.636,19.953,20.322,20.663,20.936,21.179,21.361,21.540,21.695,21.730,NPgY,Primary,NG FES - Hydrogen Evolution,Total peak demand with ToUT (MW)
BASLOW ROAD,10.267,10.267,10.267,10.409,10.574,10.767,11.096,11.648,12.227,12.828,13.386,13.791,14.277,14.684,15.190,15.701,16.210,16.519,16.827,17.209,17.556,17.859,18.133,18.343,18.538,18.695,18.712,NPgY,Primary,NG FES - Hydrogen Evolution,Total peak demand with ToUT (MW)
BATLEY,21.355,22.160,22.160,22.301,22.532,22.821,23.260,23.887,24.550,25.296,25.988,26.457,27.018,27.528,28.150,28.774,29.391,29.798,30.193,30.660,31.080,31.444,31.775,32.028,32.257,32.440,32.468,NPgY,Primary,NG FES - Hydrogen Evolution,Total peak demand with ToUT (MW)
BEAL,11.203,12.103,16.603,16.819,17.074,17.352,17.720,18.149,18.588,19.055,19.623,20.253,20.792,21.288,21.794,22.240,22.681,23.011,23.305,23.598,23.871,24.100,24.313,24.504,24.691,24.872,25.013,NPgY,Primary,NG FES - Hydrogen Evolution,Total peak demand with ToUT (MW)
BEESTON ROYDS 33/11KV,4.934,4.934,4.934,4.952,4.987,5.032,5.109,5.234,5.369,5.524,5.665,5.745,5.841,5.934,6.058,6.186,6.313,6.395,6.478,6.590,6.690,6.779,6.860,6.924,6.980,7.025,7.027,NPgY,Primary,NG FES - Hydrogen Evolution,Total peak demand with ToUT (MW)
BEESTON ROYDS 6/7,21.419,21.419,21.419,21.466,21.585,21.757,22.036,22.424,22.847,23.323,23.776,24.074,24.428,24.771,25.177,25.580,25.973,26.247,26.501,26.777,27.019,27.223,27.406,27.544,27.667,27.764,27.777,NPgY,Primary,NG FES - Hydrogen Evolution,Total peak demand with ToUT (MW)
BEIGHTON,15.208,15.208,15.208,15.577,15.994,16.459,17.123,18.030,18.981,19.994,20.972,21.784,22.764,23.633,24.577,25.497,26.386,27.000,27.538,27.985,28.388,28.723,29.019,29.238,29.459,29.642,29.716,NPgY,Primary,NG FES - Hydrogen Evolution,Total peak demand with ToUT (MW)
BELLHOUSE ROAD,10.642,10.642,10.642,10.869,11.128,11.427,11.907,12.695,13.525,14.396,15.215,15.815,16.511,17.079,17.791,18.509,19.224,19.629,20.050,20.638,21.172,21.640,22.063,22.388,22.689,22.927,22.945,NPgY,Primary,NG FES - Hydrogen Evolution,Total peak demand with ToUT (MW)
BELMONT AVENUE,17.085,17.685,17.685,18.007,18.389,18.816,19.402,20.100,20.819,21.614,22.367,22.913,23.563,24.163,24.862,25.554,26.240,26.725,27.188,27.686,28.142,28.542,28.909,29.211,29.497,29.746,29.867,NPgY,Primary,NG FES - Hydrogen Evolution,Total peak demand with ToUT (MW)
BELMONT COVERT,1.236,1.236,1.236,1.257,1.279,1.307,1.341,1.381,1.423,1.465,1.517,1.581,1.639,1.689,1.738,1.779,1.821,1.853,1.883,1.912,1.942,1.969,1.995,2.018,2.040,2.060,2.080,NPgY,Primary,NG FES - Hydrogen Evolution,Total peak demand with ToUT (MW)
BELTHORPE LANE,3.800,3.800,3.800,3.847,3.903,3.968,4.054,4.161,4.269,4.384,4.554,4.785,4.964,5.123,5.270,5.387,5.503,5.589,5.660,5.726,5.790,5.839,5.887,5.929,5.976,6.021,6.063,NPgY,Primary,NG FES - Hydrogen Evolution,Total peak demand with ToUT (MW)
BENTLEY,9.731,9.731,9.731,10.030,10.345,10.690,11.212,11.913,12.635,13.391,14.142,14.782,15.493,16.083,16.754,17.387,18.017,18.391,18.751,19.195,19.601,19.950,20.266,20.510,20.746,20.943,20.998,NPgY,Primary,NG FES - Hydrogen Evolution,Total peak demand with ToUT (MW)
BILLET LANE,10.524,15.284,15.284,15.417,15.556,15.702,15.853,16.010,16.173,16.342,16.516,16.697,16.881,17.072,17.267,17.466,17.668,17.869,18.070,18.272,18.473,18.674,18.876,19.077,19.279,19.479,19.680,NPgY,Primary,NG FES - Hydrogen Evolution,Total peak demand with ToUT (MW)
BINBROOK,1.692,1.692,1.692,1.762,1.903,2.117,2.357,2.610,2.895,3.215,3.630,4.161,4.603,5.011,5.401,5.727,6.059,6.346,6.612,6.846,7.074,7.283,7.500,7.676,7.828,7.975,8.115,NPgY,Primary,NG FES - Hydrogen Evolution,Total peak demand with ToUT (MW)
BINGLEY 33/11KV,12.035,12.506,12.506,12.665,12.878,13.123,13.505,14.032,14.590,15.182,15.757,16.241,16.825,17.317,17.901,18.488,19.073,19.438,19.770,20.118,20.437,20.705,20.943,21.115,21.282,21.417,21.440,NPgY,Primary,NG FES - Hydrogen Evolution,Total peak demand with ToUT (MW)
BIRKBY,11.758,11.953,11.953,12.190,12.479,12.803,13.265,13.817,14.392,15.032,15.622,16.050,16.597,17.060,17.600,18.140,18.681,19.017,19.347,19.752,20.123,20.444,20.736,20.958,21.168,21.345,21.388,NPgY,Primary,NG FES - Hydrogen Evolution,Total peak demand with ToUT (MW)
BLACKBURN MEADOWS 33/11KV,14.001,14.001,14.001,13.996,14.025,14.082,14.200,14.400,14.618,14.860,15.085,15.232,15.412,15.577,15.788,16.001,16.214,16.350,16.485,16.647,16.793,16.918,17.033,17.120,17.198,17.259,17.264,NPgY,Primary,NG FES - Hydrogen Evolution,Total peak demand with ToUT (MW)
BLUE BOY STREET,11.322,11.322,11.322,11.378,11.452,11.547,11.638,11.584,11.538,11.487,11.487,11.561,11.637,11.682,11.795,11.917,12.045,12.143,12.248,12.389,12.527,12.661,12.789,12.898,13.007,13.115,13.198,NPgY,Primary,NG FES - Hydrogen Evolution,Total peak demand with ToUT (MW)
BOLTON ROAD,7.102,7.102,7.102,7.302,7.549,7.806,8.191,8.671,9.157,9.659,10.352,11.229,11.938,12.539,13.137,13.674,14.204,14.521,14.762,14.993,15.205,15.355,15.482,15.574,15.668,15.749,15.759,NPgY,Primary,NG FES - Hydrogen Evolution,Total peak demand with ToUT (MW)
BOTTESFORD,12.608,12.908,12.908,13.436,14.010,14.612,15.464,16.493,17.526,18.602,19.618,20.435,21.437,22.284,23.239,24.174,25.117,25.729,26.320,26.971,27.578,28.107,28.596,28.991,29.384,29.731,29.902,NPgY,Primary,NG FES - Hydrogen Evolution,Total peak demand with ToUT (MW)
BRAMHOPE,3.615,3.615,3.615,3.689,3.777,3.870,4.016,4.196,4.375,4.558,4.829,5.194,5.476,5.714,5.939,6.144,6.351,6.470,6.546,6.623,6.694,6.745,6.789,6.821,6.856,6.890,6.901,NPgY,Primary,NG FES - Hydrogen Evolution,Total peak demand with ToUT (MW)
BRAMLEY,12.567,12.946,12.946,13.382,13.887,14.469,15.225,16.125,17.080,18.106,19.074,19.766,20.601,21.312,22.135,22.950,23.751,24.240,24.726,25.354,25.921,26.414,26.853,27.180,27.478,27.717,27.755,NPgY,Primary,NG FES - Hydrogen Evolution,Total peak demand with ToUT (MW)
BRETT STREET,19.539,19.955,19.955,20.283,20.677,21.144,21.782,22.594,23.460,24.422,25.375,26.206,27.146,27.967,28.888,29.783,30.677,31.294,31.885,32.530,33.130,33.662,34.157,34.553,34.951,35.305,35.498,NPgY,Primary,NG FES - Hydrogen Evolution,Total peak demand with ToUT (MW)
BRIDGES ROAD,14.610,15.481,15.481,15.977,16.526,17.133,18.016,19.308,20.641,22.010,23.453,24.840,26.237,27.409,28.684,29.877,31.054,31.801,32.502,33.312,34.058,34.701,35.284,35.750,36.204,36.597,36.772,NPgY,Primary,NG FES - Hydrogen Evolution,Total peak demand with ToUT (MW)
BRIGHOUSE 33/11KV,6.520,6.870,6.870,6.839,6.819,6.809,6.808,6.813,6.825,6.843,6.865,6.884,6.906,6.929,6.954,6.980,7.005,7.025,7.043,7.060,7.074,7.087,7.098,7.107,7.114,7.121,7.127,NPgY,Primary,NG FES - Hydrogen Evolution,Total peak demand with ToUT (MW)
BRODSWORTH,14.993,15.943,15.943,16.383,16.890,17.475,18.318,19.507,20.748,22.033,23.301,24.322,25.416,26.375,27.441,28.454,29.436,30.083,30.693,31.372,31.979,32.496,32.959,33.319,33.657,33.937,34.025,NPgY,Primary,NG FES - Hydrogen Evolution,Total peak demand with ToUT (MW)
BROOKFIELD STREET,8.683,8.683,8.683,8.637,8.606,8.590,8.585,8.587,8.597,8.615,8.637,8.654,8.676,8.698,8.725,8.753,8.780,8.800,8.817,8.836,8.851,8.863,8.874,8.880,8.886,8.890,8.890,NPgY,Primary,NG FES - Hydrogen Evolution,Total peak demand with ToUT (MW)
BTP,13.075,13.075,13.075,12.977,12.890,12.815,12.749,12.693,12.644,12.605,12.572,12.547,12.528,12.513,12.504,12.500,12.498,12.496,12.493,12.489,12.486,12.482,12.479,12.475,12.470,12.466,12.461,NPgY,Primary,NG FES - Hydrogen Evolution,Total peak demand with ToUT (MW)
BURLEY STREET,22.004,27.105,27.105,27.054,27.062,27.108,27.174,27.160,27.161,27.192,27.238,27.284,27.366,27.434,27.521,27.620,27.727,27.793,27.865,28.012,28.155,28.288,28.417,28.521,28.619,28.711,28.763,NPgY,Primary,NG FES - Hydrogen Evolution,Total peak demand with ToUT (MW)
BURMANTOFTS,12.307,13.144,13.144,13.101,13.092,13.103,13.111,13.052,12.997,12.983,12.999,13.058,13.125,13.170,13.225,13.287,13.353,13.391,13.429,13.492,13.549,13.601,13.648,13.677,13.704,13.726,13.736,NPgY,Primary,NG FES - Hydrogen Evolution,Total peak demand with ToUT (MW)
BURNLEYVILLE,12.067,12.067,12.067,12.371,12.770,13.248,13.915,14.774,15.674,16.626,17.527,18.220,19.036,19.746,20.535,21.305,22.057,22.550,23.013,23.506,23.947,24.323,24.662,24.911,25.141,25.326,25.378,NPgY,Primary,NG FES - Hydrogen Evolution,Total peak demand with ToUT (MW)
BURTON PIDSEA,3.592,3.592,3.592,3.642,3.702,3.771,3.881,4.068,4.266,4.469,4.750,5.118,5.408,5.659,5.908,6.114,6.318,6.456,6.567,6.671,6.769,6.848,6.920,6.979,7.038,7.093,7.127,NPgY,Primary,NG FES - Hydrogen Evolution,Total peak demand with ToUT (MW)
BURTON ROAD,14.959,14.959,14.959,15.127,15.305,15.508,15.777,16.092,16.413,16.739,17.063,17.386,17.781,18.091,18.406,18.715,19.022,19.228,19.431,19.667,19.891,20.100,20.294,20.456,20.627,20.788,20.923,NPgY,Primary,NG FES - Hydrogen Evolution,Total peak demand with ToUT (MW)
BUSLINGTHORPE GREEN,10.307,10.557,10.557,10.774,11.019,11.298,11.687,12.121,12.589,13.115,13.587,13.899,14.359,14.727,15.172,15.623,16.072,16.308,16.551,16.933,17.285,17.593,17.870,18.078,18.278,18.445,18.473,NPgY,Primary,NG FES - Hydrogen Evolution,Total peak demand with ToUT (MW)
BUTTERWICK,4.622,4.622,4.622,4.649,4.689,4.741,4.809,4.897,4.990,5.086,5.218,5.395,5.542,5.670,5.786,5.863,5.942,6.002,6.058,6.118,6.175,6.225,6.273,6.314,6.357,6.399,6.437,NPgY,Primary,NG FES - Hydrogen Evolution,Total peak demand with ToUT (MW)
CAISTOR,5.000,5.000,5.000,5.114,5.236,5.371,5.547,5.756,5.966,6.169,6.414,6.727,7.027,7.262,7.490,7.679,7.866,7.987,8.098,8.221,8.337,8.439,8.532,8.609,8.691,8.771,8.836,NPgY,Primary,NG FES - Hydrogen Evolution,Total peak demand with ToUT (MW)
CALDER WHARF,12.963,13.623,13.623,13.830,14.082,14.391,14.813,15.319,15.842,16.373,16.907,17.430,18.068,18.524,18.989,19.428,19.846,20.051,20.241,20.500,20.726,20.913,21.064,21.147,21.241,21.313,21.330,NPgY,Primary,NG FES - Hydrogen Evolution,Total peak demand with ToUT (MW)
CARLTON HILL,12.525,13.377,13.377,13.381,13.421,13.478,13.548,13.548,13.555,13.593,13.638,13.678,13.750,13.806,13.885,13.975,14.073,14.124,14.183,14.318,14.448,14.569,14.683,14.775,14.864,14.946,14.982,NPgY,Primary,NG FES - Hydrogen Evolution,Total peak demand with ToUT (MW)
CARR LANE,13.144,14.144,14.144,14.438,14.773,15.132,15.640,16.228,16.827,17.464,18.056,18.492,19.033,19.515,20.069,20.618,21.173,21.553,21.925,22.344,22.735,23.080,23.404,23.675,23.937,24.173,24.299,NPgY,Primary,NG FES - Hydrogen Evolution,Total peak demand with ToUT (MW)
CHELKER RESERVOIR,3.758,3.758,3.758,3.750,3.762,3.795,3.835,3.874,3.922,3.977,4.034,4.093,4.156,4.212,4.271,4.328,4.384,4.430,4.473,4.511,4.547,4.579,4.610,4.633,4.652,4.669,4.682,NPgY,Primary,NG FES - Hydrogen Evolution,Total peak demand with ToUT (MW)
CHEVIN END,8.338,8.338,8.338,8.514,8.747,8.990,9.348,9.755,10.166,10.592,10.974,11.230,11.585,11.890,12.254,12.615,12.985,13.212,13.432,13.692,13.933,14.137,14.324,14.470,14.611,14.732,14.759,NPgY,Primary,NG FES - Hydrogen Evolution,Total peak demand with ToUT (MW)
CLARENCE ROAD,13.013,13.428,13.428,13.401,13.411,13.442,13.473,13.411,13.355,13.323,13.312,13.330,13.364,13.386,13.418,13.457,13.504,13.531,13.563,13.650,13.736,13.817,13.897,13.962,14.025,14.086,14.126,NPgY,Primary,NG FES - Hydrogen Evolution,Total peak demand with ToUT (MW)
CLARENDON ROAD,10.612,10.612,10.612,10.714,10.840,10.991,11.159,11.188,11.226,11.282,11.388,11.586,11.826,11.970,12.104,12.239,12.378,12.419,12.466,12.626,12.775,12.908,13.025,13.104,13.192,13.272,13.323,NPgY,Primary,NG FES - Hydrogen Evolution,Total peak demand with ToUT (MW)
CLARENDON STREET,13.020,13.020,13.020,12.993,13.001,13.035,13.072,13.049,13.035,13.077,13.141,13.234,13.348,13.431,13.532,13.638,13.748,13.811,13.874,13.962,14.043,14.114,14.176,14.215,14.251,14.282,14.291,NPgY,Primary,NG FES - Hydrogen Evolution,Total peak demand with ToUT (MW)
CLAYWHEELS LANE,19.431,19.431,19.431,19.792,20.207,20.682,21.449,22.603,23.809,25.051,26.404,27.724,29.002,30.065,31.263,32.398,33.520,34.185,34.783,35.498,36.147,36.679,37.146,37.495,37.829,38.102,38.138,NPgY,Primary,NG FES - Hydrogen Evolution,Total peak demand with ToUT (MW)
CLOUGH LANE,2.437,2.917,2.917,2.965,3.018,3.077,3.145,3.219,3.297,3.375,3.456,3.537,3.620,3.696,3.771,3.844,3.915,3.975,4.032,4.091,4.146,4.199,4.250,4.297,4.344,4.390,4.435,NPgY,Primary,NG FES - Hydrogen Evolution,Total peak demand with ToUT (MW)
COMMONSIDE LANE,16.290,16.290,16.290,16.529,16.811,17.134,17.543,17.984,18.433,18.882,19.349,19.819,20.336,20.758,21.206,21.631,22.051,22.349,22.637,22.962,23.269,23.548,23.810,24.032,24.258,24.473,24.654,NPgY,Primary,NG FES - Hydrogen Evolution,Total peak demand with ToUT (MW)
CONVAMORE ROAD,7.858,7.858,7.858,7.955,8.072,8.214,8.459,8.884,9.331,9.797,10.214,10.485,10.827,11.110,11.466,11.824,12.180,12.383,12.590,12.871,13.123,13.341,13.536,13.680,13.813,13.912,13.903,NPgY,Primary,NG FES - Hydrogen Evolution,Total peak demand with ToUT (MW)
CONYARD ROAD,7.495,7.495,7.495,7.645,7.818,8.025,8.366,8.965,9.603,10.274,10.875,11.265,11.756,12.159,12.672,13.194,13.708,14.003,14.305,14.729,15.111,15.447,15.748,15.975,16.180,16.338,16.329,NPgY,Primary,NG FES - Hydrogen Evolution,Total peak demand with ToUT (MW)
CORNWALL STREET,15.708,15.708,15.708,15.829,16.042,16.345,16.764,17.330,17.953,18.640,19.302,19.756,20.249,20.745,21.297,21.824,22.316,22.696,23.027,23.307,23.539,23.726,23.885,23.997,24.087,24.152,24.160,NPgY,Primary,NG FES - Hydrogen Evolution,Total peak demand with ToUT (MW)
CORRINGHAM ROAD,12.878,12.878,12.878,13.185,13.536,13.908,14.405,14.979,15.560,16.189,16.871,17.529,18.170,18.758,19.391,19.970,20.553,20.976,21.371,21.779,22.165,22.498,22.812,23.084,23.350,23.597,23.757,NPgY,Primary,NG FES - Hydrogen Evolution,Total peak demand with ToUT (MW)
COSTHORPE,6.933,6.933,6.933,7.129,7.349,7.585,7.935,8.378,8.823,9.282,10.017,11.073,11.857,12.527,13.147,13.640,14.121,14.422,14.605,14.727,14.846,14.929,15.002,15.058,15.127,15.199,15.243,NPgY,Primary,NG FES - Hydrogen Evolution,Total peak demand with ToUT (MW)
COUNTY ROAD NORTH,16.230,16.230,16.230,16.491,16.791,17.120,17.683,18.625,19.620,20.718,21.742,22.455,23.289,24.039,24.967,25.910,26.850,27.437,28.018,28.723,29.367,29.928,30.442,30.852,31.231,31.539,31.570,NPgY,Primary,NG FES - Hydrogen Evolution,Total peak demand with ToUT (MW)
CRACOE,5.872,5.872,5.872,6.004,6.378,6.993,7.659,8.331,9.098,9.963,11.038,12.344,13.405,14.399,15.368,16.206,17.039,17.750,18.394,18.930,19.428,19.864,20.304,20.631,20.881,21.109,21.312,NPgY,Primary,NG FES - Hydrogen Evolution,Total peak demand with ToUT (MW)
CROOKESMOOR ROAD,16.122,16.122,16.122,16.836,17.608,18.450,19.610,21.115,22.704,24.365,25.769,26.570,27.825,28.832,30.174,31.529,32.864,33.622,34.408,35.533,36.571,37.495,38.340,38.996,39.625,40.151,40.241,NPgY,Primary,NG FES - Hydrogen Evolution,Total peak demand with ToUT (MW)
CROSSHILLS,12.204,12.204,12.204,12.579,13.007,13.474,14.147,14.966,15.801,16.659,17.557,18.408,19.328,20.067,20.943,21.753,22.551,23.035,23.489,24.016,24.499,24.902,25.260,25.533,25.808,26.046,26.150,NPgY,Primary,NG FES - Hydrogen Evolution,Total peak demand with ToUT (MW)
CROWLE,5.435,5.435,5.435,5.594,5.767,5.952,6.212,6.587,6.972,7.364,7.987,8.899,9.581,10.165,10.703,11.085,11.464,11.716,11.924,12.130,12.324,12.463,12.586,12.691,12.802,12.912,13.000,NPgY,Primary,NG FES - Hydrogen Evolution,Total peak demand with ToUT (MW)
CROWN STREET,4.565,4.805,4.805,4.808,4.838,4.879,4.934,4.984,5.040,5.102,5.162,5.203,5.257,5.307,5.373,5.440,5.507,5.554,5.601,5.655,5.706,5.751,5.793,5.826,5.856,5.882,5.892,NPgY,Primary,NG FES - Hydrogen Evolution,Total peak demand with ToUT (MW)
DALTON,14.343,14.343,14.343,14.646,15.006,15.434,16.074,17.021,18.023,19.094,20.103,20.896,21.859,22.643,23.561,24.480,25.386,25.927,26.458,27.109,27.699,28.214,28.675,29.014,29.333,29.585,29.620,NPgY,Primary,NG FES - Hydrogen Evolution,Total peak demand with ToUT (MW)
DARNALL,13.618,13.618,13.618,13.944,14.330,14.757,15.374,16.102,16.853,17.639,18.383,18.935,19.599,20.156,20.840,21.519,22.204,22.595,22.997,23.544,24.047,24.484,24.884,25.196,25.490,25.739,25.803,NPgY,Primary,NG FES - Hydrogen Evolution,Total peak demand with ToUT (MW)
DEARNE ROAD,10.720,11.345,11.345,11.508,11.683,11.875,12.150,12.435,12.721,13.051,13.365,13.607,13.903,14.168,14.449,14.722,15.001,15.193,15.383,15.599,15.803,15.982,16.152,16.298,16.440,16.571,16.653,NPgY,Primary,NG FES - Hydrogen Evolution,Total peak demand with ToUT (MW)
DEIGHTON,17.540,19.950,19.950,20.013,20.131,20.290,20.560,20.992,21.455,21.957,22.431,22.772,23.184,23.552,23.987,24.417,24.836,25.101,25.348,25.617,25.856,26.058,26.237,26.368,26.488,26.581,26.587,NPgY,Primary,NG FES - Hydrogen Evolution,Total peak demand with ToUT (MW)
DENBY DALE ROAD,9.486,9.882,9.882,10.015,10.186,10.386,10.628,10.881,11.153,11.452,11.750,11.992,12.251,12.502,12.779,13.050,13.316,13.534,13.747,13.967,14.174,14.364,14.544,14.706,14.859,15.003,15.116,NPgY,Primary,NG FES - Hydrogen Evolution,Total peak demand with ToUT (MW)
DENBY GRANGE,3.095,3.095,3.095,3.178,3.271,3.370,3.517,3.727,3.942,4.166,4.434,4.735,5.001,5.227,5.464,5.685,5.902,6.038,6.152,6.273,6.385,6.476,6.558,6.623,6.688,6.746,6.769,NPgY,Primary,NG FES - Hydrogen Evolution,Total peak demand with ToUT (MW)
DENHOLME,4.000,4.000,4.000,4.092,4.218,4.347,4.547,4.793,5.039,5.279,5.615,6.050,6.393,6.683,6.976,7.221,7.467,7.616,7.733,7.848,7.953,8.029,8.093,8.141,8.191,8.235,8.248,NPgY,Primary,NG FES - Hydrogen Evolution,Total peak demand with ToUT (MW)
DINNINGTON,17.260,17.778,17.778,18.228,18.724,19.276,20.054,21.079,22.142,23.275,24.412,25.409,26.512,27.472,28.501,29.492,30.461,31.109,31.698,32.296,32.844,33.316,33.744,34.086,34.423,34.718,34.867,NPgY,Primary,NG FES - Hydrogen Evolution,Total peak demand with ToUT (MW)
DOUGHTY ROAD,20.050,20.479,20.479,20.603,20.795,21.044,21.469,22.174,22.928,23.740,24.476,24.953,25.538,26.048,26.696,27.355,28.016,28.417,28.824,29.360,29.845,30.270,30.657,30.954,31.216,31.423,31.427,NPgY,Primary,NG FES - Hydrogen Evolution,Total peak demand with ToUT (MW)
DOWKER STREET,9.218,9.218,9.218,9.316,9.456,9.615,9.862,10.223,10.596,11.009,11.388,11.646,11.962,12.240,12.583,12.928,13.272,13.491,13.704,13.962,14.195,14.397,14.581,14.723,14.851,14.955,14.966,NPgY,Primary,NG FES - Hydrogen Evolution,Total peak demand with ToUT (MW)
DRAX PRIMARY,3.980,4.940,4.940,5.020,5.112,5.215,5.355,5.534,5.714,5.888,6.105,6.384,6.643,6.844,7.030,7.170,7.308,7.389,7.462,7.551,7.633,7.701,7.760,7.804,7.859,7.910,7.954,NPgY,Primary,NG FES - Hydrogen Evolution,Total peak demand with ToUT (MW)
DRIFFIELD,18.247,18.415,18.415,18.788,19.213,19.705,20.355,21.069,21.789,22.511,23.327,24.274,25.273,26.034,26.754,27.372,27.983,28.334,28.661,29.044,29.397,29.690,29.947,30.127,30.394,30.643,30.846,NPgY,Primary,NG FES - Hydrogen Evolution,Total peak demand with ToUT (MW)
DRONFIELD,11.245,12.120,12.120,12.348,12.607,12.907,13.369,14.133,14.934,15.757,16.535,17.146,17.843,18.425,19.111,19.796,20.474,20.899,21.326,21.860,22.350,22.787,23.189,23.510,23.811,24.064,24.151,NPgY,Primary,NG FES - Hydrogen Evolution,Total peak demand with ToUT (MW)
DUDLEY HILL,14.322,15.979,15.979,16.108,16.312,16.571,16.953,17.465,18.012,18.589,19.137,19.522,19.972,20.375,20.844,21.299,21.738,22.023,22.289,22.588,22.849,23.066,23.256,23.394,23.518,23.615,23.623,NPgY,Primary,NG FES - Hydrogen Evolution,Total peak demand with ToUT (MW)
DUNKESWICK,5.745,5.745,5.745,5.854,6.060,6.359,6.714,7.104,7.535,8.008,8.653,9.501,10.187,10.797,11.369,11.838,12.306,12.663,12.971,13.234,13.484,13.698,13.913,14.073,14.210,14.338,14.444,NPgY,Primary,NG FES - Hydrogen Evolution,Total peak demand with ToUT (MW)
DURKAR LOW LANE,15.983,17.093,17.093,17.567,18.091,18.657,19.496,20.593,21.713,22.878,24.022,24.989,26.090,27.010,28.056,29.076,30.094,30.721,31.318,32.014,32.657,33.209,33.712,34.106,34.494,34.826,34.949,NPgY,Primary,NG FES - Hydrogen Evolution,Total peak demand with ToUT (MW)
EASINGTON,5.476,5.926,5.926,5.960,5.999,6.044,6.106,6.194,6.287,6.382,6.516,6.695,6.841,6.972,7.101,7.213,7.324,7.414,7.492,7.567,7.640,7.706,7.770,7.831,7.892,7.952,8.008,NPgY,Primary,NG FES - Hydrogen Evolution,Total peak demand with ToUT (MW)
EASTFIELD ROAD,4.962,6.462,6.462,6.791,7.208,7.706,8.346,9.116,9.928,10.761,11.623,12.339,13.033,13.675,14.322,14.899,15.432,15.823,16.165,16.482,16.745,16.953,17.127,17.255,17.369,17.462,17.506,NPgY,Primary,NG FES - Hydrogen Evolution,Total peak demand with ToUT (MW)
ECCLESFIELD,11.921,11.921,11.921,12.158,12.437,12.750,13.251,14.004,14.783,15.579,16.326,16.870,17.504,18.043,18.692,19.337,19.978,20.372,20.760,21.237,21.669,22.041,22.377,22.636,22.879,23.074,23.104,NPgY,Primary,NG FES - Hydrogen Evolution,Total peak demand with ToUT (MW)
EDLINGTON,14.366,14.691,14.691,15.070,15.485,15.942,16.617,17.487,18.375,19.307,20.235,21.025,21.893,22.652,23.495,24.304,25.107,25.634,26.116,26.616,27.072,27.458,27.808,28.083,28.353,28.584,28.681,NPgY,Primary,NG FES - Hydrogen Evolution,Total peak demand with ToUT (MW)
EGGBOROUGH,6.765,6.765,6.765,6.924,7.113,7.332,7.610,7.939,8.281,8.633,9.072,9.572,9.995,10.374,10.746,11.062,11.363,11.591,11.786,11.967,12.133,12.265,12.384,12.486,12.590,12.691,12.782,NPgY,Primary,NG FES - Hydrogen Evolution,Total peak demand with ToUT (MW)
ELGAR ROAD,15.279,15.704,15.704,16.015,16.364,16.748,17.349,18.194,19.066,20.012,20.900,21.565,22.366,23.051,23.852,24.655,25.464,25.964,26.458,27.057,27.607,28.086,28.525,28.869,29.222,29.520,29.613,NPgY,Primary,NG FES - Hydrogen Evolution,Total peak demand with ToUT (MW)
ELLAND 33/11KV,13.970,14.120,14.120,14.134,14.196,14.285,14.418,14.569,14.727,14.918,15.120,15.318,15.549,15.732,15.926,16.117,16.307,16.420,16.528,16.663,16.783,16.888,16.979,17.042,17.105,17.156,17.180,NPgY,Primary,NG FES - Hydrogen Evolution,Total peak demand with ToUT (MW)
ELLIFOOT LANE,0.500,0.500,0.500,0.508,0.529,0.565,0.604,0.636,0.675,0.720,0.769,0.818,0.868,0.917,0.967,1.017,1.068,1.116,1.164,1.206,1.246,1.284,1.325,1.358,1.387,1.414,1.441,NPgY,Primary,NG FES - Hydrogen Evolution,Total peak demand with ToUT (MW)
ELLIN STREET 1/3,17.503,17.503,17.503,17.614,17.746,17.905,18.117,18.240,18.379,18.539,18.701,18.836,19.049,19.207,19.458,19.719,19.991,20.149,20.321,20.571,20.811,21.026,21.226,21.386,21.544,21.688,21.755,NPgY,Primary,NG FES - Hydrogen Evolution,Total peak demand with ToUT (MW)
ELLIN STREET 2,6.937,6.937,6.937,6.958,6.988,7.031,7.103,7.182,7.274,7.380,7.475,7.538,7.637,7.712,7.826,7.944,8.065,8.136,8.208,8.313,8.410,8.496,8.575,8.633,8.690,8.738,8.749,NPgY,Primary,NG FES - Hydrogen Evolution,Total peak demand with ToUT (MW)
ELMHIRST LANE 1,1.638,1.638,1.638,1.705,1.776,1.853,1.950,2.058,2.165,2.277,2.394,2.518,2.663,2.768,2.872,2.969,3.063,3.109,3.153,3.214,3.270,3.317,3.359,3.387,3.418,3.446,3.460,NPgY,Primary,NG FES - Hydrogen Evolution,Total peak demand with ToUT (MW)
ELMHIRST LANE 2,6.730,6.730,6.730,6.940,7.200,7.521,7.947,8.477,9.036,9.630,10.273,10.917,11.546,12.104,12.678,13.208,13.730,14.105,14.443,14.767,15.065,15.319,15.557,15.742,15.914,16.069,16.168,NPgY,Primary,NG FES - Hydrogen Evolution,Total peak demand with ToUT (MW)
ELSECAR,9.232,9.382,9.382,9.697,10.018,10.358,10.866,11.501,12.142,12.832,13.475,13.972,14.603,15.134,15.720,16.293,16.872,17.224,17.561,17.945,18.301,18.606,18.883,19.100,19.315,19.499,19.567,NPgY,Primary,NG FES - Hydrogen Evolution,Total peak demand with ToUT (MW)
ENDIKE LANE,13.109,13.109,13.109,13.308,13.533,13.789,14.198,14.758,15.345,16.007,16.644,17.131,17.690,18.165,18.732,19.301,19.879,20.224,20.578,21.046,21.478,21.855,22.202,22.477,22.747,22.974,23.037,NPgY,Primary,NG FES - Hydrogen Evolution,Total peak demand with ToUT (MW)
EPWORTH,5.080,5.080,5.080,5.298,5.546,5.828,6.211,6.705,7.216,7.732,8.433,9.317,10.022,10.633,11.215,11.695,12.156,12.469,12.719,12.949,13.159,13.304,13.426,13.521,13.622,13.718,13.792,NPgY,Primary,NG FES - Hydrogen Evolution,Total peak demand with ToUT (MW)
FARNLEY CRESCENT,12.047,12.047,12.047,12.262,12.517,12.799,13.215,13.701,14.214,14.788,15.331,15.739,16.265,16.705,17.227,17.756,18.293,18.609,18.919,19.331,19.711,20.039,20.335,20.560,20.776,20.955,20.991,NPgY,Primary,NG FES - Hydrogen Evolution,Total peak demand with ToUT (MW)
FENTON LANE,9.691,9.691,9.691,9.828,9.976,10.137,10.338,10.561,10.786,11.009,11.264,11.567,11.883,12.135,12.409,12.659,12.907,13.087,13.258,13.449,13.634,13.805,13.967,14.111,14.263,14.411,14.549,NPgY,Primary,NG FES - Hydrogen Evolution,Total peak demand with ToUT (MW)
FERRYBRIDGE A 11KV,19.468,19.718,19.718,20.163,20.669,21.234,21.964,22.714,23.460,24.198,24.956,25.746,26.687,27.379,28.128,28.836,29.536,29.949,30.350,30.856,31.328,31.746,32.121,32.410,32.718,33.001,33.215,NPgY,Primary,NG FES - Hydrogen Evolution,Total peak demand with ToUT (MW)
FIR TREE LANE,14.750,15.700,15.700,15.867,16.054,16.293,16.625,16.987,17.369,17.770,18.199,18.687,19.292,19.690,20.102,20.503,20.895,21.054,21.211,21.475,21.711,21.910,22.072,22.158,22.261,22.337,22.348,NPgY,Primary,NG FES - Hydrogen Evolution,Total peak demand with ToUT (MW)
FIRST AVENUE,17.889,17.889,17.889,17.898,17.944,18.016,18.189,18.512,18.860,19.280,19.677,19.941,20.241,20.531,20.908,21.300,21.699,21.965,22.229,22.541,22.827,23.077,23.308,23.494,23.659,23.793,23.809,NPgY,Primary,NG FES - Hydrogen Evolution,Total peak demand with ToUT (MW)
FIRTH BROWN,5.746,5.746,5.746,5.892,6.049,6.215,6.421,6.684,6.954,7.224,7.569,7.995,8.358,8.672,8.980,9.257,9.526,9.723,9.892,10.058,10.216,10.348,10.470,10.578,10.690,10.797,10.891,NPgY,Primary,NG FES - Hydrogen Evolution,Total peak demand with ToUT (MW)
FISH DAM LANE,10.139,10.769,10.769,10.879,11.016,11.176,11.382,11.634,11.899,12.183,12.464,12.697,12.944,13.183,13.439,13.691,13.937,14.138,14.330,14.523,14.703,14.870,15.027,15.168,15.304,15.432,15.533,NPgY,Primary,NG FES - Hydrogen Evolution,Total peak demand with ToUT (MW)
FLIXBOROUGH,15.946,15.946,15.946,16.298,16.711,17.182,17.732,18.369,19.033,19.708,20.429,21.127,21.801,22.432,23.062,23.650,24.215,24.696,25.141,25.562,25.956,26.319,26.664,26.982,27.296,27.601,27.893,NPgY,Primary,NG FES - Hydrogen Evolution,Total peak demand with ToUT (MW)
FOLLY HALL,10.562,11.162,11.162,11.204,11.278,11.377,11.537,11.781,12.042,12.340,12.627,12.847,13.099,13.319,13.590,13.864,14.139,14.311,14.481,14.699,14.900,15.074,15.234,15.357,15.469,15.562,15.579,NPgY,Primary,NG FES - Hydrogen Evolution,Total peak demand with ToUT (MW)
FOUR LANE ENDS,12.390,12.390,12.390,12.391,12.430,12.489,12.617,12.866,13.133,13.437,13.707,13.862,14.061,14.251,14.516,14.791,15.070,15.247,15.425,15.642,15.841,16.013,16.173,16.297,16.406,16.492,16.492,NPgY,Primary,NG FES - Hydrogen Evolution,Total peak demand with ToUT (MW)
FOXHILLS,15.203,15.203,15.203,15.504,15.852,16.248,16.693,17.181,17.696,18.225,18.767,19.249,19.733,20.212,20.693,21.157,21.601,22.013,22.404,22.776,23.126,23.459,23.780,24.087,24.386,24.681,24.973,NPgY,Primary,NG FES - Hydrogen Evolution,Total peak demand with ToUT (MW)
FULLERTON ROAD,10.886,10.886,10.886,10.984,11.102,11.238,11.435,11.737,12.059,12.407,12.742,12.997,13.274,13.538,13.848,14.159,14.469,14.703,14.931,15.185,15.420,15.635,15.838,16.015,16.184,16.334,16.423,NPgY,Primary,NG FES - Hydrogen Evolution,Total peak demand with ToUT (MW)
FURNESS AVENUE,11.036,11.036,11.036,11.270,11.565,11.896,12.401,13.107,13.842,14.637,15.386,15.961,16.660,17.241,17.885,18.526,19.164,19.536,19.901,20.377,20.812,21.189,21.528,21.786,22.032,22.233,22.278,NPgY,Primary,NG FES - Hydrogen Evolution,Total peak demand with ToUT (MW)
GAISBY LANE,13.041,13.041,13.041,13.151,13.343,13.578,13.859,14.053,14.259,14.484,14.761,15.116,15.526,15.803,16.121,16.435,16.748,16.908,17.069,17.302,17.515,17.698,17.855,17.953,18.057,18.143,18.184,NPgY,Primary,NG FES - Hydrogen Evolution,Total peak demand with ToUT (MW)
GIBRALTAR ROAD,16.590,16.590,16.590,16.874,17.280,17.774,18.492,19.523,20.615,21.817,22.987,23.920,24.942,25.831,26.844,27.832,28.810,29.432,30.032,30.758,31.415,31.985,32.504,32.897,33.250,33.536,33.591,NPgY,Primary,NG FES - Hydrogen Evolution,Total peak demand with ToUT (MW)
GIBSON LANE,16.992,20.754,20.754,21.217,21.741,22.313,23.108,23.997,24.903,25.859,26.786,27.551,28.479,29.306,30.161,30.979,31.786,32.353,32.861,33.297,33.698,34.029,34.327,34.561,34.846,35.103,35.277,NPgY,Primary,NG FES - Hydrogen Evolution,Total peak demand with ToUT (MW)
GILDERSOME,12.045,12.045,12.045,12.185,12.378,12.607,12.958,13.412,13.886,14.390,14.867,15.210,15.620,15.999,16.421,16.836,17.246,17.524,17.777,18.039,18.274,18.468,18.643,18.775,18.897,18.996,19.019,NPgY,Primary,NG FES - Hydrogen Evolution,Total peak demand with ToUT (MW)
GLEADLESS VALLEY,8.821,8.821,8.821,9.004,9.209,9.442,9.815,10.420,11.060,11.733,12.349,12.784,13.328,13.766,14.316,14.872,15.422,15.731,16.049,16.494,16.899,17.254,17.575,17.819,18.048,18.231,18.243,NPgY,Primary,NG FES - Hydrogen Evolution,Total peak demand with ToUT (MW)
GOOLE,14.441,14.441,14.441,14.839,15.315,15.869,16.642,17.681,18.767,19.910,21.048,21.988,22.989,23.876,24.837,25.741,26.619,27.215,27.772,28.376,28.917,29.380,29.797,30.123,30.455,30.740,30.866,NPgY,Primary,NG FES - Hydrogen Evolution,Total peak demand with ToUT (MW)
GRAINTHORPE,4.158,4.158,4.158,4.301,4.599,5.054,5.562,6.080,6.668,7.328,8.166,9.222,10.107,10.939,11.733,12.399,13.078,13.684,14.258,14.768,15.264,15.724,16.200,16.594,16.935,17.266,17.585,NPgY,Primary,NG FES - Hydrogen Evolution,Total peak demand with ToUT (MW)
GREAT COATES,13.973,13.973,13.973,14.099,14.259,14.457,14.763,15.177,15.597,15.999,16.450,16.981,17.551,17.957,18.359,18.734,19.099,19.274,19.421,19.601,19.762,19.886,19.985,20.032,20.093,20.139,20.146,NPgY,Primary,NG FES - Hydrogen Evolution,Total peak demand with ToUT (MW)
GREENHILL,5.944,5.944,5.944,6.069,6.209,6.368,6.632,7.106,7.608,8.130,8.609,8.945,9.345,9.676,10.088,10.503,10.912,11.153,11.401,11.737,12.041,12.310,12.554,12.744,12.920,13.060,13.072,NPgY,Primary,NG FES - Hydrogen Evolution,Total peak demand with ToUT (MW)
GREYFRIARS RD,7.742,8.018,8.018,8.063,8.122,8.194,8.297,8.439,8.591,8.759,8.923,9.054,9.196,9.334,9.497,9.662,9.828,9.959,10.089,10.229,10.362,10.486,10.604,10.708,10.806,10.897,10.955,NPgY,Primary,NG FES - Hydrogen Evolution,Total peak demand with ToUT (MW)
GREYFRIARS ROAD 3/4,7.303,7.303,7.303,7.351,7.412,7.486,7.590,7.730,7.879,8.044,8.210,8.353,8.508,8.651,8.817,8.982,9.148,9.275,9.399,9.535,9.661,9.779,9.890,9.988,10.080,10.165,10.222,NPgY,Primary,NG FES - Hydrogen Evolution,Total peak demand with ToUT (MW)
GRIMETHORPE,8.800,8.800,8.800,9.030,9.282,9.555,9.952,10.467,10.991,11.541,12.142,12.745,13.340,13.861,14.401,14.891,15.373,15.696,15.974,16.235,16.477,16.676,16.857,17.001,17.146,17.274,17.344,NPgY,Primary,NG FES - Hydrogen Evolution,Total peak demand with ToUT (MW)
GROVE STREET,8.982,8.982,8.982,8.961,8.964,8.985,9.026,9.081,9.144,9.228,9.312,9.380,9.462,9.537,9.629,9.722,9.818,9.883,9.948,10.023,10.092,10.155,10.213,10.258,10.297,10.331,10.342,NPgY,Primary,NG FES - Hydrogen Evolution,Total peak demand with ToUT (MW)
GUARDIAN GLASS,5.934,9.534,9.534,9.567,9.607,9.652,9.712,9.798,9.890,9.987,10.132,10.333,10.487,10.632,10.769,10.881,10.992,11.087,11.172,11.254,11.334,11.406,11.478,11.546,11.614,11.683,11.746,NPgY,Primary,NG FES - Hydrogen Evolution,Total peak demand with ToUT (MW)
HACKENTHORPE,11.170,11.920,11.920,12.096,12.305,12.542,12.946,13.622,14.324,15.049,15.717,16.223,16.859,17.404,18.056,18.711,19.360,19.765,20.141,20.525,20.874,21.171,21.437,21.633,21.822,21.971,21.990,NPgY,Primary,NG FES - Hydrogen Evolution,Total peak demand with ToUT (MW)
HALIFAX 33/11KV,18.152,18.152,18.152,18.214,18.357,18.541,18.810,19.152,19.517,19.968,20.387,20.686,21.070,21.411,21.816,22.231,22.650,22.921,23.188,23.531,23.848,24.130,24.393,24.599,24.787,24.948,25.000,NPgY,Primary,NG FES - Hydrogen Evolution,Total peak demand with ToUT (MW)
HALLAM STREET,9.720,11.095,11.095,11.235,11.403,11.588,11.875,12.221,12.577,12.945,13.285,13.527,13.843,14.106,14.401,14.694,14.993,15.162,15.330,15.570,15.791,15.981,16.155,16.288,16.417,16.526,16.551,NPgY,Primary,NG FES - Hydrogen Evolution,Total peak demand with ToUT (MW)
HARDEN,3.470,3.470,3.470,3.554,3.691,3.869,4.095,4.343,4.607,4.896,5.293,5.799,6.192,6.546,6.893,7.209,7.523,7.747,7.925,8.075,8.212,8.319,8.419,8.493,8.556,8.613,8.645,NPgY,Primary,NG FES - Hydrogen Evolution,Total peak demand with ToUT (MW)
HARPSWELL,6.759,6.759,6.759,6.906,7.178,7.582,8.030,8.494,9.015,9.593,10.271,11.058,11.766,12.435,13.102,13.721,14.346,14.902,15.430,15.902,16.358,16.784,17.218,17.584,17.905,18.216,18.514,NPgY,Primary,NG FES - Hydrogen Evolution,Total peak demand with ToUT (MW)
HARWORTH,13.274,16.274,16.274,16.539,16.842,17.164,17.631,18.149,18.662,19.199,20.019,21.156,22.019,22.771,23.469,24.035,24.598,24.968,25.231,25.454,25.669,25.819,25.954,26.069,26.197,26.329,26.429,NPgY,Primary,NG FES - Hydrogen Evolution,Total peak demand with ToUT (MW)
HAWORTH 1,6.120,6.120,6.120,6.191,6.296,6.421,6.609,6.865,7.123,7.360,7.605,7.860,8.147,8.353,8.568,8.769,8.964,9.063,9.151,9.266,9.369,9.451,9.518,9.557,9.601,9.635,9.646,NPgY,Primary,NG FES - Hydrogen Evolution,Total peak demand with ToUT (MW)
HAWORTH 2,2.339,2.339,2.339,2.408,2.492,2.580,2.715,2.900,3.090,3.288,3.483,3.647,3.831,3.987,4.163,4.333,4.502,4.603,4.697,4.804,4.901,4.980,5.050,5.102,5.153,5.193,5.194,NPgY,Primary,NG FES - Hydrogen Evolution,Total peak demand with ToUT (MW)
HAXEY,6.260,6.260,6.260,6.455,6.762,7.186,7.689,8.268,8.898,9.584,10.481,11.626,12.570,13.440,14.298,15.086,15.877,16.530,17.112,17.625,18.120,18.555,18.990,19.357,19.689,20.014,20.321,NPgY,Primary,NG FES - Hydrogen Evolution,Total peak demand with ToUT (MW)
HAYTON,15.053,15.765,15.765,16.133,16.563,17.013,17.630,18.228,18.815,19.457,20.431,21.749,22.730,23.627,24.427,25.028,25.640,26.074,26.439,26.795,27.138,27.368,27.576,27.766,27.998,28.237,28.430,NPgY,Primary,NG FES - Hydrogen Evolution,Total peak demand with ToUT (MW)
HAZLEHEAD,4.391,4.991,4.991,5.029,5.080,5.145,5.229,5.330,5.436,5.547,5.663,5.765,5.869,5.964,6.060,6.148,6.232,6.298,6.358,6.417,6.469,6.514,6.554,6.589,6.622,6.653,6.679,NPgY,Primary,NG FES - Hydrogen Evolution,Total peak demand with ToUT (MW)
HEBDEN BRIDGE,3.132,3.132,3.132,3.195,3.269,3.352,3.495,3.744,4.004,4.275,4.639,5.099,5.460,5.763,6.065,6.312,6.552,6.693,6.813,6.950,7.073,7.167,7.247,7.302,7.355,7.395,7.393,NPgY,Primary,NG FES - Hydrogen Evolution,Total peak demand with ToUT (MW)
HEDLEY CHASE,6.660,8.810,8.810,8.830,8.876,8.936,9.014,9.071,9.135,9.223,9.310,9.369,9.447,9.520,9.612,9.709,9.809,9.871,9.935,10.034,10.127,10.210,10.288,10.348,10.405,10.454,10.471,NPgY,Primary,NG FES - Hydrogen Evolution,Total peak demand with ToUT (MW)
HEDON ROAD,12.552,12.552,12.552,12.470,12.404,12.351,12.315,12.293,12.279,12.276,12.279,12.281,12.288,12.300,12.314,12.332,12.348,12.359,12.367,12.375,12.380,12.383,12.384,12.383,12.381,12.378,12.372,NPgY,Primary,NG FES - Hydrogen Evolution,Total peak demand with ToUT (MW)
HEMSWORTH,7.622,7.622,7.622,7.977,8.373,8.785,9.380,10.051,10.713,11.386,12.409,13.828,14.904,15.818,16.691,17.353,18.005,18.406,18.691,18.950,19.198,19.374,19.530,19.653,19.788,19.923,20.005,NPgY,Primary,NG FES - Hydrogen Evolution,Total peak demand with ToUT (MW)
HESSLE ROAD 1,3.520,4.120,4.120,4.203,4.306,4.415,4.570,4.732,4.892,5.074,5.243,5.359,5.506,5.644,5.795,5.943,6.096,6.195,6.290,6.392,6.487,6.567,6.640,6.700,6.764,6.821,6.845,NPgY,Primary,NG FES - Hydrogen Evolution,Total peak demand with ToUT (MW)
HESSLE ROAD 2,5.644,5.644,5.644,5.711,5.799,5.907,6.049,6.213,6.384,6.566,6.749,6.906,7.081,7.233,7.391,7.541,7.687,7.791,7.888,7.989,8.082,8.163,8.236,8.294,8.354,8.409,8.448,NPgY,Primary,NG FES - Hydrogen Evolution,Total peak demand with ToUT (MW)
HIBALDSTOW,10.060,10.278,10.278,10.628,11.016,11.441,12.043,12.881,13.741,14.609,15.887,17.647,19.008,20.166,21.260,22.138,22.995,23.557,23.989,24.381,24.747,25.007,25.229,25.406,25.600,25.785,25.924,NPgY,Primary,NG FES - Hydrogen Evolution,Total peak demand with ToUT (MW)
HICKLETON,6.494,6.903,6.903,7.104,7.317,7.543,7.866,8.229,8.592,8.983,9.352,9.641,9.994,10.301,10.627,10.946,11.269,11.472,11.670,11.900,12.115,12.301,12.474,12.614,12.753,12.875,12.935,NPgY,Primary,NG FES - Hydrogen Evolution,Total peak demand with ToUT (MW)
HILLCREST,14.041,14.041,14.041,14.209,14.403,14.644,15.012,15.533,16.105,16.760,17.365,17.791,18.352,18.796,19.366,19.953,20.541,20.865,21.203,21.710,22.173,22.579,22.946,23.219,23.473,23.676,23.687,NPgY,Primary,NG FES - Hydrogen Evolution,Total peak demand with ToUT (MW)
HOLBECK,14.565,16.984,16.984,17.064,17.208,17.382,17.612,17.822,18.044,18.315,18.573,18.740,18.957,19.150,19.397,19.653,19.913,20.072,20.239,20.520,20.780,21.014,21.232,21.407,21.570,21.712,21.759,NPgY,Primary,NG FES - Hydrogen Evolution,Total peak demand with ToUT (MW)
HOLDERNESS,13.258,13.410,13.410,13.684,13.984,14.318,14.876,15.778,16.719,17.736,18.829,19.878,20.901,21.785,22.765,23.679,24.590,25.141,25.651,26.234,26.770,27.221,27.628,27.945,28.249,28.502,28.552,NPgY,Primary,NG FES - Hydrogen Evolution,Total peak demand with ToUT (MW)
HOLME UPON SPALDING MOOR,6.652,6.941,6.941,7.050,7.178,7.320,7.519,7.779,8.044,8.328,8.780,9.421,9.886,10.305,10.693,10.987,11.281,11.494,11.668,11.828,11.980,12.088,12.186,12.273,12.369,12.466,12.545,NPgY,Primary,NG FES - Hydrogen Evolution,Total peak demand with ToUT (MW)
HONLEY,11.493,11.493,11.493,11.563,11.668,11.811,12.033,12.341,12.662,12.993,13.318,13.600,13.933,14.201,14.492,14.773,15.050,15.219,15.376,15.547,15.701,15.828,15.940,16.013,16.087,16.145,16.163,NPgY,Primary,NG FES - Hydrogen Evolution,Total peak demand with ToUT (MW)
HOPE,4.893,4.893,4.893,4.909,4.937,4.982,5.057,5.174,5.297,5.417,5.569,5.761,5.936,6.070,6.198,6.300,6.398,6.450,6.491,6.537,6.576,6.607,6.632,6.644,6.657,6.667,6.669,NPgY,Primary,NG FES - Hydrogen Evolution,Total peak demand with ToUT (MW)
HORBURY,10.482,11.717,11.717,11.985,12.286,12.622,13.128,13.877,14.654,15.460,16.239,16.880,17.613,18.225,18.934,19.630,20.319,20.745,21.157,21.644,22.093,22.483,22.838,23.115,23.380,23.603,23.676,NPgY,Primary,NG FES - Hydrogen Evolution,Total peak demand with ToUT (MW)
HOUGHTON MAIN,6.848,6.848,6.848,7.096,7.357,7.636,8.049,8.576,9.109,9.663,10.402,11.326,12.082,12.721,13.343,13.849,14.345,14.650,14.888,15.129,15.351,15.524,15.676,15.794,15.916,16.028,16.081,NPgY,Primary,NG FES - Hydrogen Evolution,Total peak demand with ToUT (MW)
HULL EAST 33/11KV,11.834,11.834,11.834,12.064,12.349,12.676,13.156,13.852,14.584,15.371,16.198,16.946,17.681,18.391,19.159,19.885,20.590,21.124,21.581,21.942,22.269,22.537,22.779,22.977,23.171,23.340,23.436,NPgY,Primary,NG FES - Hydrogen Evolution,Total peak demand with ToUT (MW)
HUMBER ROAD,9.680,9.680,9.680,9.752,9.831,9.915,10.007,10.103,10.205,10.313,10.425,10.543,10.665,10.791,10.923,11.058,11.194,11.331,11.468,11.604,11.741,11.877,12.014,12.150,12.287,12.423,12.559,NPgY,Primary,NG FES - Hydrogen Evolution,Total peak demand with ToUT (MW)
HUNMANBY,7.104,7.104,7.104,7.176,7.272,7.391,7.565,7.773,7.982,8.184,8.440,8.771,9.077,9.310,9.524,9.700,9.875,9.963,10.031,10.133,10.229,10.306,10.375,10.420,10.472,10.520,10.555,NPgY,Primary,NG FES - Hydrogen Evolution,Total peak demand with ToUT (MW)
ICI FIBRES,7.425,8.025,8.025,8.152,8.288,8.439,8.665,8.956,9.256,9.579,9.883,10.105,10.368,10.590,10.861,11.133,11.409,11.583,11.766,12.015,12.246,12.452,12.645,12.804,12.955,13.087,13.140,NPgY,Primary,NG FES - Hydrogen Evolution,Total peak demand with ToUT (MW)
IDLE,11.856,11.856,11.856,12.074,12.367,12.699,13.199,13.877,14.584,15.326,16.006,16.508,17.161,17.722,18.399,19.078,19.759,20.188,20.592,21.021,21.414,21.750,22.053,22.278,22.493,22.667,22.701,NPgY,Primary,NG FES - Hydrogen Evolution,Total peak demand with ToUT (MW)
ILKLEY,12.539,12.539,12.539,12.725,12.978,13.266,13.703,14.285,14.893,15.528,16.196,16.829,17.502,18.062,18.707,19.320,19.933,20.309,20.650,21.032,21.382,21.668,21.921,22.106,22.286,22.435,22.464,NPgY,Primary,NG FES - Hydrogen Evolution,Total peak demand with ToUT (MW)
INGS LANE,5.890,6.330,6.330,6.399,6.489,6.593,6.752,6.962,7.178,7.410,7.711,8.065,8.357,8.612,8.899,9.140,9.379,9.538,9.678,9.823,9.958,10.064,10.157,10.232,10.304,10.370,10.402,NPgY,Primary,NG FES - Hydrogen Evolution,Total peak demand with ToUT (MW)
IVESON HOUSE,12.589,12.589,12.589,12.842,13.129,13.450,13.934,14.554,15.206,15.912,16.569,17.047,17.662,18.156,18.747,19.343,19.944,20.275,20.615,21.119,21.581,21.984,22.349,22.626,22.891,23.109,23.141,NPgY,Primary,NG FES - Hydrogen Evolution,Total peak demand with ToUT (MW)
JARRATT STREET,16.484,16.695,16.695,16.883,17.095,17.347,17.685,18.046,18.427,18.855,19.267,19.586,19.963,20.305,20.706,21.106,21.509,21.806,22.104,22.452,22.779,23.077,23.360,23.602,23.833,24.045,24.181,NPgY,Primary,NG FES - Hydrogen Evolution,Total peak demand with ToUT (MW)
KEDDINGTON ROAD,7.985,7.985,7.985,8.254,8.546,8.856,9.296,9.815,10.338,10.887,11.632,12.601,13.422,14.115,14.742,15.165,15.598,15.856,16.095,16.369,16.628,16.830,17.014,17.160,17.315,17.458,17.543,NPgY,Primary,NG FES - Hydrogen Evolution,Total peak demand with ToUT (MW)
KEIGHLEY,13.203,14.103,14.103,14.130,14.223,14.346,14.538,14.805,15.091,15.417,15.717,15.909,16.147,16.365,16.656,16.955,17.262,17.463,17.666,17.921,18.155,18.362,18.553,18.704,18.835,18.943,18.959,NPgY,Primary,NG FES - Hydrogen Evolution,Total peak demand with ToUT (MW)
KENMORE ROAD,16.977,18.412,18.412,18.614,18.846,19.109,19.431,19.766,20.114,20.472,20.841,21.207,21.623,21.975,22.342,22.699,23.048,23.311,23.565,23.840,24.101,24.343,24.571,24.771,24.977,25.174,25.352,NPgY,Primary,NG FES - Hydrogen Evolution,Total peak demand with ToUT (MW)
KILLINGHALL ROAD,0.796,0.796,0.796,0.797,0.801,0.807,0.819,0.843,0.869,0.899,0.925,0.941,0.962,0.979,1.003,1.028,1.053,1.068,1.084,1.104,1.123,1.140,1.155,1.166,1.176,1.184,1.183,NPgY,Primary,NG FES - Hydrogen Evolution,Total peak demand with ToUT (MW)
KILNHURST,15.048,15.048,15.048,15.584,16.139,16.744,17.634,18.812,20.020,21.322,22.556,23.533,24.696,25.666,26.743,27.794,28.836,29.464,30.079,30.825,31.510,32.102,32.637,33.052,33.456,33.793,33.903,NPgY,Primary,NG FES - Hydrogen Evolution,Total peak demand with ToUT (MW)
KING GEORGE DOCK,8.964,8.964,8.964,9.030,9.145,9.309,9.530,9.803,10.103,10.420,10.743,10.973,11.197,11.422,11.650,11.856,12.036,12.179,12.301,12.405,12.484,12.541,12.584,12.611,12.629,12.641,12.639,NPgY,Primary,NG FES - Hydrogen Evolution,Total peak demand with ToUT (MW)
KIRK DRIVE,10.650,10.650,10.650,10.716,10.834,10.974,11.204,11.562,11.937,12.346,12.724,12.981,13.292,13.575,13.936,14.301,14.667,14.911,15.145,15.405,15.640,15.844,16.029,16.173,16.302,16.406,16.418,NPgY,Primary,NG FES - Hydrogen Evolution,Total peak demand with ToUT (MW)
KIRK SANDALL,9.666,11.616,11.616,11.978,12.436,12.978,13.689,14.582,15.524,16.515,17.490,18.239,19.043,19.818,20.638,21.415,22.145,22.713,23.208,23.597,23.930,24.200,24.433,24.613,24.779,24.916,24.991,NPgY,Primary,NG FES - Hydrogen Evolution,Total peak demand with ToUT (MW)
KIRKBURN,8.670,8.670,8.670,8.770,8.892,9.036,9.234,9.517,9.815,10.120,10.619,11.352,11.892,12.364,12.766,12.974,13.184,13.338,13.486,13.646,13.796,13.915,14.025,14.120,14.226,14.328,14.421,NPgY,Primary,NG FES - Hydrogen Evolution,Total peak demand with ToUT (MW)
KIVETON PARK,8.875,9.365,9.365,9.595,9.842,10.109,10.528,11.151,11.788,12.451,13.378,14.596,15.558,16.379,17.183,17.873,18.546,18.977,19.300,19.589,19.859,20.052,20.216,20.343,20.477,20.602,20.667,NPgY,Primary,NG FES - Hydrogen Evolution,Total peak demand with ToUT (MW)
LEA ROAD,9.145,9.145,9.145,9.414,9.704,10.012,10.427,10.862,11.297,11.762,12.249,12.713,13.218,13.650,14.117,14.549,14.987,15.277,15.559,15.859,16.145,16.389,16.619,16.809,17.000,17.175,17.287,NPgY,Primary,NG FES - Hydrogen Evolution,Total peak demand with ToUT (MW)
LEASOWE ROAD,10.679,11.429,11.429,11.752,12.195,12.742,13.455,14.306,15.219,16.182,17.123,17.770,18.446,19.108,19.809,20.462,21.064,21.501,21.894,22.297,22.633,22.903,23.131,23.302,23.446,23.558,23.580,NPgY,Primary,NG FES - Hydrogen Evolution,Total peak demand with ToUT (MW)
LEDSTON,14.880,14.880,14.880,15.154,15.481,15.842,16.407,17.140,17.891,18.659,19.468,20.200,20.947,21.581,22.255,22.884,23.513,23.879,24.214,24.640,25.030,25.351,25.637,25.858,26.070,26.250,26.290,NPgY,Primary,NG FES - Hydrogen Evolution,Total peak demand with ToUT (MW)
LEEDS ROAD,6.551,6.551,6.551,6.637,6.775,6.959,7.224,7.591,7.977,8.378,8.997,9.878,10.531,11.097,11.620,12.021,12.421,12.688,12.889,13.065,13.229,13.350,13.463,13.543,13.616,13.684,13.722,NPgY,Primary,NG FES - Hydrogen Evolution,Total peak demand with ToUT (MW)
LEGRAMS MILL LANE,9.400,9.400,9.400,9.439,9.521,9.623,9.799,10.095,10.411,10.757,11.067,11.253,11.489,11.699,11.985,12.280,12.574,12.760,12.947,13.189,13.406,13.598,13.773,13.908,14.027,14.121,14.123,NPgY,Primary,NG FES - Hydrogen Evolution,Total peak demand with ToUT (MW)
LEYLANDS ROAD,13.140,14.140,14.140,14.108,14.113,14.142,14.171,14.116,14.070,14.042,14.035,14.058,14.094,14.119,14.151,14.192,14.238,14.267,14.301,14.390,14.478,14.562,14.645,14.715,14.781,14.845,14.889,NPgY,Primary,NG FES - Hydrogen Evolution,Total peak demand with ToUT (MW)
LIVERSEDGE,9.485,10.342,10.342,10.402,10.495,10.608,10.808,11.150,11.510,11.907,12.271,12.513,12.807,13.084,13.428,13.779,14.130,14.368,14.594,14.830,15.045,15.231,15.402,15.535,15.656,15.752,15.764,NPgY,Primary,NG FES - Hydrogen Evolution,Total peak demand with ToUT (MW)
LOUTH,13.495,13.707,13.707,14.020,14.368,14.747,15.252,15.823,16.408,17.033,17.747,18.530,19.289,19.951,20.600,21.145,21.696,22.077,22.437,22.818,23.182,23.496,23.793,24.045,24.298,24.536,24.707,NPgY,Primary,NG FES - Hydrogen Evolution,Total peak demand with ToUT (MW)
LOW MOOR,12.916,12.916,12.916,13.078,13.330,13.654,14.107,14.730,15.393,16.087,16.760,17.239,17.740,18.216,18.743,19.242,19.711,20.045,20.350,20.657,20.916,21.126,21.306,21.436,21.547,21.630,21.636,NPgY,Primary,NG FES - Hydrogen Evolution,Total peak demand with ToUT (MW)
LOWFIELDS,4.546,4.546,4.546,4.520,4.500,4.488,4.479,4.471,4.467,4.468,4.471,4.478,4.486,4.495,4.506,4.518,4.530,4.541,4.551,4.562,4.572,4.581,4.589,4.597,4.604,4.609,4.614,NPgY,Primary,NG FES - Hydrogen Evolution,Total peak demand with ToUT (MW)
LOXLEY ROAD,2.000,2.000,2.000,2.033,2.140,2.319,2.512,2.697,2.910,3.151,3.406,3.672,3.920,4.157,4.399,4.634,4.868,5.072,5.262,5.419,5.564,5.698,5.836,5.938,6.016,6.086,6.147,NPgY,Primary,NG FES - Hydrogen Evolution,Total peak demand with ToUT (MW)
MANCHESTER ROAD,8.810,8.810,8.810,8.785,8.805,8.849,8.904,8.936,8.977,9.033,9.092,9.146,9.218,9.281,9.370,9.464,9.560,9.631,9.703,9.784,9.861,9.930,10.000,10.052,10.100,10.142,10.166,NPgY,Primary,NG FES - Hydrogen Evolution,Total peak demand with ToUT (MW)
MANSFIELD ROAD 1,11.180,11.180,11.180,11.350,11.553,11.798,12.155,12.636,13.122,13.593,14.053,14.489,15.033,15.406,15.807,16.191,16.564,16.733,16.900,17.155,17.382,17.574,17.734,17.831,17.936,18.016,18.031,NPgY,Primary,NG FES - Hydrogen Evolution,Total peak demand with ToUT (MW)
MANSFIELD ROAD 2,11.170,11.170,11.170,11.170,11.170,11.170,11.170,11.170,11.170,11.170,11.170,11.170,11.170,11.170,11.170,11.170,11.170,11.170,11.170,11.170,11.170,11.170,11.170,11.170,11.170,11.170,11.170,NPgY,Primary,NG FES - Hydrogen Evolution,Total peak demand with ToUT (MW)
MARKHAM GATES,12.808,12.808,12.808,13.214,13.631,14.084,14.766,15.681,16.622,17.602,18.552,19.338,20.256,21.023,21.901,22.766,23.628,24.164,24.672,25.240,25.762,26.209,26.612,26.924,27.230,27.488,27.569,NPgY,Primary,NG FES - Hydrogen Evolution,Total peak demand with ToUT (MW)
MARMION ROAD,13.708,13.708,13.708,13.977,14.277,14.623,15.150,15.930,16.762,17.654,18.460,19.005,19.724,20.303,21.066,21.842,22.616,23.068,23.531,24.164,24.743,25.254,25.715,26.066,26.394,26.660,26.687,NPgY,Primary,NG FES - Hydrogen Evolution,Total peak demand with ToUT (MW)
MARSDEN ROAD,15.848,15.848,15.848,15.863,15.911,15.989,16.136,16.367,16.621,16.905,17.159,17.315,17.539,17.724,17.966,18.217,18.467,18.605,18.747,18.957,19.146,19.311,19.460,19.570,19.670,19.748,19.745,NPgY,Primary,NG FES - Hydrogen Evolution,Total peak demand with ToUT (MW)
MARTONGATE,11.523,11.885,11.885,12.188,12.528,12.906,13.474,14.258,15.072,15.947,16.880,17.813,18.794,19.626,20.529,21.395,22.255,22.808,23.287,23.738,24.156,24.497,24.800,25.022,25.271,25.483,25.571,NPgY,Primary,NG FES - Hydrogen Evolution,Total peak demand with ToUT (MW)
MELTHAM,8.139,8.339,8.339,8.529,8.750,9.002,9.357,9.798,10.238,10.660,11.140,11.703,12.278,12.699,13.100,13.459,13.810,13.986,14.131,14.317,14.485,14.617,14.727,14.792,14.872,14.938,14.975,NPgY,Primary,NG FES - Hydrogen Evolution,Total peak demand with ToUT (MW)
MEXBOROUGH 1_2,18.667,18.967,18.967,19.423,19.921,20.472,21.298,22.407,23.545,24.733,25.892,26.835,27.887,28.786,29.814,30.809,31.804,32.426,33.030,33.752,34.416,34.991,35.519,35.942,36.346,36.694,36.825,NPgY,Primary,NG FES - Hydrogen Evolution,Total peak demand with ToUT (MW)
MIDDLETON TOWN STREET,17.750,17.900,17.900,18.127,18.411,18.732,19.214,19.777,20.366,21.013,21.628,22.075,22.644,23.137,23.708,24.281,24.859,25.196,25.524,25.961,26.362,26.705,27.016,27.253,27.481,27.670,27.713,NPgY,Primary,NG FES - Hydrogen Evolution,Total peak demand with ToUT (MW)
MILLHOUSES,6.538,6.538,6.538,6.637,6.750,6.879,7.091,7.408,7.742,8.096,8.420,8.644,8.927,9.159,9.456,9.758,10.060,10.238,10.419,10.662,10.885,11.078,11.253,11.387,11.511,11.611,11.621,NPgY,Primary,NG FES - Hydrogen Evolution,Total peak demand with ToUT (MW)
MILLROYD STREET,11.303,11.649,11.649,11.869,12.145,12.468,12.953,13.639,14.363,15.152,15.888,16.439,17.120,17.693,18.346,18.995,19.636,20.025,20.400,20.856,21.269,21.625,21.943,22.180,22.403,22.582,22.614,NPgY,Primary,NG FES - Hydrogen Evolution,Total peak demand with ToUT (MW)
MILTON PLACE,14.333,14.333,14.333,14.754,15.230,15.753,16.477,17.370,18.296,19.284,20.225,20.971,21.878,22.655,23.530,24.392,25.243,25.786,26.305,26.892,27.434,27.905,28.336,28.677,29.009,29.296,29.420,NPgY,Primary,NG FES - Hydrogen Evolution,Total peak demand with ToUT (MW)
MIRFIELD,15.166,15.166,15.166,15.446,15.776,16.148,16.731,17.582,18.464,19.399,20.269,20.929,21.745,22.427,23.220,24.012,24.798,25.278,25.739,26.276,26.764,27.183,27.559,27.840,28.110,28.327,28.362,NPgY,Primary,NG FES - Hydrogen Evolution,Total peak demand with ToUT (MW)
MONCKTON,9.136,9.432,9.432,9.785,10.158,10.547,11.140,11.918,12.696,13.505,14.546,15.814,16.881,17.788,18.692,19.444,20.187,20.641,21.002,21.360,21.696,21.957,22.187,22.367,22.552,22.720,22.791,NPgY,Primary,NG FES - Hydrogen Evolution,Total peak demand with ToUT (MW)
MOOR ROAD,17.290,17.290,17.290,17.530,17.794,18.103,18.559,19.098,19.693,20.386,21.009,21.425,22.048,22.537,23.154,23.790,24.429,24.770,25.121,25.660,26.154,26.589,26.978,27.265,27.543,27.768,27.790,NPgY,Primary,NG FES - Hydrogen Evolution,Total peak demand with ToUT (MW)
MOORSIDE ROAD,13.366,13.366,13.366,13.678,14.091,14.533,15.181,15.953,16.742,17.555,18.308,18.859,19.569,20.157,20.874,21.590,22.319,22.748,23.175,23.715,24.212,24.640,25.028,25.325,25.612,25.850,25.902,NPgY,Primary,NG FES - Hydrogen Evolution,Total peak demand with ToUT (MW)
MORLEY,11.864,12.029,12.029,12.310,12.652,13.045,13.595,14.209,14.853,15.544,16.196,16.690,17.327,17.886,18.498,19.098,19.692,20.075,20.421,20.785,21.115,21.388,21.630,21.806,21.977,22.120,22.164,NPgY,Primary,NG FES - Hydrogen Evolution,Total peak demand with ToUT (MW)
MOUNT STREET,10.223,10.223,10.223,10.264,10.361,10.505,10.706,10.974,11.271,11.591,11.902,12.116,12.343,12.562,12.813,13.054,13.281,13.446,13.599,13.761,13.898,14.013,14.115,14.188,14.248,14.293,14.300,NPgY,Primary,NG FES - Hydrogen Evolution,Total peak demand with ToUT (MW)
MYTHOLMROYD,6.562,6.562,6.562,6.607,6.682,6.772,6.949,7.309,7.685,8.082,8.715,9.609,10.223,10.764,11.296,11.721,12.135,12.406,12.616,12.807,12.978,13.106,13.214,13.293,13.365,13.419,13.423,NPgY,Primary,NG FES - Hydrogen Evolution,Total peak demand with ToUT (MW)
NAB LANE,9.920,9.920,9.920,10.033,10.197,10.391,10.680,11.073,11.483,11.929,12.350,12.642,12.975,13.286,13.644,13.996,14.340,14.574,14.796,15.037,15.250,15.432,15.594,15.721,15.834,15.927,15.944,NPgY,Primary,NG FES - Hydrogen Evolution,Total peak demand with ToUT (MW)
NABWOOD,10.661,10.661,10.661,10.687,10.753,10.839,10.982,11.179,11.381,11.589,11.811,12.042,12.299,12.494,12.720,12.942,13.165,13.291,13.406,13.546,13.673,13.779,13.870,13.930,13.990,14.037,14.047,NPgY,Primary,NG FES - Hydrogen Evolution,Total peak demand with ToUT (MW)
NATIONAL AVENUE,7.035,7.035,7.035,7.096,7.167,7.262,7.453,7.839,8.254,8.700,9.094,9.330,9.631,9.884,10.221,10.566,10.910,11.109,11.313,11.603,11.864,12.092,12.298,12.454,12.595,12.701,12.691,NPgY,Primary,NG FES - Hydrogen Evolution,Total peak demand with ToUT (MW)
NEW DROPPINGWELL ROAD,7.912,7.912,7.912,8.072,8.247,8.440,8.754,9.263,9.792,10.356,10.879,11.266,11.731,12.128,12.600,13.073,13.544,13.840,14.128,14.473,14.788,15.064,15.317,15.516,15.705,15.859,15.898,NPgY,Primary,NG FES - Hydrogen Evolution,Total peak demand with ToUT (MW)
NEW ORCHARD LANE,11.579,12.061,12.061,12.497,12.986,13.536,14.297,15.213,16.152,17.157,18.310,19.508,20.596,21.563,22.520,23.348,24.148,24.699,25.152,25.557,25.921,26.214,26.474,26.678,26.882,27.066,27.175,NPgY,Primary,NG FES - Hydrogen Evolution,Total peak demand with ToUT (MW)
NEWHALL ROAD,14.175,15.225,15.225,15.181,15.171,15.190,15.251,15.371,15.510,15.673,15.830,15.931,16.055,16.171,16.323,16.479,16.633,16.735,16.837,16.956,17.062,17.154,17.239,17.304,17.358,17.401,17.404,NPgY,Primary,NG FES - Hydrogen Evolution,Total peak demand with ToUT (MW)
NEWPORT 1,8.295,8.691,8.691,8.844,9.021,9.218,9.496,9.858,10.229,10.615,11.175,11.929,12.512,13.025,13.510,13.921,14.325,14.604,14.823,15.020,15.203,15.335,15.450,15.548,15.661,15.772,15.861,NPgY,Primary,NG FES - Hydrogen Evolution,Total peak demand with ToUT (MW)
NEWPORT 2,0.000,0.000,0.000,0.000,0.000,0.000,0.000,0.000,0.000,0.000,0.000,0.000,0.000,0.000,0.000,0.000,0.000,0.000,0.000,0.000,0.000,0.000,0.000,0.000,0.000,0.000,0.000,NPgY,Primary,NG FES - Hydrogen Evolution,Total peak demand with ToUT (MW)
NINELANDS LANE,14.973,16.098,16.098,16.322,16.606,16.945,17.421,17.988,18.562,19.102,19.661,20.222,20.856,21.320,21.771,22.181,22.582,22.778,22.960,23.252,23.516,23.735,23.923,24.049,24.182,24.295,24.354,NPgY,Primary,NG FES - Hydrogen Evolution,Total peak demand with ToUT (MW)
NORFOLK PARK,8.248,8.248,8.248,8.636,9.069,9.528,10.151,10.832,11.521,12.238,12.888,13.322,13.893,14.375,14.965,15.547,16.130,16.453,16.787,17.249,17.679,18.050,18.388,18.653,18.906,19.121,19.176,NPgY,Primary,NG FES - Hydrogen Evolution,Total peak demand with ToUT (MW)
NORMANBY,4.450,4.450,4.450,4.584,4.728,4.883,5.103,5.387,5.673,5.966,6.423,7.083,7.583,8.007,8.398,8.668,8.940,9.117,9.269,9.423,9.570,9.676,9.771,9.849,9.931,10.011,10.069,NPgY,Primary,NG FES - Hydrogen Evolution,Total peak demand with ToUT (MW)
NORMANTON,16.487,17.237,17.237,17.705,18.274,18.928,19.783,20.778,21.815,22.900,23.963,24.790,25.700,26.554,27.470,28.337,29.171,29.799,30.370,30.904,31.382,31.792,32.162,32.469,32.760,33.021,33.193,NPgY,Primary,NG FES - Hydrogen Evolution,Total peak demand with ToUT (MW)
NORTH AVENUE,10.647,10.647,10.647,10.849,11.092,11.369,11.809,12.451,13.119,13.814,14.558,15.266,15.969,16.556,17.198,17.787,18.378,18.723,19.046,19.458,19.832,20.144,20.422,20.630,20.828,20.989,21.012,NPgY,Primary,NG FES - Hydrogen Evolution,Total peak demand with ToUT (MW)
NORTH THORESBY,3.240,3.240,3.240,3.375,3.622,3.983,4.398,4.832,5.312,5.847,6.566,7.506,8.267,8.970,9.636,10.204,10.781,11.263,11.691,12.055,12.409,12.731,13.062,13.332,13.568,13.798,14.016,NPgY,Primary,NG FES - Hydrogen Evolution,Total peak demand with ToUT (MW)
NORWOOD,13.864,14.114,14.114,14.469,14.869,15.306,15.949,16.796,17.663,18.580,19.651,20.841,21.962,22.923,23.898,24.760,25.621,26.179,26.658,27.119,27.548,27.889,28.195,28.429,28.702,28.947,29.076,NPgY,Primary,NG FES - Hydrogen Evolution,Total peak demand with ToUT (MW)
OAKES ROAD,12.342,12.342,12.342,12.659,13.017,13.404,13.966,14.615,15.279,16.007,16.684,17.198,17.865,18.409,19.025,19.634,20.249,20.602,20.953,21.396,21.803,22.150,22.461,22.693,22.922,23.112,23.154,NPgY,Primary,NG FES - Hydrogen Evolution,Total peak demand with ToUT (MW)
OAKWOOD LANE,7.822,7.822,7.822,8.009,8.223,8.449,8.762,9.060,9.367,9.720,10.058,10.303,10.619,10.869,11.167,11.470,11.785,11.940,12.113,12.433,12.729,12.990,13.229,13.417,13.596,13.749,13.784,NPgY,Primary,NG FES - Hydrogen Evolution,Total peak demand with ToUT (MW)
ODSAL,14.220,14.220,14.220,14.301,14.455,14.649,14.967,15.479,16.020,16.602,17.142,17.515,17.949,18.344,18.835,19.329,19.820,20.140,20.450,20.809,21.133,21.413,21.670,21.867,22.041,22.179,22.193,NPgY,Primary,NG FES - Hydrogen Evolution,Total peak demand with ToUT (MW)
OLYMPIA MILLS,16.220,16.220,16.220,16.677,17.186,17.744,18.499,19.397,20.311,21.261,22.485,24.007,25.347,26.477,27.620,28.552,29.475,30.097,30.655,31.224,31.757,32.170,32.538,32.843,33.165,33.472,33.713,NPgY,Primary,NG FES - Hydrogen Evolution,Total peak demand with ToUT (MW)
ORGREAVE,7.786,7.786,7.786,7.903,8.036,8.177,8.389,8.628,8.863,9.133,9.416,9.674,9.934,10.172,10.424,10.659,10.900,11.063,11.218,11.394,11.561,11.700,11.830,11.942,12.049,12.147,12.198,NPgY,Primary,NG FES - Hydrogen Evolution,Total peak demand with ToUT (MW)
OUTWOOD,12.076,12.076,12.076,12.500,12.995,13.516,14.251,14.988,15.716,16.479,17.186,17.691,18.353,18.940,19.579,20.194,20.819,21.223,21.600,22.007,22.385,22.696,22.983,23.210,23.436,23.638,23.727,NPgY,Primary,NG FES - Hydrogen Evolution,Total peak demand with ToUT (MW)
PARK HILL,10.902,10.902,10.902,11.020,11.191,11.394,11.666,11.943,12.226,12.526,12.807,12.987,13.204,13.407,13.655,13.895,14.130,14.287,14.443,14.639,14.817,14.970,15.111,15.224,15.328,15.421,15.457,NPgY,Primary,NG FES - Hydrogen Evolution,Total peak demand with ToUT (MW)
PARK ROAD,14.857,14.857,14.857,14.983,15.183,15.435,15.806,16.328,16.880,17.483,18.056,18.458,18.916,19.333,19.818,20.296,20.761,21.070,21.367,21.704,22.003,22.258,22.487,22.659,22.813,22.934,22.951,NPgY,Primary,NG FES - Hydrogen Evolution,Total peak demand with ToUT (MW)
PARK STREET,10.312,10.312,10.312,10.574,10.873,11.213,11.694,12.390,13.119,13.909,14.655,15.214,15.859,16.429,17.089,17.740,18.379,18.802,19.215,19.698,20.140,20.530,20.889,21.179,21.450,21.680,21.765,NPgY,Primary,NG FES - Hydrogen Evolution,Total peak demand with ToUT (MW)
PASTURE ROAD SOUTH,13.901,13.901,13.901,14.245,14.631,15.030,15.545,16.112,16.683,17.294,17.887,18.379,18.932,19.475,20.067,20.650,21.241,21.723,22.179,22.609,23.025,23.405,23.774,24.114,24.447,24.764,25.018,NPgY,Primary,NG FES - Hydrogen Evolution,Total peak demand with ToUT (MW)
PATRINGTON ROAD,7.047,7.047,7.047,7.179,7.326,7.491,7.753,8.205,8.676,9.154,9.935,11.088,11.924,12.642,13.327,13.895,14.448,14.811,15.059,15.254,15.438,15.559,15.661,15.740,15.833,15.922,15.984,NPgY,Primary,NG FES - Hydrogen Evolution,Total peak demand with ToUT (MW)
PENISTONE,12.210,12.210,12.210,12.578,12.962,13.368,13.947,14.588,15.226,15.909,16.624,17.305,18.028,18.655,19.289,19.876,20.470,20.857,21.211,21.583,21.933,22.221,22.486,22.701,22.919,23.118,23.230,NPgY,Primary,NG FES - Hydrogen Evolution,Total peak demand with ToUT (MW)
PENISTONE ROAD,9.180,10.570,10.570,10.569,10.596,10.647,10.733,10.856,10.993,11.151,11.299,11.389,11.502,11.610,11.758,11.908,12.058,12.160,12.263,12.386,12.500,12.600,12.694,12.768,12.833,12.887,12.900,NPgY,Primary,NG FES - Hydrogen Evolution,Total peak demand with ToUT (MW)
PLANGEO,13.000,13.450,13.450,13.715,14.010,14.340,14.836,15.343,15.865,16.533,17.120,17.477,17.984,18.442,18.991,19.543,20.115,20.439,20.775,21.228,21.654,22.020,22.361,22.629,22.877,23.091,23.141,NPgY,Primary,NG FES - Hydrogen Evolution,Total peak demand with ToUT (MW)
POLLINGTON,6.369,6.369,6.369,6.536,6.725,6.936,7.230,7.598,7.976,8.361,8.908,9.635,10.211,10.703,11.164,11.540,11.906,12.147,12.337,12.517,12.683,12.800,12.899,12.978,13.075,13.168,13.243,NPgY,Primary,NG FES - Hydrogen Evolution,Total peak demand with ToUT (MW)
PONTEFRACT LANE 1/2,13.118,13.868,13.868,14.024,14.276,14.612,15.022,15.436,15.891,16.373,16.890,17.312,17.720,18.102,18.474,18.807,19.097,19.322,19.512,19.697,19.840,19.948,20.029,20.078,20.117,20.145,20.164,NPgY,Primary,NG FES - Hydrogen Evolution,Total peak demand with ToUT (MW)
POOL,7.683,7.683,7.683,7.688,7.715,7.760,7.843,7.975,8.120,8.278,8.476,8.702,8.893,9.062,9.238,9.398,9.556,9.660,9.744,9.830,9.907,9.967,10.020,10.059,10.095,10.124,10.132,NPgY,Primary,NG FES - Hydrogen Evolution,Total peak demand with ToUT (MW)
PRINCE OF WALES,12.844,16.376,16.376,16.803,17.280,17.781,18.478,19.181,19.879,20.624,21.401,22.121,22.908,23.574,24.296,24.970,25.655,26.084,26.490,26.958,27.401,27.774,28.120,28.400,28.680,28.936,29.067,NPgY,Primary,NG FES - Hydrogen Evolution,Total peak demand with ToUT (MW)
PROSPECT ROAD,10.660,11.410,11.410,11.589,11.804,12.055,12.431,12.922,13.439,14.000,14.521,14.919,15.434,15.857,16.344,16.829,17.315,17.608,17.890,18.221,18.523,18.782,19.016,19.187,19.350,19.483,19.507,NPgY,Primary,NG FES - Hydrogen Evolution,Total peak demand with ToUT (MW)
QUEENS ROAD,17.465,23.966,23.966,24.153,24.452,24.860,25.407,26.102,26.862,27.652,28.457,29.061,29.652,30.220,30.801,31.329,31.800,32.160,32.472,32.750,32.968,33.133,33.260,33.344,33.409,33.451,33.452,NPgY,Primary,NG FES - Hydrogen Evolution,Total peak demand with ToUT (MW)
QUEENSBURY,14.049,14.049,14.049,14.360,14.759,15.201,15.895,16.902,17.940,19.029,20.030,20.767,21.687,22.491,23.416,24.334,25.248,25.835,26.377,26.938,27.447,27.875,28.259,28.546,28.820,29.040,29.078,NPgY,Primary,NG FES - Hydrogen Evolution,Total peak demand with ToUT (MW)
RAWCLIFFE,2.704,3.204,3.204,3.267,3.376,3.535,3.722,3.934,4.168,4.425,4.735,5.103,5.424,5.716,6.004,6.257,6.510,6.715,6.905,7.081,7.250,7.402,7.554,7.677,7.786,7.890,7.979,NPgY,Primary,NG FES - Hydrogen Evolution,Total peak demand with ToUT (MW)
RAWDON,12.207,12.207,12.207,12.428,12.689,12.984,13.439,14.039,14.660,15.317,15.935,16.399,16.965,17.436,17.981,18.524,19.073,19.388,19.699,20.123,20.513,20.846,21.147,21.377,21.594,21.772,21.802,NPgY,Primary,NG FES - Hydrogen Evolution,Total peak demand with ToUT (MW)
RAWMARSH ROAD 1_2,20.720,21.795,21.795,22.058,22.355,22.701,23.132,23.602,24.088,24.625,25.167,25.702,26.344,26.846,27.369,27.882,28.386,28.710,29.034,29.438,29.816,30.163,30.482,30.740,31.003,31.244,31.422,NPgY,Primary,NG FES - Hydrogen Evolution,Total peak demand with ToUT (MW)
RAWMARSH ROAD 3_4,23.750,24.200,24.200,24.406,24.663,24.969,25.384,25.965,26.587,27.281,27.941,28.445,29.022,29.560,30.192,30.832,31.469,31.943,32.414,32.956,33.462,33.930,34.375,34.760,35.125,35.455,35.664,NPgY,Primary,NG FES - Hydrogen Evolution,Total peak demand with ToUT (MW)
RAWSON ROAD,11.332,13.612,13.612,13.620,13.718,13.843,13.987,14.056,14.132,14.211,14.301,14.383,14.488,14.581,14.720,14.861,15.008,15.117,15.229,15.364,15.493,15.612,15.725,15.817,15.904,15.985,16.036,NPgY,Primary,NG FES - Hydrogen Evolution,Total peak demand with ToUT (MW)
RAWSON SPRING ROAD,11.550,13.047,13.047,13.033,13.042,13.067,13.126,13.216,13.308,13.407,13.509,13.601,13.719,13.803,13.909,14.016,14.125,14.179,14.236,14.321,14.399,14.466,14.526,14.568,14.608,14.641,14.647,NPgY,Primary,NG FES - Hydrogen Evolution,Total peak demand with ToUT (MW)
REVILL LANE,6.155,6.155,6.155,6.305,6.475,6.660,6.944,7.334,7.739,8.163,8.552,8.827,9.186,9.492,9.850,10.207,10.558,10.764,10.962,11.194,11.404,11.583,11.744,11.865,11.981,12.074,12.084,NPgY,Primary,NG FES - Hydrogen Evolution,Total peak demand with ToUT (MW)
ROCKWARE,18.668,18.668,18.668,18.706,18.770,18.858,18.971,19.105,19.256,19.419,19.593,19.758,19.932,20.108,20.292,20.478,20.662,20.832,20.999,21.163,21.322,21.475,21.625,21.769,21.911,22.051,22.186,NPgY,Primary,NG FES - Hydrogen Evolution,Total peak demand with ToUT (MW)
RODLEY LANE,13.649,14.021,14.021,14.248,14.523,14.827,15.301,15.924,16.570,17.255,17.890,18.344,18.925,19.405,19.973,20.544,21.122,21.450,21.779,22.239,22.659,23.022,23.352,23.602,23.840,24.035,24.065,NPgY,Primary,NG FES - Hydrogen Evolution,Total peak demand with ToUT (MW)
ROMAN AVENUE,11.928,11.928,11.928,12.048,12.185,12.352,12.632,13.062,13.528,14.042,14.564,15.028,15.554,15.980,16.482,16.986,17.486,17.779,18.047,18.374,18.671,18.926,19.150,19.313,19.470,19.596,19.603,NPgY,Primary,NG FES - Hydrogen Evolution,Total peak demand with ToUT (MW)
ROYDS LANE,14.567,14.567,14.567,14.938,15.383,15.877,16.620,17.584,18.571,19.591,20.644,21.581,22.559,23.419,24.338,25.199,26.048,26.593,27.067,27.548,27.984,28.331,28.639,28.870,29.095,29.282,29.329,NPgY,Primary,NG FES - Hydrogen Evolution,Total peak demand with ToUT (MW)
SAINT ANDREWS ROAD 33/11KV,10.460,14.160,14.160,14.218,14.327,14.480,14.694,14.963,15.258,15.581,15.898,16.125,16.371,16.604,16.862,17.110,17.343,17.514,17.671,17.833,17.972,18.088,18.189,18.264,18.327,18.377,18.388,NPgY,Primary,NG FES - Hydrogen Evolution,Total peak demand with ToUT (MW)
SAINT STREET,6.261,6.261,6.261,6.320,6.400,6.505,6.693,7.052,7.440,7.857,8.235,8.484,8.789,9.048,9.390,9.741,10.088,10.297,10.506,10.782,11.030,11.248,11.445,11.593,11.725,11.826,11.822,NPgY,Primary,NG FES - Hydrogen Evolution,Total peak demand with ToUT (MW)
SALTERFORTH,11.084,11.084,11.084,11.176,11.299,11.454,11.741,12.261,12.806,13.377,14.040,14.742,15.357,15.880,16.456,16.980,17.495,17.810,18.088,18.394,18.668,18.890,19.083,19.223,19.351,19.450,19.445,NPgY,Primary,NG FES - Hydrogen Evolution,Total peak demand with ToUT (MW)
SALTERHEBBLE,14.199,14.199,14.199,14.369,14.606,14.903,15.316,15.830,16.361,16.908,17.488,18.081,18.732,19.222,19.703,20.144,20.567,20.795,20.999,21.256,21.481,21.663,21.811,21.897,21.992,22.065,22.095,NPgY,Primary,NG FES - Hydrogen Evolution,Total peak demand with ToUT (MW)
SALTSHOUSE ROAD,11.002,11.002,11.002,11.097,11.199,11.324,11.566,11.963,12.388,12.872,13.336,13.698,14.124,14.491,14.937,15.390,15.845,16.126,16.398,16.713,17.000,17.248,17.473,17.645,17.806,17.937,17.954,NPgY,Primary,NG FES - Hydrogen Evolution,Total peak demand with ToUT (MW)
SANDHILL LANE,3.500,3.500,3.500,3.548,3.604,3.668,3.751,3.852,3.956,4.060,4.189,4.351,4.505,4.628,4.744,4.849,4.951,5.016,5.074,5.135,5.193,5.242,5.285,5.321,5.361,5.399,5.432,NPgY,Primary,NG FES - Hydrogen Evolution,Total peak demand with ToUT (MW)
SAXON ROAD,12.110,12.110,12.110,12.309,12.543,12.818,13.239,13.868,14.538,15.256,15.886,16.276,16.817,17.262,17.845,18.438,19.027,19.371,19.722,20.202,20.637,21.021,21.368,21.630,21.872,22.064,22.076,NPgY,Primary,NG FES - Hydrogen Evolution,Total peak demand with ToUT (MW)
SCARTHO,19.150,19.722,19.722,20.228,20.828,21.451,22.394,23.503,24.602,25.719,27.003,28.361,29.643,30.756,31.865,32.869,33.894,34.535,35.075,35.582,36.053,36.404,36.715,36.949,37.187,37.396,37.447,NPgY,Primary,NG FES - Hydrogen Evolution,Total peak demand with ToUT (MW)
SCHOLES,10.370,10.370,10.370,10.626,10.920,11.241,11.732,12.395,13.071,13.776,14.544,15.314,16.078,16.712,17.376,17.999,18.618,18.985,19.310,19.667,19.990,20.240,20.454,20.608,20.762,20.888,20.909,NPgY,Primary,NG FES - Hydrogen Evolution,Total peak demand with ToUT (MW)
SCISSETT,15.781,16.501,16.501,16.910,17.380,17.883,18.673,19.770,20.878,22.013,23.617,25.738,27.412,28.812,30.171,31.378,32.564,33.277,33.806,34.303,34.759,35.072,35.326,35.506,35.697,35.864,35.911,NPgY,Primary,NG FES - Hydrogen Evolution,Total peak demand with ToUT (MW)
SCULCOATES A,24.575,25.175,25.175,25.149,25.189,25.281,25.459,25.738,26.054,26.471,26.839,27.039,27.323,27.598,27.975,28.367,28.763,29.031,29.293,29.612,29.901,30.155,30.392,30.572,30.728,30.854,30.867,NPgY,Primary,NG FES - Hydrogen Evolution,Total peak demand with ToUT (MW)
SEACROFT,9.812,9.812,9.812,9.931,10.085,10.265,10.487,10.642,10.801,10.971,11.177,11.430,11.723,11.919,12.110,12.293,12.476,12.548,12.624,12.794,12.949,13.083,13.198,13.273,13.355,13.426,13.464,NPgY,Primary,NG FES - Hydrogen Evolution,Total peak demand with ToUT (MW)
SEATON,14.065,14.665,14.665,14.983,15.348,15.754,16.364,17.245,18.149,19.078,20.487,22.451,23.920,25.189,26.395,27.403,28.393,29.043,29.526,29.944,30.335,30.607,30.838,31.023,31.244,31.455,31.601,NPgY,Primary,NG FES - Hydrogen Evolution,Total peak demand with ToUT (MW)
SELBY,19.740,19.740,19.740,20.440,21.199,22.010,23.114,24.342,25.578,26.870,28.481,30.444,32.263,33.753,35.288,36.504,37.717,38.477,39.170,39.936,40.661,41.255,41.796,42.232,42.696,43.130,43.438,NPgY,Primary,NG FES - Hydrogen Evolution,Total peak demand with ToUT (MW)
SELBY ROAD,14.904,18.804,18.804,19.062,19.364,19.702,20.236,20.958,21.709,22.503,23.260,23.854,24.579,25.191,25.889,26.586,27.286,27.706,28.105,28.585,29.024,29.398,29.734,29.986,30.231,30.429,30.466,NPgY,Primary,NG FES - Hydrogen Evolution,Total peak demand with ToUT (MW)
SHARLSTON,8.600,8.600,8.600,8.941,9.315,9.703,10.268,10.979,11.703,12.476,13.440,14.567,15.553,16.398,17.278,18.051,18.816,19.291,19.671,20.050,20.407,20.697,20.962,21.171,21.383,21.574,21.647,NPgY,Primary,NG FES - Hydrogen Evolution,Total peak demand with ToUT (MW)
SHEPCOTE TINSLEY,6.315,6.315,6.315,6.315,6.315,6.315,6.315,6.315,6.315,6.315,6.315,6.315,6.315,6.315,6.315,6.315,6.315,6.315,6.315,6.315,6.315,6.315,6.315,6.315,6.315,6.315,6.315,NPgY,Primary,NG FES - Hydrogen Evolution,Total peak demand with ToUT (MW)
SHERBURN,14.179,16.115,16.115,16.589,17.145,17.753,18.532,19.287,20.049,20.855,21.862,22.975,23.903,24.763,25.624,26.362,27.078,27.624,28.091,28.527,28.932,29.248,29.536,29.797,30.060,30.321,30.551,NPgY,Primary,NG FES - Hydrogen Evolution,Total peak demand with ToUT (MW)
SHIPLEY,9.223,9.223,9.223,9.364,9.565,9.790,10.115,10.508,10.920,11.360,11.778,12.101,12.506,12.844,13.265,13.689,14.119,14.382,14.642,14.957,15.247,15.499,15.728,15.902,16.068,16.205,16.235,NPgY,Primary,NG FES - Hydrogen Evolution,Total peak demand with ToUT (MW)
SHIRLAND LANE,8.603,8.603,8.603,8.587,8.598,8.632,8.677,8.699,8.726,8.760,8.805,8.864,8.929,8.984,9.055,9.127,9.201,9.259,9.317,9.375,9.431,9.482,9.532,9.571,9.605,9.638,9.666,NPgY,Primary,NG FES - Hydrogen Evolution,Total peak demand with ToUT (MW)
SILVER STREET,7.606,8.575,8.575,8.582,8.611,8.659,8.703,8.675,8.649,8.623,8.633,8.697,8.750,8.788,8.853,8.922,8.994,9.054,9.115,9.183,9.250,9.315,9.377,9.428,9.477,9.525,9.570,NPgY,Primary,NG FES - Hydrogen Evolution,Total peak demand with ToUT (MW)
SILVERWOOD,10.230,11.529,11.529,11.829,12.140,12.485,13.014,13.776,14.567,15.403,16.190,16.834,17.632,18.308,19.057,19.795,20.522,20.987,21.414,21.835,22.219,22.548,22.843,23.066,23.289,23.474,23.544,NPgY,Primary,NG FES - Hydrogen Evolution,Total peak demand with ToUT (MW)
SKILLINGS LANE,9.043,11.059,11.059,11.216,11.401,11.599,11.884,12.236,12.593,12.979,13.481,14.094,14.605,15.083,15.554,15.974,16.396,16.713,16.973,17.169,17.358,17.501,17.632,17.748,17.879,18.005,18.108,NPgY,Primary,NG FES - Hydrogen Evolution,Total peak demand with ToUT (MW)
SKIPTON,13.967,13.967,13.967,14.199,14.491,14.818,15.280,15.795,16.313,16.880,17.498,18.110,18.741,19.264,19.933,20.546,21.162,21.566,21.948,22.386,22.797,23.152,23.482,23.749,24.009,24.244,24.380,NPgY,Primary,NG FES - Hydrogen Evolution,Total peak demand with ToUT (MW)
SLAITHWAITE,8.535,8.685,8.685,8.787,8.920,9.085,9.328,9.657,9.993,10.321,10.671,11.043,11.442,11.736,12.032,12.302,12.566,12.701,12.824,12.982,13.121,13.236,13.332,13.389,13.450,13.498,13.512,NPgY,Primary,NG FES - Hydrogen Evolution,Total peak demand with ToUT (MW)
SLEDMERE GARTH,4.569,4.569,4.569,4.715,4.881,5.052,5.284,5.477,5.671,5.898,6.120,6.289,6.505,6.684,6.881,7.078,7.283,7.387,7.499,7.684,7.858,8.006,8.142,8.249,8.353,8.444,8.466,NPgY,Primary,NG FES - Hydrogen Evolution,Total peak demand with ToUT (MW)
SMITH STREET,6.650,7.010,7.010,7.199,7.420,7.662,8.015,8.460,8.915,9.391,9.839,10.176,10.572,10.919,11.313,11.702,12.092,12.341,12.585,12.875,13.144,13.375,13.588,13.758,13.919,14.057,14.106,NPgY,Primary,NG FES - Hydrogen Evolution,Total peak demand with ToUT (MW)
SMITHY GREEN,4.665,4.665,4.665,4.883,5.131,5.411,5.786,6.245,6.723,7.226,7.708,8.066,8.470,8.829,9.218,9.592,9.954,10.192,10.419,10.678,10.909,11.107,11.283,11.420,11.547,11.654,11.690,NPgY,Primary,NG FES - Hydrogen Evolution,Total peak demand with ToUT (MW)
SNAITHING PARK ROAD,12.638,12.638,12.638,12.782,12.971,13.217,13.599,14.191,14.830,15.513,16.145,16.611,17.186,17.666,18.264,18.869,19.474,19.852,20.226,20.680,21.093,21.457,21.789,22.038,22.265,22.447,22.478,NPgY,Primary,NG FES - Hydrogen Evolution,Total peak demand with ToUT (MW)
SNELSINS LANE,10.090,10.351,10.351,10.453,10.591,10.746,11.011,11.404,11.812,12.260,12.660,12.906,13.215,13.511,13.874,14.238,14.607,14.854,15.088,15.345,15.578,15.776,15.959,16.103,16.235,16.342,16.353,NPgY,Primary,NG FES - Hydrogen Evolution,Total peak demand with ToUT (MW)
SOUTH ELMSALL,18.161,18.461,18.461,18.799,19.217,19.691,20.314,21.057,21.829,22.645,23.528,24.349,25.123,25.858,26.628,27.349,28.051,28.590,29.070,29.524,29.943,30.305,30.644,30.941,31.227,31.492,31.689,NPgY,Primary,NG FES - Hydrogen Evolution,Total peak demand with ToUT (MW)
SOUTH FERRIBY,4.164,4.359,4.359,4.513,4.683,4.867,5.127,5.496,5.875,6.263,6.847,7.663,8.285,8.817,9.325,9.744,10.151,10.419,10.615,10.782,10.939,11.057,11.161,11.244,11.335,11.421,11.483,NPgY,Primary,NG FES - Hydrogen Evolution,Total peak demand with ToUT (MW)
SOUTH KIRKBY,10.538,10.538,10.538,10.933,11.393,11.894,12.611,13.537,14.478,15.447,16.663,18.086,19.293,20.335,21.391,22.287,23.158,23.713,24.155,24.581,24.972,25.278,25.549,25.760,25.975,26.169,26.264,NPgY,Primary,NG FES - Hydrogen Evolution,Total peak demand with ToUT (MW)
SOUTH RESTON,3.403,3.403,3.403,3.551,3.840,4.276,4.761,5.234,5.767,6.371,7.087,7.927,8.675,9.386,10.082,10.703,11.339,11.903,12.440,12.917,13.379,13.813,14.262,14.632,14.951,15.259,15.550,NPgY,Primary,NG FES - Hydrogen Evolution,Total peak demand with ToUT (MW)
SOUTH STREET,8.190,8.190,8.190,8.371,8.601,8.855,9.229,9.721,10.235,10.787,11.299,11.666,12.124,12.509,12.983,13.457,13.930,14.211,14.490,14.845,15.167,15.445,15.695,15.884,16.061,16.203,16.217,NPgY,Primary,NG FES - Hydrogen Evolution,Total peak demand with ToUT (MW)
SOUTHGATE,5.193,5.413,5.413,5.546,5.704,5.884,6.126,6.408,6.689,6.963,7.288,7.672,8.037,8.325,8.593,8.823,9.047,9.180,9.293,9.421,9.537,9.625,9.700,9.753,9.841,9.925,9.998,NPgY,Primary,NG FES - Hydrogen Evolution,Total peak demand with ToUT (MW)
SOUTHWOOD ROAD,11.256,11.756,11.756,12.116,12.522,12.960,13.589,14.344,15.111,15.928,16.768,17.532,18.348,19.043,19.775,20.457,21.141,21.569,21.973,22.430,22.854,23.206,23.528,23.780,24.066,24.320,24.438,NPgY,Primary,NG FES - Hydrogen Evolution,Total peak demand with ToUT (MW)
SOWERBY BRIDGE 33/11KV,16.000,16.000,16.000,16.206,16.481,16.800,17.326,18.159,19.028,19.954,21.089,22.386,23.493,24.432,25.389,26.238,27.073,27.579,28.018,28.522,28.977,29.332,29.636,29.860,30.074,30.246,30.276,NPgY,Primary,NG FES - Hydrogen Evolution,Total peak demand with ToUT (MW)
SPARK MILL LANE,16.997,16.997,16.997,17.410,17.880,18.382,19.094,19.871,20.654,21.508,22.404,23.278,24.233,25.088,25.968,26.799,27.637,28.218,28.724,29.152,29.557,29.880,30.176,30.412,30.706,30.982,31.172,NPgY,Primary,NG FES - Hydrogen Evolution,Total peak demand with ToUT (MW)
SPENBOROUGH,11.600,11.600,11.600,11.876,12.208,12.580,13.134,13.864,14.618,15.418,16.160,16.715,17.411,18.000,18.667,19.327,19.981,20.382,20.763,21.197,21.592,21.928,22.230,22.455,22.670,22.844,22.881,NPgY,Primary,NG FES - Hydrogen Evolution,Total peak demand with ToUT (MW)
SPRING MILL STREET,13.670,14.780,14.780,14.765,14.795,14.856,14.949,15.049,15.162,15.293,15.434,15.572,15.735,15.865,16.015,16.163,16.306,16.396,16.481,16.582,16.672,16.747,16.813,16.857,16.899,16.933,16.939,NPgY,Primary,NG FES - Hydrogen Evolution,Total peak demand with ToUT (MW)
STAINFORTH,7.339,7.339,7.339,7.514,7.701,7.904,8.209,8.601,9.000,9.419,9.862,10.287,10.724,11.099,11.508,11.891,12.276,12.517,12.742,12.995,13.230,13.429,13.611,13.757,13.900,14.025,14.081,NPgY,Primary,NG FES - Hydrogen Evolution,Total peak demand with ToUT (MW)
STAIRFOOT,11.960,12.310,12.310,12.739,13.188,13.671,14.359,15.150,15.950,16.827,17.651,18.280,19.051,19.703,20.425,21.134,21.851,22.282,22.714,23.253,23.752,24.183,24.580,24.893,25.196,25.457,25.552,NPgY,Primary,NG FES - Hydrogen Evolution,Total peak demand with ToUT (MW)
STANLEY STREET,10.182,10.182,10.182,10.198,10.246,10.315,10.404,10.464,10.534,10.622,10.715,10.792,10.892,10.977,11.111,11.252,11.395,11.497,11.600,11.729,11.852,11.964,12.071,12.156,12.235,12.307,12.342,NPgY,Primary,NG FES - Hydrogen Evolution,Total peak demand with ToUT (MW)
STANNINGTON ROAD,13.103,13.103,13.103,13.406,13.743,14.125,14.743,15.766,16.846,17.976,19.007,19.728,20.626,21.363,22.278,23.192,24.094,24.616,25.138,25.833,26.461,27.006,27.496,27.866,28.210,28.480,28.484,NPgY,Primary,NG FES - Hydrogen Evolution,Total peak demand with ToUT (MW)
STATION ROAD,20.860,21.978,21.978,22.468,23.036,23.691,24.466,25.294,26.155,27.042,27.944,28.818,29.795,30.606,31.446,32.258,33.051,33.636,34.207,34.840,35.433,35.982,36.497,36.933,37.369,37.781,38.136,NPgY,Primary,NG FES - Hydrogen Evolution,Total peak demand with ToUT (MW)
STEVENSON ROAD,8.208,8.208,8.208,8.145,8.089,8.042,8.000,7.965,7.933,7.909,7.888,7.873,7.862,7.854,7.849,7.848,7.847,7.847,7.847,7.845,7.843,7.842,7.841,7.840,7.838,7.835,7.832,NPgY,Primary,NG FES - Hydrogen Evolution,Total peak demand with ToUT (MW)
STOKE STREET,11.459,11.459,11.459,11.421,11.413,11.436,11.482,11.546,11.628,11.720,11.821,11.899,11.976,12.057,12.139,12.215,12.282,12.339,12.386,12.422,12.449,12.468,12.482,12.490,12.492,12.493,12.493,NPgY,Primary,NG FES - Hydrogen Evolution,Total peak demand with ToUT (MW)
STOURTON 132/11KV,7.139,7.139,7.139,7.095,7.060,7.034,7.017,7.010,7.009,7.013,7.019,7.025,7.037,7.047,7.060,7.074,7.087,7.094,7.099,7.106,7.111,7.113,7.115,7.114,7.113,7.112,7.108,NPgY,Primary,NG FES - Hydrogen Evolution,Total peak demand with ToUT (MW)
STOURTON 33/11KV,8.689,10.823,10.823,10.848,10.896,10.955,11.089,11.345,11.617,11.910,12.224,12.502,12.763,13.013,13.302,13.576,13.850,14.036,14.196,14.350,14.490,14.606,14.713,14.798,14.875,14.937,14.942,NPgY,Primary,NG FES - Hydrogen Evolution,Total peak demand with ToUT (MW)
STOW,6.170,6.170,6.170,6.306,6.454,6.616,6.838,7.129,7.427,7.730,8.165,8.757,9.226,9.628,10.009,10.306,10.600,10.802,10.978,11.152,11.314,11.437,11.547,11.640,11.738,11.833,11.910,NPgY,Primary,NG FES - Hydrogen Evolution,Total peak demand with ToUT (MW)
SWAN BANK LANE,11.438,12.488,12.488,12.732,13.047,13.404,13.864,14.387,14.937,15.547,16.121,16.533,17.030,17.471,17.953,18.427,18.893,19.209,19.508,19.846,20.151,20.414,20.647,20.820,20.981,21.111,21.152,NPgY,Primary,NG FES - Hydrogen Evolution,Total peak demand with ToUT (MW)
SWEET STREET,7.018,14.122,14.122,14.142,14.189,14.254,14.329,14.356,14.390,14.428,14.481,14.541,14.606,14.660,14.715,14.771,14.827,14.863,14.900,14.979,15.053,15.122,15.187,15.242,15.294,15.344,15.377,NPgY,Primary,NG FES - Hydrogen Evolution,Total peak demand with ToUT (MW)
SWINNOW MOOR,13.724,14.212,14.212,14.436,14.695,14.986,15.416,15.896,16.408,16.992,17.546,17.966,18.513,18.959,19.489,20.027,20.574,20.879,21.186,21.627,22.032,22.382,22.699,22.938,23.166,23.355,23.387,NPgY,Primary,NG FES - Hydrogen Evolution,Total peak demand with ToUT (MW)
TADCASTER,14.204,14.204,14.204,14.476,14.789,15.133,15.610,16.231,16.874,17.551,18.568,19.949,20.976,21.901,22.807,23.537,24.255,24.776,25.190,25.554,25.899,26.169,26.417,26.639,26.865,27.087,27.267,NPgY,Primary,NG FES - Hydrogen Evolution,Total peak demand with ToUT (MW)
TANKERSLEY PARK,20.109,20.109,20.109,20.247,20.422,20.640,21.038,21.748,22.498,23.278,24.028,24.636,25.344,25.966,26.693,27.413,28.124,28.601,29.038,29.467,29.855,30.191,30.494,30.724,30.945,31.125,31.176,NPgY,Primary,NG FES - Hydrogen Evolution,Total peak demand with ToUT (MW)
TEMPLEBOROUGH 33/11KV,15.632,16.302,16.302,16.490,16.699,16.922,17.251,17.666,18.089,18.564,19.060,19.507,19.951,20.374,20.835,21.279,21.730,22.064,22.388,22.742,23.078,23.374,23.659,23.913,24.156,24.383,24.529,NPgY,Primary,NG FES - Hydrogen Evolution,Total peak demand with ToUT (MW)
THORNBURY,14.304,14.304,14.304,14.407,14.575,14.783,15.117,15.608,16.127,16.684,17.197,17.539,17.950,18.309,18.765,19.224,19.687,19.972,20.260,20.642,20.987,21.287,21.564,21.778,21.969,22.124,22.141,NPgY,Primary,NG FES - Hydrogen Evolution,Total peak demand with ToUT (MW)
THORNE,16.404,21.354,21.354,21.679,22.045,22.458,23.056,23.826,24.619,25.451,26.265,26.930,27.675,28.329,29.060,29.768,30.470,30.938,31.383,31.868,32.314,32.699,33.051,33.335,33.609,33.848,33.963,NPgY,Primary,NG FES - Hydrogen Evolution,Total peak demand with ToUT (MW)
THORNTON,12.930,12.930,12.930,13.198,13.538,13.912,14.504,15.368,16.264,17.198,18.054,18.670,19.458,20.127,20.947,21.769,22.591,23.086,23.560,24.108,24.606,25.034,25.418,25.706,25.979,26.197,26.220,NPgY,Primary,NG FES - Hydrogen Evolution,Total peak demand with ToUT (MW)
THORPE ROAD,14.315,15.885,15.885,16.254,16.711,17.237,17.914,18.660,19.436,20.251,21.252,22.326,23.205,24.034,24.816,25.478,26.111,26.598,27.011,27.382,27.713,27.964,28.182,28.374,28.577,28.774,28.938,NPgY,Primary,NG FES - Hydrogen Evolution,Total peak demand with ToUT (MW)
TICKHILL ROAD,12.902,12.902,12.902,13.198,13.525,13.901,14.490,15.454,16.460,17.492,18.720,20.099,21.323,22.358,23.437,24.428,25.391,25.998,26.488,26.964,27.397,27.748,28.058,28.289,28.522,28.718,28.791,NPgY,Primary,NG FES - Hydrogen Evolution,Total peak demand with ToUT (MW)
TINGLEY,10.912,14.412,14.412,14.689,15.019,15.373,15.915,16.591,17.280,17.998,18.664,19.172,19.831,20.419,21.063,21.701,22.342,22.762,23.134,23.484,23.805,24.069,24.304,24.479,24.654,24.799,24.842,NPgY,Primary,NG FES - Hydrogen Evolution,Total peak demand with ToUT (MW)
TINSLEY PARK ROAD,12.704,12.704,12.704,12.688,12.713,12.779,12.879,12.997,13.138,13.296,13.461,13.586,13.714,13.842,13.977,14.103,14.220,14.312,14.392,14.464,14.522,14.567,14.606,14.631,14.649,14.662,14.667,NPgY,Primary,NG FES - Hydrogen Evolution,Total peak demand with ToUT (MW)
TINSLEY WIRE INDUSTRIES,3.824,6.224,6.224,6.291,6.383,6.502,6.665,6.876,7.102,7.338,7.567,7.731,7.904,8.067,8.243,8.409,8.563,8.672,8.771,8.873,8.959,9.029,9.087,9.129,9.165,9.192,9.196,NPgY,Primary,NG FES - Hydrogen Evolution,Total peak demand with ToUT (MW)
TIVERTON ROAD,17.002,17.542,17.542,17.624,17.725,17.855,18.121,18.561,19.032,19.583,20.117,20.520,20.984,21.384,21.881,22.390,22.906,23.215,23.527,23.927,24.292,24.611,24.901,25.125,25.333,25.501,25.518,NPgY,Primary,NG FES - Hydrogen Evolution,Total peak demand with ToUT (MW)
TODMORDEN,11.910,11.910,11.910,12.252,12.721,13.314,14.061,15.003,16.006,17.064,18.121,18.995,19.885,20.678,21.533,22.343,23.133,23.693,24.226,24.803,25.323,25.773,26.186,26.490,26.748,26.956,27.028,NPgY,Primary,NG FES - Hydrogen Evolution,Total peak demand with ToUT (MW)
TOLLER LANE,9.831,9.831,9.831,9.915,10.061,10.224,10.470,10.794,11.127,11.494,11.825,12.026,12.285,12.513,12.823,13.143,13.468,13.672,13.881,14.164,14.424,14.652,14.863,15.029,15.180,15.303,15.320,NPgY,Primary,NG FES - Hydrogen Evolution,Total peak demand with ToUT (MW)
TONG STREET,8.876,9.026,9.026,9.043,9.100,9.177,9.294,9.447,9.608,9.773,9.937,10.078,10.245,10.380,10.531,10.676,10.816,10.899,10.976,11.060,11.135,11.196,11.247,11.280,11.311,11.334,11.340,NPgY,Primary,NG FES - Hydrogen Evolution,Total peak demand with ToUT (MW)
UPPER BASINGHALL STREET,14.812,14.812,14.812,14.725,14.664,14.623,14.593,14.545,14.509,14.480,14.463,14.460,14.464,14.470,14.481,14.497,14.518,14.533,14.548,14.584,14.617,14.650,14.683,14.711,14.735,14.759,14.775,NPgY,Primary,NG FES - Hydrogen Evolution,Total peak demand with ToUT (MW)
VARLEY STREET,12.379,12.379,12.379,12.635,12.935,13.272,13.776,14.404,15.060,15.752,16.395,16.852,17.431,17.916,18.471,19.020,19.570,19.887,20.201,20.631,21.023,21.357,21.657,21.884,22.100,22.277,22.306,NPgY,Primary,NG FES - Hydrogen Evolution,Total peak demand with ToUT (MW)
VICTORIA STREET,8.759,8.759,8.759,8.738,8.730,8.731,8.735,8.714,8.696,8.679,8.682,8.741,8.802,8.849,8.907,8.968,9.031,9.083,9.136,9.197,9.257,9.318,9.376,9.432,9.491,9.551,9.569,NPgY,Primary,NG FES - Hydrogen Evolution,Total peak demand with ToUT (MW)
WALESBY,5.700,5.938,5.938,6.133,6.344,6.571,6.888,7.268,7.650,8.041,8.621,9.424,10.048,10.578,11.081,11.458,11.836,12.083,12.295,12.507,12.706,12.851,12.980,13.085,13.194,13.300,13.374,NPgY,Primary,NG FES - Hydrogen Evolution,Total peak demand with ToUT (MW)
WARREN LANE,4.350,5.000,5.000,5.013,5.039,5.073,5.133,5.222,5.311,5.397,5.524,5.701,5.842,5.957,6.066,6.159,6.253,6.307,6.345,6.384,6.420,6.447,6.471,6.489,6.507,6.525,6.537,NPgY,Primary,NG FES - Hydrogen Evolution,Total peak demand with ToUT (MW)
WATH UPON DEARNE,12.258,13.038,13.038,13.362,13.711,14.098,14.633,15.217,15.811,16.471,17.100,17.577,18.144,18.640,19.164,19.669,20.171,20.498,20.820,21.205,21.558,21.862,22.143,22.372,22.593,22.790,22.894,NPgY,Primary,NG FES - Hydrogen Evolution,Total peak demand with ToUT (MW)
WAVERLEY BUSINESS PARK,11.155,14.385,14.385,14.396,14.415,14.443,14.478,14.519,14.567,14.623,14.684,14.751,14.824,14.901,14.982,15.069,15.157,15.246,15.334,15.422,15.510,15.598,15.686,15.774,15.862,15.950,16.037,NPgY,Primary,NG FES - Hydrogen Evolution,Total peak demand with ToUT (MW)
WAWNE ROAD,9.804,10.164,10.164,10.561,10.965,11.360,11.933,12.298,12.616,13.067,13.517,13.901,14.378,14.811,15.203,15.558,15.950,16.198,16.429,16.656,16.882,17.056,17.223,17.367,17.520,17.673,17.764,NPgY,Primary,NG FES - Hydrogen Evolution,Total peak demand with ToUT (MW)
WEELAND ROAD,16.967,16.967,16.967,17.118,17.300,17.503,17.751,18.024,18.310,18.606,18.917,19.221,19.540,19.839,20.148,20.450,20.749,21.004,21.252,21.510,21.759,21.994,22.222,22.438,22.653,22.863,23.051,NPgY,Primary,NG FES - Hydrogen Evolution,Total peak demand with ToUT (MW)
WELLINGTON STREET,18.450,20.189,20.189,20.677,21.277,21.943,22.790,23.591,24.408,25.287,26.140,26.758,27.446,28.129,28.840,29.513,30.176,30.704,31.206,31.708,32.170,32.570,32.947,33.281,33.598,33.898,34.120,NPgY,Primary,NG FES - Hydrogen Evolution,Total peak demand with ToUT (MW)
WESLEY CRESCENT,11.607,11.607,11.607,11.748,11.931,12.145,12.457,12.840,13.222,13.583,13.962,14.370,14.844,15.182,15.520,15.841,16.159,16.313,16.452,16.621,16.773,16.894,16.991,17.042,17.104,17.152,17.162,NPgY,Primary,NG FES - Hydrogen Evolution,Total peak demand with ToUT (MW)
WEST DOCKS,11.539,12.739,12.739,12.683,12.651,12.643,12.654,12.679,12.717,12.769,12.828,12.872,12.918,12.969,13.024,13.078,13.127,13.167,13.203,13.230,13.253,13.270,13.285,13.293,13.297,13.299,13.298,NPgY,Primary,NG FES - Hydrogen Evolution,Total peak demand with ToUT (MW)
WEST END LANE,13.923,18.493,18.493,18.930,19.400,19.917,20.676,21.627,22.596,23.605,24.627,25.527,26.512,27.366,28.295,29.190,30.076,30.659,31.179,31.687,32.152,32.537,32.882,33.150,33.417,33.647,33.747,NPgY,Primary,NG FES - Hydrogen Evolution,Total peak demand with ToUT (MW)
WEST MOOR PARK,10.686,10.686,10.686,10.815,10.960,11.111,11.333,11.571,11.804,12.060,12.397,12.805,13.151,13.469,13.793,14.102,14.417,14.645,14.829,14.985,15.138,15.262,15.380,15.488,15.599,15.708,15.793,NPgY,Primary,NG FES - Hydrogen Evolution,Total peak demand with ToUT (MW)
WEST PARK,8.180,8.180,8.180,8.309,8.462,8.643,8.905,9.237,9.570,9.886,10.191,10.488,10.867,11.120,11.377,11.619,11.858,11.953,12.049,12.228,12.389,12.526,12.643,12.714,12.794,12.858,12.875,NPgY,Primary,NG FES - Hydrogen Evolution,Total peak demand with ToUT (MW)
WESTCOTT STREET,12.780,12.780,12.780,12.970,13.184,13.428,13.869,14.585,15.333,16.170,16.928,17.420,18.014,18.546,19.213,19.888,20.572,20.990,21.411,21.942,22.428,22.849,23.234,23.539,23.817,24.040,24.056,NPgY,Primary,NG FES - Hydrogen Evolution,Total peak demand with ToUT (MW)
WETHERBY,0.000,0.000,0.000,0.000,0.000,0.000,0.000,0.000,0.000,0.000,0.000,0.000,0.000,0.000,0.000,0.000,0.000,0.000,0.000,0.000,0.000,0.000,0.000,0.000,0.000,0.000,0.000,NPgY,Primary,NG FES - Hydrogen Evolution,Total peak demand with ToUT (MW)
WHEATACRE ROAD,8.081,8.081,8.081,8.218,8.379,8.562,8.870,9.383,9.918,10.467,10.978,11.347,11.778,12.144,12.590,13.034,13.477,13.744,14.008,14.344,14.648,14.912,15.150,15.335,15.505,15.641,15.654,NPgY,Primary,NG FES - Hydrogen Evolution,Total peak demand with ToUT (MW)
WHEATLEY PARK,7.380,7.989,7.989,8.098,8.241,8.416,8.648,8.940,9.250,9.582,9.906,10.146,10.392,10.631,10.896,11.153,11.400,11.591,11.774,11.976,12.158,12.318,12.467,12.593,12.707,12.809,12.867,NPgY,Primary,NG FES - Hydrogen Evolution,Total peak demand with ToUT (MW)
WHINGATE,6.769,6.769,6.769,6.860,6.989,7.141,7.352,7.618,7.904,8.227,8.509,8.670,8.896,9.104,9.358,9.613,9.863,10.024,10.181,10.380,10.561,10.719,10.865,10.977,11.080,11.164,11.177,NPgY,Primary,NG FES - Hydrogen Evolution,Total peak demand with ToUT (MW)
WHITE LEE,11.216,11.216,11.216,11.558,11.941,12.364,12.974,13.779,14.618,15.523,16.359,16.993,17.817,18.491,19.271,20.048,20.817,21.268,21.706,22.237,22.721,23.139,23.513,23.788,24.058,24.277,24.315,NPgY,Primary,NG FES - Hydrogen Evolution,Total peak demand with ToUT (MW)
WHITEHALL ROAD 2/3,6.339,9.555,9.555,9.518,9.491,9.471,9.454,9.424,9.398,9.377,9.362,9.354,9.351,9.347,9.347,9.349,9.354,9.356,9.359,9.372,9.386,9.399,9.413,9.423,9.433,9.444,9.450,NPgY,Primary,NG FES - Hydrogen Evolution,Total peak demand with ToUT (MW)
WHITEHALL ROAD 4/5,8.297,8.297,8.297,8.260,8.241,8.234,8.228,8.191,8.158,8.132,8.118,8.124,8.132,8.136,8.143,8.155,8.169,8.178,8.188,8.221,8.253,8.286,8.317,8.344,8.369,8.393,8.412,NPgY,Primary,NG FES - Hydrogen Evolution,Total peak demand with ToUT (MW)
WIBSEY,11.414,11.414,11.414,11.608,11.851,12.126,12.585,13.339,14.130,14.957,15.721,16.290,16.996,17.601,18.339,19.085,19.823,20.276,20.704,21.174,21.600,21.965,22.293,22.536,22.765,22.945,22.958,NPgY,Primary,NG FES - Hydrogen Evolution,Total peak demand with ToUT (MW)
WITHERNSEA,4.970,5.378,5.378,5.501,5.642,5.799,6.047,6.457,6.878,7.307,7.978,8.940,9.644,10.244,10.818,11.275,11.720,12.001,12.202,12.374,12.533,12.651,12.753,12.828,12.913,12.990,13.031,NPgY,Primary,NG FES - Hydrogen Evolution,Total peak demand with ToUT (MW)
WOODCOCK STREET,11.790,12.516,12.516,12.671,12.859,13.065,13.338,13.651,13.980,14.356,14.721,15.001,15.318,15.624,15.993,16.359,16.729,17.010,17.285,17.594,17.888,18.157,18.416,18.644,18.860,19.061,19.188,NPgY,Primary,NG FES - Hydrogen Evolution,Total peak demand with ToUT (MW)
WOODSEATS,10.284,11.284,11.284,11.460,11.661,11.897,12.288,12.937,13.621,14.334,14.979,15.420,15.975,16.422,16.991,17.565,18.135,18.460,18.793,19.254,19.672,20.037,20.366,20.613,20.844,21.025,21.032,NPgY,Primary,NG FES - Hydrogen Evolution,Total peak demand with ToUT (MW)
WOOLLEY,10.220,13.220,13.220,13.479,13.759,14.061,14.512,15.122,15.744,16.396,17.061,17.670,18.317,18.881,19.485,20.058,20.626,21.003,21.345,21.687,22.003,22.269,22.512,22.705,22.898,23.066,23.148,NPgY,Primary,NG FES - Hydrogen Evolution,Total peak demand with ToUT (MW)
WORSBROUGH PARK,13.972,14.332,14.332,14.734,15.165,15.648,16.362,17.348,18.374,19.462,20.491,21.304,22.286,23.109,24.040,24.960,25.869,26.426,26.963,27.593,28.167,28.665,29.114,29.459,29.792,30.070,30.157,NPgY,Primary,NG FES - Hydrogen Evolution,Total peak demand with ToUT (MW)
WRAWBY,15.692,16.917,16.917,17.270,17.676,18.121,18.676,19.369,20.085,20.827,21.827,23.090,24.084,25.000,25.893,26.673,27.436,28.043,28.549,28.995,29.422,29.794,30.148,30.477,30.805,31.130,31.430,NPgY,Primary,NG FES - Hydrogen Evolution,Total peak demand with ToUT (MW)
YARBOROUGH ROAD 33/11KV,15.155,15.654,15.654,15.781,15.997,16.275,16.643,17.077,17.525,17.998,18.479,18.903,19.369,19.749,20.156,20.546,20.922,21.160,21.382,21.633,21.851,22.033,22.189,22.290,22.381,22.452,22.466,NPgY,Primary,NG FES - Hydrogen Evolution,Total peak demand with ToUT (MW)
YEW GREEN ROAD,8.548,8.548,8.548,8.595,8.665,8.752,8.884,9.061,9.242,9.441,9.637,9.810,10.022,10.185,10.372,10.558,10.744,10.848,10.950,11.089,11.214,11.323,11.420,11.489,11.557,11.613,11.624,NPgY,Primary,NG FES - Hydrogen Evolution,Total peak demand with ToUT (MW)
YORK ROAD,13.081,13.630,13.630,13.821,14.052,14.315,14.671,15.001,15.360,15.808,16.237,16.544,16.945,17.265,17.677,18.105,18.545,18.774,19.028,19.479,19.898,20.268,20.607,20.871,21.117,21.325,21.367,NPgY,Primary,NG FES - Hydrogen Evolution,Total peak demand with ToUT (MW)
YORK STREET,14.345,15.695,15.695,15.879,16.117,16.392,16.725,17.061,17.416,17.821,18.214,18.529,18.894,19.247,19.651,20.057,20.465,20.798,21.124,21.461,21.782,22.080,22.369,22.625,22.867,23.097,23.276,NPgY,Primary,NG FES - Hydrogen Evolution,Total peak demand with ToUT (MW)Barnsley Direct to Supply Points,,,,,,,,,,,,,,,,,,,,,,,,,,,,NPgY,Primary,NG FES - Hydrogen Evolution,Total peak demand with ToUT (MW)
Bradford Direct to Supply Points,,,,,,,,,,,,,,,,,,,,,,,,,,,,NPgY,Primary,NG FES - Hydrogen Evolution,Total peak demand with ToUT (MW)
Calderdale Direct to Supply Points,,,,,,,,,,,,,,,,,,,,,,,,,,,,NPgY,Primary,NG FES - Hydrogen Evolution,Total peak demand with ToUT (MW)
County Durham Direct to Supply Points,,,,,,,,,,,,,,,,,,,,,,,,,,,,NPgN,Primary,NG FES - Hydrogen Evolution,Total peak demand with ToUT (MW)
Darlington Direct to Supply Points,,,,,,,,,,,,,,,,,,,,,,,,,,,,NPgN,Primary,NG FES - Hydrogen Evolution,Total peak demand with ToUT (MW)
Doncaster Direct to Supply Points,,,,,,,,,,,,,,,,,,,,,,,,,,,,NPgY,Primary,NG FES - Hydrogen Evolution,Total peak demand with ToUT (MW)
East Riding of Yorkshire Direct to Supply Points,,,,,,,,,,,,,,,,,,,,,,,,,,,,NPgY,Primary,NG FES - Hydrogen Evolution,Total peak demand with ToUT (MW)
Gateshead Direct to Supply Points,,,,,,,,,,,,,,,,,,,,,,,,,,,,NPgN,Primary,NG FES - Hydrogen Evolution,Total peak demand with ToUT (MW)
Hambleton Direct to Supply Points,,,,,,,,,,,,,,,,,,,,,,,,,,,,NPgN,Primary,NG FES - Hydrogen Evolution,Total peak demand with ToUT (MW)
Harrogate Direct to Supply Points,,,,,,,,,,,,,,,,,,,,,,,,,,,,NPgN,Primary,NG FES - Hydrogen Evolution,Total peak demand with ToUT (MW)
Hartlepool Direct to Supply Points,,,,,,,,,,,,,,,,,,,,,,,,,,,,NPgN,Primary,NG FES - Hydrogen Evolution,Total peak demand with ToUT (MW)
"Kingston upon Hull, City of Direct to Supply Points",,,,,,,,,,,,,,,,,,,,,,,,,,,,NPgY,Primary,NG FES - Hydrogen Evolution,Total peak demand with ToUT (MW)
Kirklees Direct to Supply Points,,,,,,,,,,,,,,,,,,,,,,,,,,,,NPgY,Primary,NG FES - Hydrogen Evolution,Total peak demand with ToUT (MW)
Leeds Direct to Supply Points,,,,,,,,,,,,,,,,,,,,,,,,,,,,NPgY,Primary,NG FES - Hydrogen Evolution,Total peak demand with ToUT (MW)
Newcastle upon Tyne Direct to Supply Points,,,,,,,,,,,,,,,,,,,,,,,,,,,,NPgN,Primary,NG FES - Hydrogen Evolution,Total peak demand with ToUT (MW)
North East Lincolnshire Direct to Supply Points,,,,,,,,,,,,,,,,,,,,,,,,,,,,NPgY,Primary,NG FES - Hydrogen Evolution,Total peak demand with ToUT (MW)
North Lincolnshire Direct to Supply Points,,,,,,,,,,,,,,,,,,,,,,,,,,,,NPgY,Primary,NG FES - Hydrogen Evolution,Total peak demand with ToUT (MW)
North Tyneside Direct to Supply Points,,,,,,,,,,,,,,,,,,,,,,,,,,,,NPgN,Primary,NG FES - Hydrogen Evolution,Total peak demand with ToUT (MW)
Northumberland Direct to Supply Points,,,,,,,,,,,,,,,,,,,,,,,,,,,,NPgN,Primary,NG FES - Hydrogen Evolution,Total peak demand with ToUT (MW)
Redcar and Cleveland Direct to Supply Points,,,,,,,,,,,,,,,,,,,,,,,,,,,,NPgN,Primary,NG FES - Hydrogen Evolution,Total peak demand with ToUT (MW)
Rotherham Direct to Supply Points,,,,,,,,,,,,,,,,,,,,,,,,,,,,NPgY,Primary,NG FES - Hydrogen Evolution,Total peak demand with ToUT (MW)
Ryedale Direct to Supply Points,,,,,,,,,,,,,,,,,,,,,,,,,,,,NPgN,Primary,NG FES - Hydrogen Evolution,Total peak demand with ToUT (MW)
Scarborough Direct to Supply Points,,,,,,,,,,,,,,,,,,,,,,,,,,,,NPgN,Primary,NG FES - Hydrogen Evolution,Total peak demand with ToUT (MW)
Selby Direct to Supply Points,,,,,,,,,,,,,,,,,,,,,,,,,,,,NPgY,Primary,NG FES - Hydrogen Evolution,Total peak demand with ToUT (MW)
Sheffield Direct to Supply Points,,,,,,,,,,,,,,,,,,,,,,,,,,,,NPgY,Primary,NG FES - Hydrogen Evolution,Total peak demand with ToUT (MW)
South Tyneside Direct to Supply Points,,,,,,,,,,,,,,,,,,,,,,,,,,,,NPgN,Primary,NG FES - Hydrogen Evolution,Total peak demand with ToUT (MW)
Stockton-on-Tees Direct to Supply Points,,,,,,,,,,,,,,,,,,,,,,,,,,,,NPgN,Primary,NG FES - Hydrogen Evolution,Total peak demand with ToUT (MW)
Sunderland Direct to Supply Points,,,,,,,,,,,,,,,,,,,,,,,,,,,,NPgN,Primary,NG FES - Hydrogen Evolution,Total peak demand with ToUT (MW)
Wakefield Direct to Supply Points,,,,,,,,,,,,,,,,,,,,,,,,,,,,NPgY,Primary,NG FES - Hydrogen Evolution,Total peak demand with ToUT (MW)
West Lindsey Direct to Supply Points,,,,,,,,,,,,,,,,,,,,,,,,,,,,NPgY,Primary,NG FES - Hydrogen Evolution,Total peak demand with ToUT (MW)
York Direct to Supply Points,,,,,,,,,,,,,,,,,,,,,,,,,,,,NPgN,Primary,NG FES - Hydrogen Evolution,Total peak demand with ToUT (MW)
