Primary,2024/25,2025/26,2026/27,2027/28,2028/29,2029/30,2030/31,2031/32,2032/33,2033/34,2034/35,2035/36,2036/37,2037/38,2038/39,2039/40,2040/41,2041/42,2042/43,2043/44,2044/45,2045/46,2046/47,2047/48,2048/49,2049/50,2050/51,Licence area,Voltage level,Scenario name,Output parameter
ACKLAM,17.829,17.829,17.829,18.263,18.711,19.213,19.831,20.802,21.873,23.023,24.130,25.185,26.346,27.765,29.189,30.610,32.075,33.045,34.219,35.283,36.223,37.069,37.790,38.384,38.920,39.408,39.415,NPgN,Primary,NG FES - Holistic Transition,Total peak demand with ToUT (MW)
AMBERTON ROAD,24.852,26.802,26.802,26.995,27.186,27.442,27.898,28.417,28.964,29.544,30.147,30.854,31.531,32.235,32.922,33.572,34.223,34.559,34.892,35.136,35.334,35.496,35.630,35.674,35.758,35.814,35.864,NPgN,Primary,NG FES - Holistic Transition,Total peak demand with ToUT (MW)
ANNFIELD 66/20KV,20.689,20.689,20.689,21.098,21.485,21.896,22.417,23.267,24.476,25.703,27.000,28.459,29.890,31.546,33.237,34.950,36.686,37.526,38.450,39.289,40.032,40.692,41.248,41.648,41.997,42.306,42.298,NPgN,Primary,NG FES - Holistic Transition,Total peak demand with ToUT (MW)
ASHINGTON,18.021,18.021,18.021,18.672,19.311,19.967,20.753,21.941,23.351,24.801,26.242,27.748,29.286,31.072,32.882,34.690,36.497,37.408,38.437,39.372,40.192,40.917,41.523,41.958,42.342,42.677,42.671,NPgN,Primary,NG FES - Holistic Transition,Total peak demand with ToUT (MW)
AYCLIFFE FORREST,0.600,1.600,1.600,1.600,1.600,1.600,1.600,1.600,1.600,1.600,1.600,1.600,1.600,1.600,1.600,1.600,1.600,1.600,1.600,1.600,1.600,1.600,1.600,1.600,1.600,1.600,1.600,NPgN,Primary,NG FES - Holistic Transition,Total peak demand with ToUT (MW)
AYCLIFFE INDUSTRIAL,15.787,15.787,15.787,15.871,15.960,16.076,16.252,16.550,16.944,17.355,17.757,18.159,18.581,19.079,19.583,20.086,20.601,20.925,21.311,21.671,21.989,22.272,22.509,22.696,22.852,22.980,22.984,NPgN,Primary,NG FES - Holistic Transition,Total peak demand with ToUT (MW)
BARDEN FRIAR,0.783,0.783,0.783,0.800,0.814,0.829,0.851,0.877,0.920,0.963,1.017,1.092,1.157,1.226,1.296,1.368,1.442,1.465,1.479,1.492,1.504,1.517,1.528,1.532,1.536,1.542,1.548,NPgN,Primary,NG FES - Holistic Transition,Total peak demand with ToUT (MW)
BEDALE,17.406,18.806,18.806,19.248,19.670,20.109,20.633,21.365,22.197,23.030,23.996,25.225,26.345,27.578,28.858,30.144,31.427,31.870,32.191,32.443,32.669,32.878,33.068,33.141,33.228,33.338,33.444,NPgN,Primary,NG FES - Holistic Transition,Total peak demand with ToUT (MW)
BELMONT,22.414,24.193,24.193,24.488,24.790,25.113,25.524,26.196,26.905,27.676,28.484,29.383,30.308,31.422,32.559,33.706,34.869,35.405,35.984,36.520,36.996,37.432,37.814,38.098,38.369,38.637,38.681,NPgN,Primary,NG FES - Holistic Transition,Total peak demand with ToUT (MW)
BENSHAM,19.020,23.370,23.370,23.374,23.417,23.508,23.666,23.779,23.875,24.013,24.179,24.398,24.628,24.879,25.122,25.357,25.595,25.684,25.771,25.870,25.947,26.002,26.031,26.022,26.007,25.975,25.959,NPgN,Primary,NG FES - Holistic Transition,Total peak demand with ToUT (MW)
BENTON SQUARE,17.345,19.187,19.187,19.684,20.194,20.760,21.439,22.458,23.353,24.290,25.193,26.063,27.010,28.161,29.385,30.582,31.795,32.557,33.410,34.172,34.838,35.442,35.967,36.394,36.790,37.162,37.270,NPgN,Primary,NG FES - Holistic Transition,Total peak demand with ToUT (MW)
BENWELL,17.984,17.984,17.984,18.041,18.157,18.343,18.628,18.874,19.105,19.377,19.693,20.105,20.512,20.941,21.383,21.810,22.246,22.455,22.647,22.792,22.903,22.983,23.031,23.023,23.011,22.977,22.991,NPgN,Primary,NG FES - Holistic Transition,Total peak demand with ToUT (MW)
BILLINGHAM MARSH HOUSE,17.088,17.598,17.598,18.110,18.628,19.226,19.970,20.927,22.239,23.558,24.856,26.152,27.467,28.920,30.393,31.845,33.296,34.235,35.294,36.252,37.109,37.872,38.521,39.035,39.500,39.897,39.989,NPgN,Primary,NG FES - Holistic Transition,Total peak demand with ToUT (MW)
BILLY MILL,17.286,17.286,17.286,17.526,17.759,18.050,18.458,18.996,19.899,20.808,21.688,22.547,23.445,24.453,25.493,26.533,27.583,28.265,29.075,29.819,30.490,31.086,31.593,31.993,32.356,32.664,32.686,NPgN,Primary,NG FES - Holistic Transition,Total peak demand with ToUT (MW)
BIRTLEY GROVE 66/11KV,12.947,16.447,16.447,16.697,16.974,17.310,17.751,18.352,19.164,19.998,20.833,21.670,22.502,23.422,24.341,25.234,26.115,26.670,27.288,27.846,28.333,28.758,29.114,29.388,29.622,29.817,29.821,NPgN,Primary,NG FES - Holistic Transition,Total peak demand with ToUT (MW)
BIRTLEY GROVE 66/20KV,10.731,10.731,10.731,10.765,10.824,10.901,11.013,11.209,11.445,11.699,11.949,12.188,12.445,12.760,13.078,13.393,13.714,13.926,14.183,14.427,14.639,14.827,14.982,15.108,15.215,15.309,15.292,NPgN,Primary,NG FES - Holistic Transition,Total peak demand with ToUT (MW)
BLAYDON BURN,14.046,14.046,14.046,14.258,14.499,14.779,15.132,15.711,16.426,17.189,17.948,18.680,19.456,20.399,21.351,22.299,23.262,23.906,24.674,25.402,26.042,26.615,27.105,27.515,27.872,28.195,28.196,NPgN,Primary,NG FES - Holistic Transition,Total peak demand with ToUT (MW)
BLUCHER 33/11KV,12.881,13.138,13.138,13.580,14.087,14.650,15.309,16.198,17.179,18.214,19.212,20.136,21.123,22.276,23.440,24.578,25.714,26.490,27.398,28.224,28.951,29.602,30.157,30.613,31.037,31.426,31.439,NPgN,Primary,NG FES - Holistic Transition,Total peak demand with ToUT (MW)
BOLDON DOWNHILL,8.841,9.341,9.341,9.523,9.707,9.921,10.202,10.600,11.273,11.964,12.647,13.327,14.035,14.854,15.699,16.552,17.422,18.004,18.703,19.345,19.922,20.436,20.869,21.220,21.530,21.794,21.797,NPgN,Primary,NG FES - Holistic Transition,Total peak demand with ToUT (MW)
BOROUGHBRIDGE/ROECLIFFE INDUSTRIAL,4.243,4.531,4.531,4.755,5.011,5.310,5.671,6.117,6.553,6.977,7.409,7.853,8.258,8.660,9.023,9.347,9.641,9.789,9.901,9.975,10.023,10.057,10.080,10.074,10.101,10.126,10.157,NPgN,Primary,NG FES - Holistic Transition,Total peak demand with ToUT (MW)
BOWESFIELD 33/11KV,11.671,12.666,12.666,13.008,13.390,13.827,14.363,15.038,15.752,16.504,17.244,17.961,18.716,19.575,20.456,21.310,22.163,22.747,23.402,23.991,24.510,24.976,25.383,25.717,26.030,26.316,26.398,NPgN,Primary,NG FES - Holistic Transition,Total peak demand with ToUT (MW)
BOWESFIELD 66/11KV,14.080,14.080,14.080,14.388,14.721,15.088,15.520,16.126,16.573,17.054,17.505,17.921,18.395,18.977,19.585,20.176,20.780,21.179,21.620,22.018,22.366,22.685,22.967,23.204,23.395,23.557,23.676,NPgN,Primary,NG FES - Holistic Transition,Total peak demand with ToUT (MW)
BRANCEPETH,14.991,14.991,14.991,15.885,16.757,17.500,18.345,19.604,21.162,22.780,24.584,26.860,29.052,31.587,34.215,36.911,39.545,40.368,41.047,41.570,42.040,42.469,42.856,43.003,43.124,43.266,43.313,NPgN,Primary,NG FES - Holistic Transition,Total peak demand with ToUT (MW)
BREAMISH STREET,9.771,11.154,11.154,11.173,11.226,11.330,11.487,11.564,11.647,11.787,11.928,12.061,12.257,12.496,12.766,13.034,13.312,13.471,13.646,13.802,13.942,14.067,14.172,14.250,14.328,14.399,14.430,NPgN,Primary,NG FES - Holistic Transition,Total peak demand with ToUT (MW)
BRENDA TRADING,19.821,21.747,21.747,22.151,22.590,23.107,23.781,24.716,26.002,27.336,28.652,29.952,31.295,32.829,34.375,35.904,37.445,38.461,39.655,40.728,41.677,42.516,43.220,43.777,44.295,44.743,44.761,NPgN,Primary,NG FES - Holistic Transition,Total peak demand with ToUT (MW)
CAMPLESHON ROAD,17.452,17.452,17.452,17.790,18.122,18.500,18.990,19.673,20.556,21.480,22.528,23.822,25.048,26.436,27.859,29.298,30.774,31.344,31.882,32.329,32.724,33.077,33.376,33.543,33.705,33.862,33.885,NPgN,Primary,NG FES - Holistic Transition,Total peak demand with ToUT (MW)
CARLEY HILL,15.918,15.918,15.918,16.155,16.393,16.692,17.108,17.669,18.616,19.597,20.566,21.527,22.535,23.695,24.901,26.110,27.340,28.152,29.118,29.992,30.769,31.452,32.022,32.467,32.864,33.201,33.172,NPgN,Primary,NG FES - Holistic Transition,Total peak demand with ToUT (MW)
CARLIN HOW T3 T4,15.636,15.636,15.636,16.236,16.789,17.273,17.815,18.771,20.000,21.216,22.627,24.479,26.199,28.188,30.272,32.416,34.548,35.086,35.501,35.827,36.110,36.365,36.578,36.613,36.638,36.687,36.681,NPgN,Primary,NG FES - Holistic Transition,Total peak demand with ToUT (MW)
CARR HILL,17.032,17.032,17.032,17.356,17.701,18.106,18.636,19.293,20.467,21.688,22.866,23.987,25.191,26.569,27.972,29.385,30.809,31.742,32.884,33.958,34.935,35.806,36.547,37.145,37.687,38.153,38.130,NPgN,Primary,NG FES - Holistic Transition,Total peak demand with ToUT (MW)
CATTERICK CAMP,16.187,16.509,16.509,17.042,17.559,18.080,18.687,19.524,20.405,21.387,22.461,23.758,25.008,26.418,27.853,29.302,30.752,31.319,31.824,32.253,32.642,33.006,33.336,33.542,33.743,33.951,34.115,NPgN,Primary,NG FES - Holistic Transition,Total peak demand with ToUT (MW)
CLOSE,22.089,23.406,23.406,23.237,23.159,23.121,23.137,23.052,22.871,22.737,22.657,22.649,22.653,22.670,22.717,22.763,22.819,22.817,22.790,22.742,22.685,22.621,22.554,22.470,22.380,22.281,22.268,NPgN,Primary,NG FES - Holistic Transition,Total peak demand with ToUT (MW)
CONEYTHORPE,13.898,15.963,15.963,16.171,16.397,16.650,16.974,17.452,17.978,18.520,19.103,19.776,20.428,21.176,21.921,22.664,23.421,23.770,24.124,24.428,24.692,24.927,25.126,25.247,25.384,25.517,25.542,NPgN,Primary,NG FES - Holistic Transition,Total peak demand with ToUT (MW)
CONSETT,22.143,22.143,22.143,22.757,23.348,23.962,24.709,25.888,27.370,28.881,30.453,32.193,33.909,35.894,37.909,39.934,41.962,42.909,43.915,44.818,45.609,46.312,46.903,47.311,47.664,47.978,47.985,NPgN,Primary,NG FES - Holistic Transition,Total peak demand with ToUT (MW)
CORPORATION STREET,11.597,11.597,11.597,11.536,11.512,11.515,11.557,11.566,11.598,11.670,11.742,11.807,11.914,12.054,12.211,12.372,12.541,12.635,12.752,12.855,12.947,13.029,13.096,13.143,13.189,13.229,13.211,NPgN,Primary,NG FES - Holistic Transition,Total peak demand with ToUT (MW)
COWTON,0.069,0.069,0.069,0.069,0.069,0.069,0.069,0.069,0.069,0.069,0.069,0.069,0.069,0.069,0.069,0.069,0.069,0.069,0.069,0.069,0.069,0.069,0.069,0.069,0.069,0.069,0.069,NPgN,Primary,NG FES - Holistic Transition,Total peak demand with ToUT (MW)
CRAMLINGTON T1 T3,10.683,11.193,11.193,11.248,11.334,11.441,11.583,11.832,12.065,12.337,12.606,12.861,13.146,13.507,13.875,14.239,14.607,14.831,15.100,15.344,15.554,15.743,15.904,16.035,16.154,16.266,16.255,NPgN,Primary,NG FES - Holistic Transition,Total peak demand with ToUT (MW)
CRAMLINGTON T2 T4,10.795,10.795,10.795,10.849,10.946,11.069,11.232,11.487,11.722,11.990,12.256,12.510,12.780,13.107,13.432,13.746,14.054,14.240,14.451,14.641,14.799,14.939,15.055,15.144,15.224,15.297,15.280,NPgN,Primary,NG FES - Holistic Transition,Total peak demand with ToUT (MW)
DARLEY,3.417,3.417,3.417,3.575,3.737,3.897,4.180,4.460,4.815,5.187,5.583,6.054,6.484,6.912,7.333,7.737,8.130,8.379,8.614,8.796,8.967,9.129,9.303,9.424,9.540,9.649,9.747,NPgN,Primary,NG FES - Holistic Transition,Total peak demand with ToUT (MW)
DARLINGTON 132/6KV,2.596,2.596,2.596,2.795,3.006,3.232,3.502,3.840,4.253,4.692,5.119,5.535,5.975,6.479,6.982,7.480,7.978,8.283,8.639,8.961,9.250,9.508,9.731,9.905,10.067,10.211,10.213,NPgN,Primary,NG FES - Holistic Transition,Total peak demand with ToUT (MW)
DARLINGTON 33/11KV,14.041,14.928,14.928,15.078,15.253,15.475,15.792,16.190,16.791,17.440,18.090,18.754,19.454,20.261,21.076,21.891,22.722,23.232,23.829,24.359,24.826,25.233,25.570,25.820,26.040,26.220,26.187,NPgN,Primary,NG FES - Holistic Transition,Total peak demand with ToUT (MW)
DARLINGTON CENTRAL 33/11KV,9.665,10.818,10.818,10.808,10.816,10.845,10.909,10.988,11.067,11.155,11.252,11.370,11.490,11.620,11.747,11.871,11.998,12.046,12.097,12.132,12.156,12.171,12.175,12.160,12.146,12.125,12.102,NPgN,Primary,NG FES - Holistic Transition,Total peak demand with ToUT (MW)
DARLINGTON EAST,18.004,18.994,18.994,19.268,19.589,19.961,20.423,21.146,21.728,22.374,23.068,23.847,24.618,25.530,26.433,27.313,28.196,28.583,28.945,29.221,29.440,29.633,29.794,29.883,29.972,30.073,30.060,NPgN,Primary,NG FES - Holistic Transition,Total peak demand with ToUT (MW)
DARLINGTON WEST,19.371,20.491,20.491,20.869,21.296,21.818,22.497,23.367,24.560,25.808,27.032,28.222,29.451,30.822,32.185,33.516,34.834,35.655,36.605,37.455,38.200,38.851,39.390,39.796,40.166,40.478,40.430,NPgN,Primary,NG FES - Holistic Transition,Total peak demand with ToUT (MW)
DENWICK,20.025,20.025,20.025,20.658,21.258,21.820,22.483,23.533,24.758,26.007,27.484,29.442,31.248,33.308,35.439,37.617,39.790,40.365,40.752,41.057,41.318,41.559,41.767,41.765,41.772,41.823,41.874,NPgN,Primary,NG FES - Holistic Transition,Total peak demand with ToUT (MW)
DUNSTON 66/11KV,14.450,17.630,17.630,17.690,17.735,17.826,17.999,18.232,18.577,18.908,19.238,19.597,19.935,20.280,20.611,20.927,21.236,21.368,21.508,21.633,21.735,21.813,21.863,21.870,21.880,21.873,21.836,NPgN,Primary,NG FES - Holistic Transition,Total peak demand with ToUT (MW)
DUNSTON 66/20KV,16.607,17.357,17.357,17.618,17.812,18.043,18.379,18.869,19.516,20.109,20.714,21.414,22.063,22.743,23.408,24.060,24.708,24.933,25.149,25.362,25.543,25.689,25.799,25.827,25.865,25.885,25.885,NPgN,Primary,NG FES - Holistic Transition,Total peak demand with ToUT (MW)
DURHAM EAST,14.078,14.778,14.778,14.788,14.824,14.877,14.969,15.122,15.256,15.421,15.581,15.734,15.914,16.147,16.383,16.618,16.862,17.024,17.220,17.405,17.569,17.719,17.853,17.964,18.064,18.158,18.172,NPgN,Primary,NG FES - Holistic Transition,Total peak demand with ToUT (MW)
EASTFIELD,21.775,21.775,21.775,22.193,22.633,23.102,23.677,24.598,25.505,26.438,27.456,28.654,29.826,31.214,32.600,33.988,35.393,35.921,36.443,37.035,37.554,38.030,38.448,38.747,39.030,39.317,39.432,NPgN,Primary,NG FES - Holistic Transition,Total peak demand with ToUT (MW)
EASTGATE CEMENT,9.792,9.792,9.792,9.885,9.987,10.088,10.326,10.562,10.901,11.260,11.653,12.139,12.578,13.017,13.457,13.883,14.301,14.559,14.802,14.990,15.170,15.339,15.525,15.655,15.772,15.881,15.979,NPgN,Primary,NG FES - Holistic Transition,Total peak demand with ToUT (MW)
EDUCATIONAL PRECINCT,17.517,17.517,17.517,17.415,17.377,17.367,17.420,17.446,17.578,17.759,17.925,18.060,18.254,18.505,18.782,19.063,19.355,19.545,19.790,20.005,20.200,20.372,20.521,20.633,20.733,20.820,20.772,NPgN,Primary,NG FES - Holistic Transition,Total peak demand with ToUT (MW)
ELVINGTON,11.390,11.950,11.950,12.021,12.107,12.206,12.395,12.617,12.941,13.283,13.683,14.198,14.660,15.146,15.653,16.154,16.652,16.895,17.092,17.230,17.359,17.479,17.603,17.675,17.737,17.799,17.865,NPgN,Primary,NG FES - Holistic Transition,Total peak demand with ToUT (MW)
FARADAY STREET,19.989,21.849,21.849,22.018,22.244,22.546,22.961,23.488,24.100,24.839,25.572,26.281,27.101,28.116,29.140,30.161,31.216,31.901,32.720,33.439,34.065,34.616,35.073,35.430,35.749,36.031,35.968,NPgN,Primary,NG FES - Holistic Transition,Total peak demand with ToUT (MW)
FAWDON T1 & SEATON BURN T1,20.660,20.660,20.660,21.287,21.930,22.611,23.418,24.663,25.888,27.173,28.577,30.222,31.837,33.744,35.724,37.709,39.717,40.508,41.303,42.004,42.615,43.174,43.664,43.996,44.313,44.637,44.730,NPgN,Primary,NG FES - Holistic Transition,Total peak demand with ToUT (MW)
FISHBURN,21.729,22.149,22.149,23.041,23.876,24.635,25.477,26.906,28.515,30.142,32.044,34.546,36.862,39.536,42.283,45.095,47.863,48.450,48.817,49.090,49.319,49.538,49.731,49.706,49.695,49.744,49.781,NPgN,Primary,NG FES - Holistic Transition,Total peak demand with ToUT (MW)
FLATWORTH CENTRAL,15.720,15.720,19.059,19.120,19.231,19.376,19.575,19.843,20.219,20.623,21.009,21.358,21.747,22.204,22.683,23.156,23.632,23.966,24.363,24.728,25.057,25.354,25.613,25.829,26.028,26.206,26.223,NPgN,Primary,NG FES - Holistic Transition,Total peak demand with ToUT (MW)
FOSS ISLANDS,26.400,27.550,27.550,27.698,27.948,28.301,28.800,29.116,29.280,29.577,29.982,30.588,31.183,31.791,32.410,33.007,33.616,33.910,34.131,34.277,34.373,34.431,34.449,34.390,34.312,34.196,34.320,NPgN,Primary,NG FES - Holistic Transition,Total peak demand with ToUT (MW)
FOSSWAY 33/11KV,16.758,17.758,17.758,17.903,18.123,18.416,18.818,19.217,19.916,20.693,21.449,22.170,22.977,23.900,24.851,25.800,26.763,27.380,28.119,28.791,29.397,29.930,30.379,30.727,31.050,31.330,31.296,NPgN,Primary,NG FES - Holistic Transition,Total peak demand with ToUT (MW)
FOURSTONES 20KV,19.467,19.467,19.467,19.669,19.837,20.035,20.337,20.806,21.628,22.430,23.411,24.735,25.911,27.204,28.534,29.897,31.293,31.704,32.010,32.269,32.500,32.700,32.858,32.860,32.861,32.868,32.835,NPgN,Primary,NG FES - Holistic Transition,Total peak demand with ToUT (MW)
FYLANDS BRIDGE,20.154,20.664,20.664,20.964,21.239,21.539,21.945,22.541,23.276,23.967,24.669,25.470,26.216,27.003,27.777,28.537,29.281,29.542,29.785,30.006,30.191,30.344,30.461,30.493,30.531,30.553,30.563,NPgN,Primary,NG FES - Holistic Transition,Total peak demand with ToUT (MW)
GALE LANE,12.263,12.263,12.263,12.553,12.861,13.211,13.654,14.201,15.026,15.895,16.738,17.564,18.449,19.461,20.492,21.527,22.576,23.229,24.010,24.728,25.379,25.960,26.452,26.838,27.187,27.484,27.496,NPgN,Primary,NG FES - Holistic Transition,Total peak demand with ToUT (MW)
GARWOOD STREET,14.953,17.398,17.398,17.475,17.613,17.774,18.000,18.325,18.902,19.495,20.054,20.562,21.115,21.763,22.437,23.114,23.800,24.263,24.834,25.356,25.827,26.247,26.604,26.890,27.152,27.379,27.344,NPgN,Primary,NG FES - Holistic Transition,Total peak demand with ToUT (MW)
GATESHEAD CENTRAL,12.000,12.975,12.975,12.968,12.997,13.058,13.162,13.272,13.431,13.630,13.818,13.975,14.171,14.412,14.655,14.892,15.128,15.281,15.468,15.656,15.821,15.967,16.090,16.188,16.276,16.352,16.332,NPgN,Primary,NG FES - Holistic Transition,Total peak demand with ToUT (MW)
GATESHEAD EAST,9.868,9.868,9.868,9.835,9.840,9.884,9.971,10.084,10.226,10.378,10.536,10.684,10.821,10.953,11.075,11.174,11.254,11.301,11.342,11.367,11.376,11.375,11.365,11.344,11.320,11.290,11.249,NPgN,Primary,NG FES - Holistic Transition,Total peak demand with ToUT (MW)
GOSFORTH 33/11KV,17.216,17.216,17.216,17.101,17.029,16.976,16.967,16.977,17.080,17.214,17.344,17.469,17.626,17.837,18.065,18.302,18.551,18.705,18.910,19.095,19.258,19.400,19.518,19.606,19.674,19.726,19.674,NPgN,Primary,NG FES - Holistic Transition,Total peak demand with ToUT (MW)
GRANGETOWN,17.467,18.494,18.494,18.857,19.296,19.840,20.537,21.419,22.562,23.758,24.966,26.182,27.393,28.719,30.050,31.339,32.604,33.417,34.315,35.112,35.805,36.411,36.917,37.310,37.659,37.957,37.984,NPgN,Primary,NG FES - Holistic Transition,Total peak demand with ToUT (MW)
GREATHAM,23.700,23.700,23.700,23.491,23.302,23.136,23.003,22.900,22.845,22.800,22.762,22.731,22.713,22.718,22.734,22.756,22.788,22.787,22.808,22.825,22.837,22.842,22.837,22.824,22.804,22.778,22.714,NPgN,Primary,NG FES - Holistic Transition,Total peak demand with ToUT (MW)
GUISBOROUGH T1 T2,15.443,16.693,16.693,17.228,17.755,18.291,18.934,19.898,21.143,22.405,23.765,25.355,26.893,28.658,30.492,32.351,34.229,35.034,35.857,36.585,37.237,37.823,38.326,38.663,38.977,39.279,39.327,NPgN,Primary,NG FES - Holistic Transition,Total peak demand with ToUT (MW)
GUISBOROUGH T3,0.000,0.000,0.000,0.000,0.000,0.000,0.000,0.000,0.000,0.000,0.000,0.000,0.000,0.000,0.000,0.000,0.000,0.000,0.000,0.000,0.000,0.000,0.000,0.000,0.000,0.000,0.000,NPgN,Primary,NG FES - Holistic Transition,Total peak demand with ToUT (MW)
HARLOW GREEN,15.252,15.552,15.552,15.792,16.019,16.318,16.737,17.246,18.143,19.103,20.057,21.018,22.048,23.237,24.451,25.677,26.932,27.738,28.711,29.624,30.449,31.180,31.797,32.287,32.738,33.127,33.126,NPgN,Primary,NG FES - Holistic Transition,Total peak demand with ToUT (MW)
HARMIRE BRIDGE,15.130,15.130,15.130,15.466,15.789,16.106,16.493,17.112,17.920,18.726,19.687,20.952,22.098,23.386,24.707,26.053,27.406,27.792,28.066,28.291,28.488,28.664,28.816,28.849,28.879,28.926,28.945,NPgN,Primary,NG FES - Holistic Transition,Total peak demand with ToUT (MW)
HARRATON,16.406,18.428,18.428,18.461,18.544,18.654,18.820,19.087,19.495,19.931,20.359,20.775,21.223,21.760,22.323,22.888,23.464,23.842,24.301,24.717,25.085,25.407,25.676,25.888,26.058,26.192,26.164,NPgN,Primary,NG FES - Holistic Transition,Total peak demand with ToUT (MW)
HARROGATE 132/11KV,27.920,28.404,28.404,28.828,29.322,29.904,30.664,31.598,32.715,33.920,35.124,36.365,37.671,39.161,40.637,42.098,43.574,44.366,45.258,46.042,46.734,47.346,47.859,48.224,48.604,48.940,48.961,NPgN,Primary,NG FES - Holistic Transition,Total peak demand with ToUT (MW)
HARROGATE WEST,10.824,10.824,10.824,10.844,10.893,10.957,11.054,11.187,11.384,11.601,11.814,12.023,12.255,12.536,12.821,13.110,13.408,13.590,13.810,14.008,14.188,14.350,14.491,14.601,14.705,14.797,14.796,NPgN,Primary,NG FES - Holistic Transition,Total peak demand with ToUT (MW)
HARTMOOR 66/20KV,20.499,20.724,20.724,21.241,21.742,22.275,22.935,23.989,25.125,26.334,27.574,28.914,30.291,31.940,33.614,35.294,37.002,37.862,38.808,39.642,40.367,41.015,41.564,41.961,42.342,42.690,42.725,NPgN,Primary,NG FES - Holistic Transition,Total peak demand with ToUT (MW)
HAWTHORN PIT,23.209,25.007,25.007,25.769,26.518,27.288,28.194,29.667,31.214,32.822,34.485,36.312,38.143,40.314,42.565,44.817,47.074,48.155,49.320,50.365,51.277,52.101,52.809,53.330,53.807,54.262,54.337,NPgN,Primary,NG FES - Holistic Transition,Total peak demand with ToUT (MW)
HAXBY ROAD T2 T3,11.991,11.991,11.991,12.271,12.582,12.933,13.382,13.900,14.758,15.657,16.519,17.339,18.225,19.226,20.243,21.262,22.283,22.929,23.716,24.445,25.110,25.701,26.204,26.599,26.961,27.268,27.250,NPgN,Primary,NG FES - Holistic Transition,Total peak demand with ToUT (MW)
HEBBURN,3.523,3.523,3.523,3.599,3.711,3.841,3.996,4.217,4.408,4.621,4.826,5.010,5.206,5.435,5.665,5.882,6.093,6.245,6.414,6.563,6.688,6.801,6.897,6.978,7.051,7.119,7.129,NPgN,Primary,NG FES - Holistic Transition,Total peak demand with ToUT (MW)
HEBBURN WEST,2.631,2.928,2.928,2.911,2.899,2.890,2.888,2.893,2.894,2.898,2.902,2.907,2.914,2.925,2.940,2.953,2.968,2.974,2.981,2.988,2.991,2.994,2.995,2.994,2.992,2.989,2.984,NPgN,Primary,NG FES - Holistic Transition,Total peak demand with ToUT (MW)
HEDWORTH,13.010,15.703,15.703,15.874,16.064,16.292,16.607,17.074,17.752,18.456,19.147,19.833,20.551,21.388,22.253,23.118,24.003,24.591,25.289,25.923,26.489,26.992,27.420,27.762,28.071,28.340,28.352,NPgN,Primary,NG FES - Holistic Transition,Total peak demand with ToUT (MW)
HEIGHINGTON,12.880,12.880,12.880,12.718,12.569,12.432,12.312,12.198,12.091,11.989,11.894,11.805,11.720,11.638,11.562,11.487,11.416,11.346,11.277,11.211,11.147,11.083,11.021,10.960,10.899,10.840,10.779,NPgN,Primary,NG FES - Holistic Transition,Total peak demand with ToUT (MW)
HEXHAM,22.150,22.450,22.450,22.535,22.622,22.727,22.907,23.250,23.729,24.223,24.775,25.460,26.113,26.871,27.652,28.445,29.245,29.503,29.742,29.936,30.098,30.235,30.338,30.356,30.363,30.366,30.300,NPgN,Primary,NG FES - Holistic Transition,Total peak demand with ToUT (MW)
HIGH BARMSTON,18.642,18.642,18.642,18.823,19.091,19.446,19.914,20.589,21.418,22.291,23.162,23.987,24.818,25.751,26.691,27.585,28.453,29.065,29.751,30.354,30.865,31.306,31.669,31.957,32.191,32.381,32.351,NPgN,Primary,NG FES - Holistic Transition,Total peak demand with ToUT (MW)
HIGH FLATTS,15.805,16.251,16.251,16.631,16.995,17.388,17.886,18.646,19.669,20.721,21.754,22.804,23.895,25.170,26.464,27.765,29.085,29.856,30.756,31.590,32.333,32.996,33.557,33.991,34.368,34.690,34.714,NPgN,Primary,NG FES - Holistic Transition,Total peak demand with ToUT (MW)
HOUGHTON,18.680,19.170,19.170,19.647,20.111,20.623,21.251,22.280,23.266,24.308,25.359,26.456,27.583,28.933,30.322,31.693,33.080,33.843,34.694,35.463,36.130,36.730,37.244,37.642,38.011,38.360,38.406,NPgN,Primary,NG FES - Holistic Transition,Total peak demand with ToUT (MW)
HOWDON,9.210,9.210,9.210,9.249,9.317,9.402,9.519,9.681,9.902,10.131,10.351,10.550,10.764,11.012,11.267,11.517,11.765,11.939,12.142,12.327,12.492,12.639,12.767,12.870,12.966,13.051,13.055,NPgN,Primary,NG FES - Holistic Transition,Total peak demand with ToUT (MW)
HUNTINGTON NEW LANE,16.821,17.371,17.371,17.570,17.780,18.025,18.353,18.814,19.446,20.112,20.834,21.677,22.502,23.445,24.411,25.387,26.383,26.829,27.289,27.687,28.044,28.362,28.633,28.813,28.985,29.142,29.167,NPgN,Primary,NG FES - Holistic Transition,Total peak demand with ToUT (MW)
HUSTHWAITE 33/11KV,14.071,14.071,14.071,14.448,14.800,15.164,15.600,16.230,16.874,17.531,18.295,19.274,20.176,21.187,22.249,23.317,24.392,24.783,25.074,25.304,25.507,25.701,25.878,25.950,26.041,26.157,26.264,NPgN,Primary,NG FES - Holistic Transition,Total peak demand with ToUT (MW)
JARROW,4.689,4.689,4.689,4.710,4.743,4.791,4.864,4.954,5.056,5.160,5.266,5.383,5.497,5.614,5.734,5.849,5.962,6.020,6.079,6.127,6.166,6.197,6.220,6.229,6.237,6.241,6.242,NPgN,Primary,NG FES - Holistic Transition,Total peak demand with ToUT (MW)
KENTON,11.560,11.560,11.560,11.759,11.965,12.222,12.565,12.999,13.646,14.336,15.008,15.660,16.375,17.210,18.073,18.939,19.824,20.398,21.085,21.715,22.281,22.787,23.214,23.556,23.873,24.150,24.161,NPgN,Primary,NG FES - Holistic Transition,Total peak demand with ToUT (MW)
KIELDER,1.096,1.088,1.096,1.104,1.112,1.120,1.136,1.159,1.209,1.256,1.321,1.416,1.498,1.585,1.675,1.769,1.866,1.889,1.901,1.910,1.919,1.927,1.933,1.929,1.925,1.923,1.923,NPgN,Primary,NG FES - Holistic Transition,Total peak demand with ToUT (MW)
KILLINGWORTH,18.234,19.234,19.234,19.411,19.650,19.923,20.258,20.735,21.247,21.806,22.359,22.903,23.503,24.238,25.020,25.803,26.602,27.116,27.712,28.252,28.730,29.162,29.534,29.838,30.099,30.326,30.378,NPgN,Primary,NG FES - Holistic Transition,Total peak demand with ToUT (MW)
KIRBYMOORSIDE,10.106,10.106,10.106,10.268,10.423,10.569,10.752,11.070,11.447,11.843,12.318,12.954,13.540,14.216,14.911,15.623,16.342,16.544,16.684,16.783,16.866,16.942,17.007,17.005,17.006,17.020,17.016,NPgN,Primary,NG FES - Holistic Transition,Total peak demand with ToUT (MW)
LEAM CENTRAL,0.052,0.052,0.052,0.052,0.052,0.052,0.052,0.052,0.052,0.052,0.052,0.052,0.052,0.052,0.052,0.052,0.052,0.052,0.052,0.052,0.052,0.052,0.052,0.052,0.052,0.052,0.052,NPgN,Primary,NG FES - Holistic Transition,Total peak demand with ToUT (MW)
LINTON 66/20KV,7.999,8.379,8.379,8.663,8.933,9.190,9.486,9.978,10.518,11.069,11.734,12.632,13.450,14.388,15.354,16.340,17.330,17.570,17.724,17.833,17.925,18.012,18.089,18.077,18.074,18.095,18.113,NPgN,Primary,NG FES - Holistic Transition,Total peak demand with ToUT (MW)
LONGBENTON,16.670,16.670,16.670,16.813,16.950,17.146,17.448,17.822,18.547,19.306,20.039,20.753,21.532,22.427,23.356,24.296,25.256,25.858,26.588,27.260,27.867,28.404,28.854,29.202,29.508,29.757,29.744,NPgN,Primary,NG FES - Holistic Transition,Total peak demand with ToUT (MW)
LOW SPENNYMOOR,9.612,9.612,9.612,9.907,10.209,10.540,10.937,11.580,12.123,12.720,13.302,13.865,14.471,15.219,15.959,16.682,17.420,17.880,18.411,18.910,19.342,19.733,20.071,20.347,20.604,20.848,20.882,NPgN,Primary,NG FES - Holistic Transition,Total peak demand with ToUT (MW)
LYNEMOUTH,5.416,5.916,5.916,5.946,5.976,6.005,6.046,6.142,6.259,6.380,6.534,6.751,6.950,7.184,7.427,7.678,7.932,7.978,8.007,8.025,8.040,8.053,8.064,8.052,8.041,8.037,8.023,NPgN,Primary,NG FES - Holistic Transition,Total peak demand with ToUT (MW)
MADDISON STREET,16.613,16.613,16.613,17.148,17.694,18.297,19.038,20.089,21.287,22.544,23.750,24.919,26.156,27.594,29.040,30.469,31.918,32.825,33.891,34.876,35.749,36.530,37.193,37.717,38.200,38.628,38.671,NPgN,Primary,NG FES - Holistic Transition,Total peak demand with ToUT (MW)
MALLEABLE,17.145,22.568,22.568,22.804,23.102,23.439,23.842,24.363,24.889,25.456,26.008,26.520,27.075,27.721,28.383,29.029,29.674,30.157,30.702,31.200,31.649,32.062,32.433,32.758,33.063,33.353,33.465,NPgN,Primary,NG FES - Holistic Transition,Total peak demand with ToUT (MW)
MALTON,20.705,22.353,22.353,22.545,22.806,23.103,23.486,24.076,24.622,25.262,25.980,26.827,27.651,28.618,29.593,30.564,31.558,32.006,32.440,32.813,33.131,33.419,33.667,33.818,33.956,34.100,34.107,NPgN,Primary,NG FES - Holistic Transition,Total peak demand with ToUT (MW)
MEADOWFIELD,10.071,10.071,10.071,10.173,10.307,10.444,10.602,10.867,11.054,11.279,11.508,11.752,12.018,12.359,12.706,13.051,13.393,13.537,13.686,13.823,13.939,14.046,14.144,14.215,14.282,14.354,14.366,NPgN,Primary,NG FES - Holistic Transition,Total peak demand with ToUT (MW)
MELROSEGATE 33/11KV,7.289,7.289,7.289,7.414,7.550,7.715,7.929,8.184,8.502,8.854,9.196,9.535,9.904,10.330,10.761,11.190,11.623,11.887,12.198,12.481,12.734,12.961,13.154,13.304,13.448,13.577,13.590,NPgN,Primary,NG FES - Holistic Transition,Total peak demand with ToUT (MW)
MILLBANK LANE,16.239,18.428,18.428,18.797,19.176,19.601,20.119,20.833,21.668,22.531,23.364,24.175,25.045,26.062,27.109,28.152,29.215,29.898,30.686,31.405,32.048,32.626,33.122,33.524,33.851,34.116,34.216,NPgN,Primary,NG FES - Holistic Transition,Total peak demand with ToUT (MW)
MONKSEATON,19.072,19.072,19.072,19.418,19.745,20.116,20.620,21.321,22.619,23.909,25.213,26.587,27.970,29.531,31.146,32.784,34.447,35.386,36.489,37.498,38.413,39.225,39.914,40.440,40.916,41.326,41.321,NPgN,Primary,NG FES - Holistic Transition,Total peak demand with ToUT (MW)
MOOR MONKTON PUMPS,4.856,4.856,4.856,4.906,4.959,5.019,5.127,5.243,5.388,5.538,5.696,5.881,6.049,6.217,6.382,6.540,6.692,6.784,6.867,6.932,6.992,7.048,7.106,7.147,7.186,7.223,7.261,NPgN,Primary,NG FES - Holistic Transition,Total peak demand with ToUT (MW)
MORPETH,18.761,20.029,20.029,20.421,20.829,21.273,21.820,22.675,23.453,24.303,25.183,26.148,27.127,28.291,29.467,30.631,31.807,32.366,32.949,33.468,33.914,34.316,34.660,34.897,35.125,35.351,35.377,NPgN,Primary,NG FES - Holistic Transition,Total peak demand with ToUT (MW)
MOUNT ROAD,17.622,17.622,17.622,17.721,17.822,17.975,18.231,18.569,19.397,20.240,21.073,21.899,22.760,23.740,24.757,25.784,26.828,27.512,28.339,29.082,29.743,30.314,30.779,31.129,31.424,31.654,31.558,NPgN,Primary,NG FES - Holistic Transition,Total peak demand with ToUT (MW)
NEWBURN HAUGH,5.783,6.416,6.416,6.448,6.497,6.560,6.651,6.786,7.067,7.361,7.650,7.921,8.213,8.559,8.917,9.280,9.649,9.910,10.232,10.527,10.795,11.033,11.237,11.406,11.557,11.688,11.675,NPgN,Primary,NG FES - Holistic Transition,Total peak demand with ToUT (MW)
NEWBY,13.227,13.407,13.407,13.611,13.817,14.061,14.391,14.841,15.565,16.298,17.053,17.868,18.687,19.619,20.563,21.516,22.488,23.009,23.605,24.185,24.708,25.172,25.564,25.858,26.124,26.353,26.370,NPgN,Primary,NG FES - Holistic Transition,Total peak demand with ToUT (MW)
NEWCASTLE AIRPORT,12.629,13.629,13.629,13.763,13.916,14.103,14.351,14.727,15.113,15.543,15.969,16.395,16.863,17.438,18.028,18.616,19.224,19.595,20.037,20.442,20.798,21.118,21.390,21.608,21.810,21.994,22.007,NPgN,Primary,NG FES - Holistic Transition,Total peak demand with ToUT (MW)
NEWTON AYCLIFFE SOUTH,12.274,12.274,12.274,12.194,12.132,12.085,12.065,12.079,12.111,12.146,12.186,12.237,12.288,12.352,12.418,12.484,12.552,12.567,12.590,12.607,12.618,12.623,12.618,12.603,12.585,12.562,12.525,NPgN,Primary,NG FES - Holistic Transition,Total peak demand with ToUT (MW)
NORTH STREET,9.840,9.840,9.840,9.882,9.961,10.078,10.268,10.427,10.780,11.177,11.573,11.968,12.396,12.873,13.357,13.838,14.322,14.629,14.994,15.325,15.620,15.874,16.084,16.236,16.370,16.477,16.434,NPgN,Primary,NG FES - Holistic Transition,Total peak demand with ToUT (MW)
NORTH TEES T1 T2,20.839,22.526,22.526,22.594,22.747,22.979,23.308,23.679,24.083,24.511,24.954,25.390,25.790,26.172,26.523,26.825,27.080,27.272,27.432,27.552,27.640,27.709,27.763,27.794,27.820,27.835,27.852,NPgN,Primary,NG FES - Holistic Transition,Total peak demand with ToUT (MW)
NORTH TEES T3 T4,16.568,18.023,18.023,18.078,18.144,18.228,18.355,18.537,18.913,19.308,19.705,20.109,20.538,21.043,21.572,22.118,22.682,23.100,23.602,24.070,24.504,24.901,25.254,25.561,25.838,26.088,26.159,NPgN,Primary,NG FES - Holistic Transition,Total peak demand with ToUT (MW)
NORTHALLERTON,16.571,16.861,16.861,17.175,17.497,17.843,18.270,18.823,19.462,20.132,20.867,21.733,22.569,23.507,24.489,25.476,26.480,26.968,27.444,27.874,28.266,28.628,28.954,29.194,29.418,29.635,29.763,NPgN,Primary,NG FES - Holistic Transition,Total peak demand with ToUT (MW)
NORTON 132/11KV,30.870,30.870,30.870,31.671,32.473,33.369,34.481,35.981,38.023,40.093,42.128,44.176,46.310,48.756,51.277,53.803,56.375,58.039,59.993,61.789,63.408,64.859,66.102,67.107,68.031,68.848,68.994,NPgN,Primary,NG FES - Holistic Transition,Total peak demand with ToUT (MW)
OATLANDS,9.643,10.393,10.393,10.555,10.718,10.910,11.167,11.498,11.968,12.449,12.937,13.457,13.984,14.572,15.159,15.746,16.343,16.642,16.980,17.283,17.553,17.792,17.991,18.128,18.266,18.386,18.386,NPgN,Primary,NG FES - Holistic Transition,Total peak demand with ToUT (MW)
OFFERTON 33/11KV,15.664,16.601,16.601,16.901,17.188,17.520,17.954,18.622,19.584,20.565,21.542,22.539,23.565,24.758,25.992,27.231,28.498,29.302,30.251,31.117,31.886,32.568,33.142,33.596,33.996,34.341,34.351,NPgN,Primary,NG FES - Holistic Transition,Total peak demand with ToUT (MW)
PALLION TRADING,14.113,15.113,15.113,15.293,15.468,15.680,15.972,16.443,17.104,17.792,18.471,19.147,19.862,20.713,21.608,22.505,23.427,24.043,24.778,25.444,26.033,26.556,26.994,27.347,27.660,27.932,27.924,NPgN,Primary,NG FES - Holistic Transition,Total peak demand with ToUT (MW)
PETERLEE INDUSTRIAL,9.246,9.246,9.246,9.169,9.101,9.045,9.001,8.961,8.924,8.892,8.861,8.836,8.814,8.794,8.776,8.760,8.745,8.732,8.721,8.709,8.701,8.692,8.684,8.677,8.669,8.662,8.654,NPgN,Primary,NG FES - Holistic Transition,Total peak demand with ToUT (MW)
PETERLEE WEST,9.975,10.705,10.705,10.831,10.954,11.094,11.291,11.581,12.037,12.502,12.960,13.421,13.899,14.449,15.010,15.577,16.155,16.532,16.984,17.402,17.780,18.118,18.407,18.639,18.839,19.006,19.027,NPgN,Primary,NG FES - Holistic Transition,Total peak demand with ToUT (MW)
PILGRIM,16.016,18.486,18.486,18.321,18.195,18.089,18.016,17.912,17.789,17.688,17.594,17.508,17.442,17.390,17.352,17.316,17.286,17.243,17.200,17.154,17.110,17.066,17.024,16.979,16.935,16.892,16.851,NPgN,Primary,NG FES - Holistic Transition,Total peak demand with ToUT (MW)
POTTER HOUSE T1 T3,16.733,18.933,18.933,19.459,19.917,20.390,20.990,21.857,22.864,23.804,24.762,25.878,26.910,27.998,29.067,30.118,31.139,31.428,31.658,31.864,32.037,32.183,32.296,32.296,32.324,32.350,32.385,NPgN,Primary,NG FES - Holistic Transition,Total peak demand with ToUT (MW)
POTTER HOUSE T4 T5,6.969,6.969,6.969,6.975,6.990,7.008,7.043,7.117,7.221,7.337,7.454,7.575,7.707,7.875,8.049,8.228,8.412,8.522,8.656,8.779,8.891,8.994,9.082,9.154,9.218,9.275,9.279,NPgN,Primary,NG FES - Holistic Transition,Total peak demand with ToUT (MW)
PRISSICK,20.293,20.615,20.615,20.961,21.283,21.665,22.175,22.972,24.041,25.153,26.222,27.259,28.376,29.705,31.045,32.391,33.771,34.640,35.695,36.659,37.519,38.286,38.932,39.446,39.898,40.284,40.274,NPgN,Primary,NG FES - Holistic Transition,Total peak demand with ToUT (MW)
RAVENSCAR,1.473,1.473,1.473,1.500,1.525,1.555,1.593,1.649,1.708,1.769,1.836,1.916,1.995,2.088,2.179,2.272,2.367,2.404,2.442,2.485,2.523,2.558,2.588,2.610,2.630,2.649,2.657,NPgN,Primary,NG FES - Holistic Transition,Total peak demand with ToUT (MW)
RAWCLIFFE LANE,16.292,16.907,16.907,17.123,17.346,17.602,17.949,18.430,19.111,19.823,20.572,21.417,22.265,23.236,24.234,25.244,26.278,26.757,27.273,27.726,28.130,28.485,28.781,28.978,29.123,29.227,29.245,NPgN,Primary,NG FES - Holistic Transition,Total peak demand with ToUT (MW)
REDCAR,25.748,26.687,26.687,27.451,28.256,29.136,30.218,31.791,33.779,35.835,38.040,40.540,42.978,45.769,48.653,51.550,54.484,55.829,57.276,58.577,59.728,60.759,61.640,62.278,62.835,63.335,63.417,NPgN,Primary,NG FES - Holistic Transition,Total peak demand with ToUT (MW)
RESERVOIR,18.996,18.996,18.996,19.707,20.403,21.132,22.011,23.315,24.843,26.401,28.032,29.868,31.653,33.675,35.721,37.764,39.799,40.633,41.488,42.248,42.914,43.507,44.008,44.328,44.616,44.879,44.915,NPgN,Primary,NG FES - Holistic Transition,Total peak demand with ToUT (MW)
RICHMOND T1,8.401,8.401,8.401,8.711,9.006,9.304,9.658,10.149,10.818,11.490,12.294,13.359,14.311,15.351,16.416,17.502,18.596,18.928,19.153,19.332,19.495,19.648,19.786,19.827,19.871,19.932,20.001,NPgN,Primary,NG FES - Holistic Transition,Total peak demand with ToUT (MW)
RICHMOND T2,3.618,3.618,3.618,3.710,3.807,3.902,4.050,4.208,4.429,4.664,4.940,5.299,5.625,5.968,6.320,6.673,7.029,7.214,7.375,7.508,7.638,7.764,7.898,7.996,8.088,8.181,8.273,NPgN,Primary,NG FES - Holistic Transition,Total peak demand with ToUT (MW)
RIPON,17.524,18.428,18.428,18.666,18.932,19.247,19.670,20.227,20.957,21.701,22.512,23.448,24.334,25.302,26.270,27.229,28.192,28.633,29.056,29.419,29.735,30.012,30.244,30.373,30.501,30.617,30.642,NPgN,Primary,NG FES - Holistic Transition,Total peak demand with ToUT (MW)
RISE CARR,9.128,10.296,10.296,10.519,10.761,11.034,11.376,11.837,12.428,13.061,13.686,14.314,14.980,15.757,16.543,17.328,18.127,18.603,19.163,19.668,20.118,20.516,20.853,21.111,21.336,21.526,21.521,NPgN,Primary,NG FES - Holistic Transition,Total peak demand with ToUT (MW)
ROMANBY,3.659,3.659,3.659,3.808,3.963,4.133,4.337,4.571,4.861,5.168,5.460,5.738,6.040,6.379,6.724,7.066,7.407,7.617,7.864,8.093,8.302,8.491,8.654,8.784,8.902,9.004,9.028,NPgN,Primary,NG FES - Holistic Transition,Total peak demand with ToUT (MW)
RUDBY,4.652,4.652,4.652,4.799,4.941,5.093,5.278,5.528,5.842,6.153,6.521,6.998,7.422,7.880,8.350,8.824,9.301,9.460,9.573,9.669,9.754,9.831,9.900,9.926,9.954,9.989,10.020,NPgN,Primary,NG FES - Holistic Transition,Total peak demand with ToUT (MW)
SCARBOROUGH 33/11KV,18.716,19.598,19.598,19.787,20.018,20.312,20.727,21.191,21.852,22.588,23.358,24.199,25.079,26.091,27.112,28.136,29.178,29.674,30.222,30.762,31.246,31.675,32.042,32.298,32.538,32.751,32.755,NPgN,Primary,NG FES - Holistic Transition,Total peak demand with ToUT (MW)
SCARBOROUGH 66/11KV,0.268,0.493,0.493,0.493,0.493,0.493,0.493,0.493,0.493,0.493,0.493,0.493,0.493,0.493,0.493,0.493,0.493,0.493,0.493,0.493,0.493,0.493,0.493,0.493,0.493,0.493,0.493,NPgN,Primary,NG FES - Holistic Transition,Total peak demand with ToUT (MW)
SEGHILL,13.075,13.380,13.380,13.753,14.114,14.465,14.876,15.521,16.273,17.049,17.911,18.977,20.002,21.190,22.419,23.671,24.919,25.293,25.636,25.932,26.195,26.435,26.643,26.746,26.848,26.959,26.984,NPgN,Primary,NG FES - Holistic Transition,Total peak demand with ToUT (MW)
SESSAY BRIDGE_SOWERBY,9.480,10.118,10.118,10.304,10.498,10.682,10.889,11.218,11.586,11.967,12.410,12.975,13.507,14.125,14.769,15.426,16.080,16.302,16.467,16.587,16.693,16.795,16.889,16.930,16.973,17.029,17.072,NPgN,Primary,NG FES - Holistic Transition,Total peak demand with ToUT (MW)
SEVERUS HILL,13.442,13.642,13.642,13.837,14.052,14.314,14.668,15.100,15.796,16.524,17.295,18.157,19.008,19.955,20.919,21.888,22.870,23.361,23.889,24.350,24.760,25.119,25.414,25.614,25.788,25.929,25.919,NPgN,Primary,NG FES - Holistic Transition,Total peak demand with ToUT (MW)
SHERIFF HUTTON,13.132,13.132,13.132,13.450,13.748,14.068,14.467,15.016,15.776,16.530,17.438,18.641,19.717,20.890,22.093,23.317,24.555,24.968,25.241,25.433,25.605,25.762,25.895,25.900,25.915,25.948,25.987,NPgN,Primary,NG FES - Holistic Transition,Total peak demand with ToUT (MW)
SHOTTON,13.713,13.713,13.713,13.823,13.930,14.066,14.271,14.555,14.922,15.269,15.621,16.010,16.375,16.755,17.124,17.482,17.840,18.010,18.188,18.349,18.488,18.606,18.700,18.750,18.804,18.844,18.852,NPgN,Primary,NG FES - Holistic Transition,Total peak demand with ToUT (MW)
SIMONSIDE,11.501,11.501,11.501,11.628,11.782,11.968,12.220,12.595,13.177,13.782,14.380,14.970,15.587,16.305,17.046,17.790,18.547,19.059,19.670,20.229,20.730,21.174,21.552,21.858,22.135,22.378,22.380,NPgN,Primary,NG FES - Holistic Transition,Total peak demand with ToUT (MW)
SKELDERGATE,14.081,14.481,14.481,14.414,14.408,14.430,14.492,14.520,14.551,14.637,14.727,14.815,14.943,15.111,15.290,15.469,15.656,15.764,15.895,16.007,16.102,16.184,16.250,16.293,16.328,16.353,16.331,NPgN,Primary,NG FES - Holistic Transition,Total peak demand with ToUT (MW)
SKERNESIDE,20.013,20.013,20.013,20.420,20.836,21.284,21.834,22.689,23.663,24.658,25.764,27.085,28.327,29.732,31.149,32.567,33.984,34.530,35.028,35.452,35.814,36.136,36.406,36.547,36.671,36.794,36.817,NPgN,Primary,NG FES - Holistic Transition,Total peak demand with ToUT (MW)
SPADEADAM 20KV,5.738,6.161,6.161,6.362,6.547,6.721,7.006,7.350,7.867,8.391,8.978,9.712,10.381,11.095,11.821,12.547,13.263,13.559,13.816,14.012,14.192,14.354,14.512,14.587,14.650,14.710,14.748,NPgN,Primary,NG FES - Holistic Transition,Total peak demand with ToUT (MW)
SPENCERBECK,24.550,25.050,25.050,25.317,25.648,26.072,26.643,27.392,28.286,29.292,30.305,31.330,32.435,33.741,35.071,36.392,37.742,38.620,39.650,40.569,41.377,42.093,42.696,43.174,43.609,43.996,44.001,NPgN,Primary,NG FES - Holistic Transition,Total peak demand with ToUT (MW)
SPENNYMOOR 66/20KV,17.846,19.167,19.167,19.744,20.307,20.818,21.380,22.359,23.376,24.424,25.568,26.963,28.315,29.914,31.553,33.218,34.840,35.284,35.667,36.004,36.285,36.539,36.756,36.839,36.913,37.008,37.017,NPgN,Primary,NG FES - Holistic Transition,Total peak demand with ToUT (MW)
STARBECK,21.896,22.516,22.516,22.925,23.340,23.812,24.427,25.261,26.512,27.769,29.017,30.300,31.601,33.064,34.533,36.003,37.493,38.367,39.383,40.300,41.122,41.850,42.460,42.918,43.353,43.721,43.737,NPgN,Primary,NG FES - Holistic Transition,Total peak demand with ToUT (MW)
STOBSWOOD COAL,0.000,0.000,0.000,0.000,0.000,0.000,0.000,0.000,0.000,0.000,0.000,0.000,0.000,0.000,0.000,0.000,0.000,0.000,0.000,0.000,0.000,0.000,0.000,0.000,0.000,0.000,0.000,NPgN,Primary,NG FES - Holistic Transition,Total peak demand with ToUT (MW)
STOKESLEY,9.134,9.134,9.134,9.378,9.611,9.847,10.126,10.525,10.981,11.438,11.966,12.642,13.260,13.944,14.655,15.373,16.088,16.322,16.491,16.622,16.739,16.850,16.954,16.997,17.047,17.110,17.170,NPgN,Primary,NG FES - Holistic Transition,Total peak demand with ToUT (MW)
STONEY CUT,19.261,19.486,19.486,19.751,20.028,20.300,20.633,21.193,21.995,22.817,23.694,24.703,25.698,26.868,28.074,29.309,30.550,31.095,31.684,32.216,32.693,33.119,33.483,33.740,33.954,34.142,34.150,NPgN,Primary,NG FES - Holistic Transition,Total peak demand with ToUT (MW)
SUNDERLAND T1 T2,16.080,17.280,17.280,17.246,17.306,17.406,17.568,17.664,17.816,18.046,18.290,18.541,18.842,19.204,19.600,19.994,20.397,20.650,20.946,21.202,21.426,21.619,21.779,21.893,21.990,22.065,22.038,NPgN,Primary,NG FES - Holistic Transition,Total peak demand with ToUT (MW)
SUNDERLAND T5 T6,2.094,3.294,3.294,3.268,3.243,3.220,3.200,3.181,3.162,3.145,3.129,3.114,3.099,3.084,3.072,3.058,3.045,3.034,3.022,3.011,2.999,2.989,2.979,2.968,2.958,2.948,2.939,NPgN,Primary,NG FES - Holistic Transition,Total peak demand with ToUT (MW)
TANFIELD,12.164,12.164,12.164,12.465,12.744,13.036,13.403,13.994,14.848,15.715,16.619,17.619,18.609,19.760,20.936,22.129,23.340,23.956,24.648,25.280,25.841,26.340,26.760,27.071,27.343,27.580,27.578,NPgN,Primary,NG FES - Holistic Transition,Total peak demand with ToUT (MW)
TEAM VALLEY,27.116,28.051,28.051,27.963,27.954,28.020,28.189,28.464,28.805,29.174,29.561,29.947,30.309,30.696,31.064,31.393,31.683,31.823,31.955,32.052,32.108,32.140,32.148,32.122,32.082,32.031,31.929,NPgN,Primary,NG FES - Holistic Transition,Total peak demand with ToUT (MW)
TEES INDUSTRIAL T1 T2,9.165,9.165,9.165,9.160,9.163,9.175,9.199,9.226,9.257,9.289,9.323,9.362,9.401,9.443,9.486,9.531,9.576,9.622,9.670,9.718,9.766,9.816,9.865,9.913,9.962,10.010,10.057,NPgN,Primary,NG FES - Holistic Transition,Total peak demand with ToUT (MW)
TEMPLE PARK,15.799,15.799,15.799,16.143,16.488,16.879,17.391,18.141,19.285,20.455,21.599,22.729,23.913,25.288,26.705,28.133,29.589,30.548,31.702,32.762,33.717,34.569,35.291,35.874,36.398,36.852,36.874,NPgN,Primary,NG FES - Holistic Transition,Total peak demand with ToUT (MW)
THIRSK,14.059,14.059,14.059,14.386,14.737,15.092,15.499,16.085,16.685,17.303,18.020,18.924,19.762,20.708,21.682,22.661,23.639,23.991,24.258,24.467,24.651,24.826,24.987,25.068,25.162,25.274,25.365,NPgN,Primary,NG FES - Holistic Transition,Total peak demand with ToUT (MW)
THORNTON DALE,11.426,11.426,11.426,11.687,11.935,12.177,12.472,12.955,13.480,14.039,14.697,15.568,16.369,17.287,18.225,19.179,20.141,20.392,20.568,20.695,20.801,20.900,20.988,20.990,21.000,21.030,21.040,NPgN,Primary,NG FES - Holistic Transition,Total peak demand with ToUT (MW)
TORONTO 66/20KV,15.659,15.659,15.659,15.949,16.224,16.532,16.950,17.509,18.197,18.850,19.527,20.314,21.038,21.786,22.519,23.233,23.937,24.197,24.424,24.622,24.789,24.926,25.030,25.050,25.079,25.092,25.110,NPgN,Primary,NG FES - Holistic Transition,Total peak demand with ToUT (MW)
TUNSTALL,18.622,19.747,19.747,20.162,20.570,21.043,21.646,22.545,23.655,24.822,25.949,27.035,28.209,29.607,31.078,32.544,34.045,35.035,36.214,37.292,38.254,39.116,39.852,40.453,40.999,41.486,41.542,NPgN,Primary,NG FES - Holistic Transition,Total peak demand with ToUT (MW)
TYNEMOUTH CENTRAL,12.396,12.396,12.396,12.622,12.856,13.136,13.517,13.960,14.785,15.638,16.441,17.183,17.999,18.930,19.893,20.861,21.840,22.484,23.269,23.995,24.660,25.253,25.762,26.167,26.545,26.872,26.867,NPgN,Primary,NG FES - Holistic Transition,Total peak demand with ToUT (MW)
UNIVERSITY,18.783,20.983,20.983,20.795,20.647,20.526,20.440,20.324,20.191,20.080,19.990,19.933,19.884,19.845,19.820,19.796,19.781,19.731,19.679,19.619,19.557,19.491,19.423,19.346,19.268,19.186,19.127,NPgN,Primary,NG FES - Holistic Transition,Total peak demand with ToUT (MW)
URLAY NOOK,19.991,21.203,21.203,21.702,22.214,22.776,23.450,24.405,25.332,26.296,27.250,28.221,29.236,30.423,31.641,32.843,34.064,34.797,35.612,36.350,37.003,37.598,38.118,38.534,38.913,39.258,39.384,NPgN,Primary,NG FES - Holistic Transition,Total peak demand with ToUT (MW)
USWORTH,14.969,15.719,15.719,15.680,15.683,15.715,15.794,15.931,16.218,16.520,16.825,17.127,17.438,17.801,18.177,18.552,18.928,19.175,19.476,19.745,19.981,20.185,20.349,20.475,20.577,20.655,20.607,NPgN,Primary,NG FES - Holistic Transition,Total peak demand with ToUT (MW)
WALKER,12.960,12.960,12.960,13.200,13.478,13.808,14.224,14.754,15.442,16.188,16.907,17.582,18.337,19.235,20.168,21.100,22.052,22.689,23.446,24.140,24.764,25.326,25.810,26.209,26.582,26.923,26.957,NPgN,Primary,NG FES - Holistic Transition,Total peak demand with ToUT (MW)
WANSBECK,1.290,2.790,2.790,2.778,2.767,2.757,2.750,2.744,2.743,2.743,2.744,2.747,2.749,2.755,2.760,2.767,2.774,2.777,2.780,2.783,2.784,2.786,2.786,2.785,2.784,2.782,2.775,NPgN,Primary,NG FES - Holistic Transition,Total peak demand with ToUT (MW)
WARDLEY,7.254,7.254,7.254,7.361,7.486,7.632,7.819,8.087,8.446,8.838,9.220,9.587,9.994,10.487,10.997,11.512,12.044,12.400,12.831,13.233,13.594,13.918,14.198,14.428,14.638,14.825,14.841,NPgN,Primary,NG FES - Holistic Transition,Total peak demand with ToUT (MW)
WARKWORTH,15.434,15.434,15.434,15.951,16.428,16.887,17.430,18.319,19.323,20.341,21.532,23.097,24.538,26.187,27.882,29.608,31.341,31.838,32.183,32.441,32.658,32.855,33.022,33.020,33.031,33.077,33.100,NPgN,Primary,NG FES - Holistic Transition,Total peak demand with ToUT (MW)
WENSLEYDALE,9.782,9.782,9.782,10.266,10.743,11.238,12.000,12.841,13.993,15.200,16.589,18.352,19.940,21.583,23.248,24.903,26.560,27.406,28.129,28.721,29.285,29.829,30.391,30.772,31.135,31.503,31.871,NPgN,Primary,NG FES - Holistic Transition,Total peak demand with ToUT (MW)
WEST HARTFORD,3.175,3.175,3.175,3.218,3.257,3.303,3.368,3.458,3.625,3.791,3.949,4.106,4.270,4.453,4.640,4.829,5.022,5.133,5.266,5.387,5.496,5.590,5.666,5.720,5.751,5.760,5.756,NPgN,Primary,NG FES - Holistic Transition,Total peak demand with ToUT (MW)
WEST SOUTHWICK,12.816,13.244,13.244,13.245,13.277,13.323,13.405,13.569,13.852,14.158,14.467,14.782,15.121,15.543,15.993,16.454,16.933,17.257,17.657,18.021,18.346,18.634,18.877,19.074,19.244,19.389,19.368,NPgN,Primary,NG FES - Holistic Transition,Total peak demand with ToUT (MW)
WEST WYLAM,21.101,21.101,21.101,21.193,21.324,21.496,21.762,22.147,22.658,23.154,23.690,24.324,24.898,25.497,26.092,26.668,27.238,27.425,27.591,27.722,27.824,27.899,27.946,27.926,27.904,27.872,27.813,NPgN,Primary,NG FES - Holistic Transition,Total peak demand with ToUT (MW)
WESTERHOPE,11.177,11.177,11.177,11.429,11.725,12.061,12.471,13.020,13.693,14.424,15.141,15.841,16.610,17.531,18.482,19.435,20.414,21.053,21.818,22.520,23.151,23.720,24.209,24.611,24.987,25.330,25.362,NPgN,Primary,NG FES - Holistic Transition,Total peak demand with ToUT (MW)
WESTOE,9.721,10.081,10.081,10.294,10.504,10.747,11.075,11.523,12.356,13.191,13.982,14.726,15.516,16.414,17.338,18.268,19.213,19.835,20.592,21.291,21.927,22.490,22.968,23.349,23.695,23.993,23.974,NPgN,Primary,NG FES - Holistic Transition,Total peak demand with ToUT (MW)
WHITBY T1,5.584,5.584,5.584,5.653,5.731,5.820,5.951,6.128,6.310,6.509,6.724,6.973,7.220,7.503,7.787,8.067,8.350,8.485,8.627,8.777,8.907,9.026,9.133,9.212,9.284,9.353,9.377,NPgN,Primary,NG FES - Holistic Transition,Total peak demand with ToUT (MW)
WHITBY T2,8.255,8.255,8.255,8.312,8.377,8.452,8.568,8.746,8.999,9.260,9.565,9.953,10.314,10.721,11.136,11.556,11.978,12.113,12.231,12.346,12.444,12.531,12.605,12.635,12.661,12.686,12.680,NPgN,Primary,NG FES - Holistic Transition,Total peak demand with ToUT (MW)
WHITBY WEST T1,4.873,4.873,4.873,4.961,5.060,5.176,5.323,5.510,5.722,5.953,6.191,6.444,6.708,7.015,7.320,7.624,7.931,8.077,8.238,8.405,8.554,8.687,8.803,8.887,8.969,9.045,9.054,NPgN,Primary,NG FES - Holistic Transition,Total peak demand with ToUT (MW)
WHITBY WEST T2,5.521,5.521,5.521,5.613,5.720,5.839,5.991,6.190,6.429,6.686,6.965,7.293,7.622,8.005,8.391,8.782,9.182,9.359,9.545,9.741,9.917,10.075,10.212,10.310,10.401,10.485,10.509,NPgN,Primary,NG FES - Holistic Transition,Total peak demand with ToUT (MW)
WILLINGTON,11.246,13.342,13.342,13.762,14.171,14.629,15.190,15.968,16.857,17.766,18.620,19.407,20.272,21.292,22.364,23.423,24.498,25.202,26.036,26.805,27.497,28.124,28.668,29.115,29.542,29.939,30.009,NPgN,Primary,NG FES - Holistic Transition,Total peak demand with ToUT (MW)
WORMALD GREEN 132/11KV,13.516,13.516,13.516,13.831,14.142,14.488,14.931,15.543,16.323,17.115,17.946,18.878,19.791,20.817,21.841,22.866,23.901,24.381,24.880,25.315,25.697,26.033,26.312,26.486,26.666,26.824,26.838,NPgN,Primary,NG FES - Holistic Transition,Total peak demand with ToUT (MW)
WYNYARD,7.011,9.389,9.389,9.451,9.518,9.594,9.687,9.818,9.937,10.060,10.181,10.303,10.430,10.574,10.721,10.865,11.010,11.115,11.223,11.319,11.408,11.492,11.569,11.638,11.705,11.771,11.813,NPgN,Primary,NG FES - Holistic Transition,Total peak demand with ToUT (MW)
YEDINGHAM,1.992,1.992,1.992,2.014,2.035,2.058,2.091,2.143,2.208,2.275,2.360,2.478,2.584,2.703,2.824,2.948,3.075,3.106,3.125,3.144,3.160,3.174,3.186,3.186,3.187,3.189,3.190,NPgN,Primary,NG FES - Holistic Transition,Total peak demand with ToUT (MW)
YORK UNIVERSITY,12.006,12.006,12.006,11.990,12.014,12.053,12.124,12.223,12.335,12.481,12.647,12.848,13.061,13.327,13.604,13.888,14.183,14.307,14.443,14.558,14.657,14.743,14.812,14.854,14.887,14.914,14.894,NPgN,Primary,NG FES - Holistic Transition,Total peak demand with ToUT (MW)
ABBEY ROAD,8.227,8.227,8.227,8.310,8.400,8.535,8.766,9.122,9.526,9.969,10.403,10.831,11.490,12.070,12.679,13.305,14.007,14.353,14.672,14.979,15.273,15.534,15.749,15.923,16.072,16.192,16.193,NPgY,Primary,NG FES - Holistic Transition,Total peak demand with ToUT (MW)
AIREDALE ROAD,10.410,10.629,10.629,10.656,10.724,10.833,11.008,11.316,11.683,12.063,12.437,12.793,13.231,13.650,14.082,14.509,14.961,15.208,15.434,15.632,15.808,15.954,16.063,16.140,16.194,16.228,16.185,NPgY,Primary,NG FES - Holistic Transition,Total peak demand with ToUT (MW)
ALDHAM,12.915,13.065,13.065,13.451,13.830,14.258,14.939,15.750,16.491,17.326,18.120,18.871,19.983,21.023,22.074,23.136,24.302,24.930,25.533,26.112,26.671,27.155,27.542,27.880,28.192,28.481,28.542,NPgY,Primary,NG FES - Holistic Transition,Total peak demand with ToUT (MW)
ALFRED GELDER STREET,13.285,13.285,13.285,13.200,13.155,13.150,13.198,13.244,13.273,13.360,13.442,13.505,13.632,13.748,13.873,13.996,14.134,14.201,14.246,14.280,14.315,14.343,14.368,14.380,14.385,14.384,14.359,NPgY,Primary,NG FES - Holistic Transition,Total peak demand with ToUT (MW)
ALLERTON HILL T1,5.729,5.729,5.729,5.814,5.910,6.029,6.214,6.501,6.821,7.170,7.491,7.777,8.259,8.680,9.126,9.585,10.102,10.353,10.593,10.830,11.064,11.275,11.451,11.599,11.734,11.850,11.841,NPgY,Primary,NG FES - Holistic Transition,Total peak demand with ToUT (MW)
ALLERTON HILL T2,5.584,5.584,5.584,5.648,5.722,5.816,5.960,6.204,6.487,6.793,7.072,7.319,7.736,8.098,8.483,8.879,9.326,9.542,9.749,9.953,10.156,10.338,10.492,10.620,10.738,10.838,10.823,NPgY,Primary,NG FES - Holistic Transition,Total peak demand with ToUT (MW)
ALVERTHORPE ROAD,13.113,13.113,13.113,13.349,13.621,13.947,14.459,15.099,15.709,16.394,17.075,17.765,18.799,19.744,20.748,21.763,22.855,23.422,23.953,24.459,24.949,25.381,25.736,26.040,26.311,26.553,26.621,NPgY,Primary,NG FES - Holistic Transition,Total peak demand with ToUT (MW)
ARMOURIES DRIVE,9.674,13.762,13.762,13.700,13.708,13.743,13.822,13.835,13.752,13.716,13.685,13.648,13.707,13.765,13.828,13.902,14.012,14.047,14.057,14.103,14.157,14.210,14.256,14.298,14.337,14.373,14.381,NPgY,Primary,NG FES - Holistic Transition,Total peak demand with ToUT (MW)
ARMTHORPE,11.615,11.615,11.615,11.813,12.002,12.222,12.585,13.104,13.644,14.211,14.782,15.383,16.188,16.943,17.731,18.515,19.304,19.708,20.105,20.482,20.840,21.152,21.405,21.619,21.805,21.972,22.017,NPgY,Primary,NG FES - Holistic Transition,Total peak demand with ToUT (MW)
ARUNDEL STREET,14.891,15.704,15.704,15.613,15.568,15.556,15.589,15.550,15.445,15.346,15.272,15.223,15.237,15.234,15.284,15.340,15.422,15.452,15.457,15.459,15.467,15.476,15.483,15.487,15.486,15.480,15.497,NPgY,Primary,NG FES - Holistic Transition,Total peak demand with ToUT (MW)
ASKERN,9.903,10.126,10.126,10.426,10.731,10.985,11.401,11.937,12.391,12.886,13.554,14.482,15.385,16.351,17.301,18.097,18.454,18.576,18.714,18.837,18.907,18.974,19.036,19.089,19.101,19.143,19.179,NPgY,Primary,NG FES - Holistic Transition,Total peak demand with ToUT (MW)
AUDBY LANE,18.670,23.941,23.941,24.014,24.143,24.309,24.647,25.091,25.505,25.966,26.522,27.218,27.962,28.726,29.431,30.071,30.579,30.823,31.060,31.291,31.489,31.656,31.786,31.890,31.961,32.037,32.016,NPgY,Primary,NG FES - Holistic Transition,Total peak demand with ToUT (MW)
AUSTERFIELD,3.290,3.890,3.890,3.938,3.988,4.035,4.117,4.209,4.285,4.369,4.481,4.635,4.792,4.954,5.112,5.241,5.286,5.297,5.311,5.324,5.337,5.349,5.359,5.369,5.375,5.386,5.394,NPgY,Primary,NG FES - Holistic Transition,Total peak demand with ToUT (MW)
BAILIFF BRIDGE,8.617,11.830,11.830,11.926,12.045,12.192,12.440,12.846,13.294,13.779,14.241,14.683,15.343,15.948,16.570,17.211,17.929,18.293,18.637,18.972,19.292,19.570,19.792,19.974,20.129,20.258,20.250,NPgY,Primary,NG FES - Holistic Transition,Total peak demand with ToUT (MW)
BALBY,9.209,9.809,9.809,9.838,9.879,9.932,10.034,10.194,10.355,10.530,10.699,10.859,11.093,11.334,11.593,11.862,12.165,12.338,12.509,12.675,12.833,12.974,13.090,13.192,13.279,13.358,13.379,NPgY,Primary,NG FES - Holistic Transition,Total peak demand with ToUT (MW)
BALME STREET,12.097,12.347,12.347,12.297,12.370,12.481,12.653,12.810,12.904,13.018,13.145,13.273,13.509,13.731,13.993,14.261,14.573,14.739,14.871,14.988,15.103,15.202,15.282,15.342,15.388,15.420,15.420,NPgY,Primary,NG FES - Holistic Transition,Total peak demand with ToUT (MW)
BARNBURGH,6.778,6.778,6.778,7.083,7.385,7.721,8.235,8.877,9.496,10.168,10.826,11.476,12.357,13.184,14.010,14.825,15.664,16.107,16.534,16.940,17.324,17.655,17.917,18.142,18.343,18.528,18.562,NPgY,Primary,NG FES - Holistic Transition,Total peak demand with ToUT (MW)
BARNOLDSWICK,5.795,5.795,5.795,5.815,5.849,5.888,5.967,6.120,6.295,6.478,6.684,6.923,7.184,7.451,7.723,7.975,8.187,8.285,8.378,8.453,8.499,8.535,8.561,8.574,8.572,8.567,8.536,NPgY,Primary,NG FES - Holistic Transition,Total peak demand with ToUT (MW)
BARNSLEY,13.612,13.912,13.912,14.054,14.237,14.450,14.774,15.163,15.516,15.929,16.318,16.671,17.199,17.719,18.256,18.807,19.421,19.786,20.131,20.461,20.785,21.075,21.324,21.541,21.740,21.925,21.976,NPgY,Primary,NG FES - Holistic Transition,Total peak demand with ToUT (MW)
BARNSLEY ROAD,8.210,8.210,8.210,8.280,8.360,8.469,8.666,8.968,9.308,9.667,10.021,10.376,10.887,11.354,11.852,12.362,12.930,13.227,13.510,13.772,14.023,14.242,14.421,14.567,14.692,14.796,14.797,NPgY,Primary,NG FES - Holistic Transition,Total peak demand with ToUT (MW)
BARROW,9.602,9.602,9.602,9.857,10.093,10.316,10.634,11.076,11.534,11.995,12.586,13.408,14.246,15.040,15.806,16.494,16.886,17.009,17.144,17.263,17.333,17.408,17.486,17.557,17.602,17.664,17.745,NPgY,Primary,NG FES - Holistic Transition,Total peak demand with ToUT (MW)
BARUGH 66/11KV,17.018,17.018,17.018,17.462,17.889,18.382,19.135,20.142,21.186,22.298,23.381,24.454,25.936,27.274,28.627,29.967,31.348,32.051,32.721,33.356,33.954,34.475,34.897,35.256,35.577,35.865,35.924,NPgY,Primary,NG FES - Holistic Transition,Total peak demand with ToUT (MW)
BARWICK,10.238,10.238,10.238,10.481,10.739,11.027,11.496,12.137,12.775,13.456,14.272,15.320,16.543,17.717,18.909,19.990,20.759,21.073,21.374,21.683,21.964,22.210,22.409,22.570,22.688,22.803,22.826,NPgY,Primary,NG FES - Holistic Transition,Total peak demand with ToUT (MW)
BASLOW ROAD,10.267,10.267,10.267,10.385,10.500,10.645,10.895,11.364,11.918,12.486,13.030,13.563,14.343,15.059,15.826,16.620,17.508,17.963,18.402,18.817,19.214,19.563,19.844,20.076,20.275,20.439,20.437,NPgY,Primary,NG FES - Holistic Transition,Total peak demand with ToUT (MW)
BATLEY,21.355,22.160,22.160,22.208,22.357,22.566,22.917,23.467,24.047,24.697,25.323,25.905,26.738,27.540,28.382,29.240,30.193,30.706,31.177,31.608,32.016,32.367,32.646,32.864,33.040,33.179,33.125,NPgY,Primary,NG FES - Holistic Transition,Total peak demand with ToUT (MW)
BEAL,11.203,12.103,16.603,16.778,16.982,17.206,17.531,17.930,18.311,18.718,19.198,19.790,20.408,21.016,21.613,22.156,22.543,22.754,22.958,23.149,23.321,23.476,23.614,23.737,23.839,23.947,24.016,NPgY,Primary,NG FES - Holistic Transition,Total peak demand with ToUT (MW)
BEESTON ROYDS 33/11KV,4.934,4.934,4.934,4.926,4.939,4.966,5.023,5.131,5.248,5.383,5.510,5.627,5.799,5.977,6.167,6.365,6.591,6.717,6.833,6.944,7.050,7.141,7.215,7.274,7.321,7.359,7.341,NPgY,Primary,NG FES - Holistic Transition,Total peak demand with ToUT (MW)
BEESTON ROYDS 6/7,21.419,21.419,21.419,21.358,21.379,21.460,21.658,21.977,22.310,22.688,23.055,23.391,23.857,24.329,24.818,25.307,25.847,26.132,26.387,26.629,26.851,27.036,27.174,27.273,27.347,27.399,27.331,NPgY,Primary,NG FES - Holistic Transition,Total peak demand with ToUT (MW)
BEIGHTON,15.208,15.208,15.208,15.523,15.862,16.248,16.807,17.612,18.494,19.421,20.316,21.182,22.379,23.450,24.547,25.635,26.753,27.308,27.851,28.360,28.836,29.250,29.584,29.858,30.098,30.301,30.312,NPgY,Primary,NG FES - Holistic Transition,Total peak demand with ToUT (MW)
BELLHOUSE ROAD,10.642,10.642,10.642,10.841,11.045,11.294,11.679,12.369,13.183,14.025,14.855,15.691,16.873,17.952,19.104,20.292,21.617,22.312,22.976,23.596,24.188,24.706,25.128,25.475,25.769,26.011,26.012,NPgY,Primary,NG FES - Holistic Transition,Total peak demand with ToUT (MW)
BELMONT AVENUE,17.085,17.685,17.685,17.903,18.197,18.548,19.069,19.733,20.369,21.077,21.761,22.400,23.282,24.139,25.040,25.944,26.929,27.497,28.024,28.517,28.985,29.395,29.728,30.009,30.257,30.475,30.516,NPgY,Primary,NG FES - Holistic Transition,Total peak demand with ToUT (MW)
BELMONT COVERT,1.236,1.236,1.236,1.252,1.269,1.288,1.314,1.347,1.381,1.417,1.459,1.516,1.579,1.630,1.673,1.714,1.747,1.762,1.777,1.792,1.804,1.816,1.828,1.840,1.849,1.859,1.868,NPgY,Primary,NG FES - Holistic Transition,Total peak demand with ToUT (MW)
BELTHORPE LANE,3.800,3.800,3.800,3.836,3.874,3.917,3.987,4.077,4.167,4.262,4.400,4.607,4.804,4.987,5.147,5.283,5.343,5.364,5.387,5.408,5.425,5.441,5.457,5.472,5.485,5.503,5.520,NPgY,Primary,NG FES - Holistic Transition,Total peak demand with ToUT (MW)
BENTLEY,9.731,9.731,9.731,10.018,10.285,10.578,11.042,11.705,12.402,13.134,13.850,14.560,15.566,16.480,17.432,18.377,19.361,19.855,20.333,20.784,21.213,21.587,21.888,22.141,22.362,22.556,22.581,NPgY,Primary,NG FES - Holistic Transition,Total peak demand with ToUT (MW)
BILLET LANE,10.524,15.284,15.284,15.343,15.408,15.481,15.565,15.651,15.740,15.829,15.921,16.016,16.113,16.210,16.309,16.409,16.510,16.611,16.713,16.815,16.918,17.020,17.122,17.223,17.324,17.423,17.521,NPgY,Primary,NG FES - Holistic Transition,Total peak demand with ToUT (MW)
BINBROOK,1.692,1.692,1.692,1.803,1.915,2.069,2.289,2.519,2.803,3.108,3.495,4.013,4.501,4.941,5.321,5.658,5.909,6.085,6.263,6.404,6.534,6.661,6.805,6.923,7.024,7.126,7.222,NPgY,Primary,NG FES - Holistic Transition,Total peak demand with ToUT (MW)
BINGLEY 33/11KV,12.035,12.506,12.506,12.613,12.752,12.934,13.251,13.738,14.266,14.823,15.370,15.924,16.763,17.515,18.319,19.129,19.979,20.377,20.747,21.096,21.426,21.714,21.946,22.133,22.289,22.417,22.411,NPgY,Primary,NG FES - Holistic Transition,Total peak demand with ToUT (MW)
BIRKBY,11.758,11.953,11.953,12.118,12.325,12.585,12.995,13.532,14.072,14.675,15.249,15.787,16.610,17.355,18.127,18.910,19.780,20.229,20.639,21.023,21.393,21.714,21.972,22.184,22.369,22.525,22.531,NPgY,Primary,NG FES - Holistic Transition,Total peak demand with ToUT (MW)
BLACKBURN MEADOWS 33/11KV,14.001,14.001,14.001,13.934,13.897,13.889,13.941,14.075,14.235,14.411,14.581,14.739,14.982,15.219,15.477,15.740,16.039,16.186,16.322,16.444,16.559,16.654,16.723,16.771,16.804,16.824,16.770,NPgY,Primary,NG FES - Holistic Transition,Total peak demand with ToUT (MW)
BLUE BOY STREET,11.322,11.322,11.322,11.286,11.286,11.323,11.403,11.388,11.299,11.215,11.170,11.168,11.239,11.276,11.376,11.481,11.613,11.676,11.704,11.726,11.751,11.774,11.794,11.809,11.816,11.814,11.864,NPgY,Primary,NG FES - Holistic Transition,Total peak demand with ToUT (MW)
BOLTON ROAD,7.102,7.102,7.102,7.319,7.553,7.784,8.159,8.650,9.111,9.595,10.209,11.045,11.960,12.858,13.764,14.569,15.059,15.214,15.380,15.521,15.592,15.653,15.698,15.730,15.732,15.751,15.734,NPgY,Primary,NG FES - Holistic Transition,Total peak demand with ToUT (MW)
BOTTESFORD,12.608,12.908,12.908,13.369,13.837,14.347,15.103,16.079,17.051,18.067,19.040,19.988,21.368,22.621,23.927,25.250,26.681,27.439,28.182,28.898,29.589,30.201,30.709,31.154,31.564,31.940,32.074,NPgY,Primary,NG FES - Holistic Transition,Total peak demand with ToUT (MW)
BRAMHOPE,3.615,3.615,3.615,3.677,3.741,3.811,3.939,4.113,4.278,4.449,4.695,5.068,5.451,5.826,6.196,6.508,6.642,6.672,6.705,6.747,6.781,6.811,6.833,6.851,6.858,6.873,6.877,NPgY,Primary,NG FES - Holistic Transition,Total peak demand with ToUT (MW)
BRAMLEY,12.567,12.946,12.946,13.305,13.717,14.225,14.928,15.822,16.759,17.774,18.762,19.709,21.037,22.229,23.453,24.677,26.002,26.706,27.348,27.956,28.531,29.032,29.442,29.772,30.057,30.291,30.308,NPgY,Primary,NG FES - Holistic Transition,Total peak demand with ToUT (MW)
BRETT STREET,19.539,19.955,19.955,20.190,20.459,20.806,21.340,22.078,22.872,23.748,24.627,25.528,26.781,27.903,29.043,30.181,31.373,31.998,32.580,33.122,33.640,34.105,34.505,34.838,35.151,35.427,35.507,NPgY,Primary,NG FES - Holistic Transition,Total peak demand with ToUT (MW)
BRIDGES ROAD,14.610,15.481,15.481,15.980,16.466,16.995,17.744,18.886,20.174,21.479,22.853,24.393,26.318,28.038,29.770,31.466,33.091,33.901,34.696,35.446,36.157,36.792,37.329,37.784,38.182,38.537,38.658,NPgY,Primary,NG FES - Holistic Transition,Total peak demand with ToUT (MW)
BRIGHOUSE 33/11KV,6.520,6.870,6.870,6.807,6.754,6.712,6.683,6.660,6.642,6.628,6.616,6.607,6.603,6.595,6.588,6.578,6.570,6.553,6.535,6.516,6.496,6.474,6.452,6.429,6.406,6.382,6.357,NPgY,Primary,NG FES - Holistic Transition,Total peak demand with ToUT (MW)
BRODSWORTH,14.993,15.943,15.943,16.357,16.795,17.304,18.033,19.104,20.296,21.517,22.732,23.946,25.469,26.875,28.310,29.723,31.182,31.978,32.737,33.436,34.079,34.636,35.084,35.452,35.766,36.035,36.069,NPgY,Primary,NG FES - Holistic Transition,Total peak demand with ToUT (MW)
BROOKFIELD STREET,8.683,8.683,8.683,8.594,8.519,8.459,8.421,8.387,8.359,8.336,8.317,8.300,8.288,8.277,8.266,8.254,8.242,8.219,8.194,8.169,8.142,8.113,8.084,8.053,8.021,7.987,7.951,NPgY,Primary,NG FES - Holistic Transition,Total peak demand with ToUT (MW)
BTP,13.075,13.075,13.075,12.913,12.762,12.624,12.504,12.388,12.280,12.177,12.080,11.988,11.902,11.818,11.739,11.662,11.588,11.517,11.447,11.379,11.314,11.249,11.185,11.124,11.062,11.000,10.939,NPgY,Primary,NG FES - Holistic Transition,Total peak demand with ToUT (MW)
BURLEY STREET,22.004,27.105,27.105,26.921,26.813,26.754,26.765,26.727,26.631,26.567,26.516,26.471,26.516,26.549,26.584,26.625,26.700,26.691,26.661,26.671,26.687,26.701,26.712,26.713,26.710,26.702,26.666,NPgY,Primary,NG FES - Holistic Transition,Total peak demand with ToUT (MW)
BURMANTOFTS,12.307,13.144,13.144,13.026,12.967,12.935,12.931,12.879,12.770,12.704,12.664,12.659,12.710,12.734,12.763,12.795,12.843,12.822,12.785,12.742,12.700,12.655,12.609,12.554,12.496,12.431,12.396,NPgY,Primary,NG FES - Holistic Transition,Total peak demand with ToUT (MW)
BURNLEYVILLE,12.067,12.067,12.067,12.341,12.659,13.054,13.645,14.442,15.310,16.219,17.095,17.936,19.065,20.089,21.132,22.168,23.275,23.869,24.425,24.935,25.412,25.823,26.157,26.426,26.660,26.857,26.873,NPgY,Primary,NG FES - Holistic Transition,Total peak demand with ToUT (MW)
BURTON PIDSEA,3.592,3.592,3.592,3.652,3.708,3.762,3.848,4.004,4.191,4.377,4.626,4.977,5.335,5.665,5.974,6.248,6.420,6.487,6.557,6.620,6.675,6.726,6.772,6.809,6.835,6.861,6.876,NPgY,Primary,NG FES - Holistic Transition,Total peak demand with ToUT (MW)
BURTON ROAD,14.959,14.959,14.959,15.056,15.143,15.257,15.441,15.669,15.915,16.163,16.405,16.665,17.063,17.343,17.618,17.888,18.170,18.279,18.381,18.477,18.572,18.655,18.726,18.788,18.852,18.910,18.956,NPgY,Primary,NG FES - Holistic Transition,Total peak demand with ToUT (MW)
BUSLINGTHORPE GREEN,10.307,10.557,10.557,10.686,10.846,11.067,11.423,11.877,12.329,12.844,13.321,13.745,14.499,15.149,15.822,16.510,17.288,17.655,17.980,18.320,18.659,18.961,19.211,19.423,19.617,19.786,19.787,NPgY,Primary,NG FES - Holistic Transition,Total peak demand with ToUT (MW)
BUTTERWICK,4.622,4.622,4.622,4.636,4.654,4.681,4.724,4.786,4.857,4.928,5.029,5.182,5.333,5.448,5.527,5.592,5.639,5.656,5.673,5.686,5.696,5.705,5.716,5.724,5.732,5.740,5.751,NPgY,Primary,NG FES - Holistic Transition,Total peak demand with ToUT (MW)
CAISTOR,5.000,5.000,5.000,5.111,5.214,5.324,5.474,5.655,5.845,6.026,6.236,6.508,6.834,7.075,7.296,7.492,7.632,7.673,7.716,7.749,7.777,7.803,7.830,7.854,7.880,7.907,7.941,NPgY,Primary,NG FES - Holistic Transition,Total peak demand with ToUT (MW)
CALDER WHARF,12.963,13.623,13.623,13.792,13.981,14.233,14.597,15.052,15.548,16.047,16.547,17.089,17.900,18.451,18.988,19.498,20.007,20.148,20.258,20.343,20.415,20.462,20.485,20.484,20.486,20.469,20.451,NPgY,Primary,NG FES - Holistic Transition,Total peak demand with ToUT (MW)
CARLTON HILL,12.525,13.377,13.377,13.293,13.272,13.281,13.336,13.353,13.306,13.294,13.292,13.293,13.391,13.475,13.566,13.668,13.807,13.850,13.868,13.919,13.975,14.027,14.071,14.106,14.135,14.157,14.150,NPgY,Primary,NG FES - Holistic Transition,Total peak demand with ToUT (MW)
CARR LANE,13.144,14.144,14.144,14.349,14.579,14.849,15.276,15.819,16.346,16.913,17.450,17.950,18.678,19.369,20.095,20.829,21.635,22.088,22.521,22.936,23.335,23.686,23.972,24.220,24.447,24.656,24.705,NPgY,Primary,NG FES - Holistic Transition,Total peak demand with ToUT (MW)
CHELKER RESERVOIR,3.758,3.758,3.758,3.742,3.733,3.738,3.764,3.787,3.823,3.862,3.903,3.948,3.998,4.035,4.073,4.106,4.135,4.150,4.163,4.168,4.171,4.173,4.176,4.174,4.170,4.165,4.158,NPgY,Primary,NG FES - Holistic Transition,Total peak demand with ToUT (MW)
CHEVIN END,8.338,8.338,8.338,8.457,8.625,8.816,9.133,9.534,9.907,10.300,10.662,10.986,11.518,12.024,12.560,13.107,13.722,14.038,14.344,14.643,14.934,15.188,15.390,15.564,15.723,15.868,15.872,NPgY,Primary,NG FES - Holistic Transition,Total peak demand with ToUT (MW)
CLARENCE ROAD,13.013,13.428,13.428,13.314,13.258,13.233,13.245,13.194,13.080,12.994,12.925,12.873,12.878,12.872,12.866,12.865,12.886,12.863,12.821,12.812,12.808,12.805,12.804,12.800,12.793,12.783,12.775,NPgY,Primary,NG FES - Holistic Transition,Total peak demand with ToUT (MW)
CLARENDON ROAD,10.612,10.612,10.612,10.619,10.670,10.771,10.942,11.031,11.042,11.083,11.163,11.309,11.624,11.812,11.986,12.158,12.354,12.358,12.326,12.331,12.332,12.325,12.308,12.281,12.252,12.209,12.233,NPgY,Primary,NG FES - Holistic Transition,Total peak demand with ToUT (MW)
CLARENDON STREET,13.020,13.020,13.020,12.916,12.877,12.870,12.899,12.890,12.820,12.809,12.818,12.857,12.975,13.054,13.141,13.229,13.336,13.348,13.334,13.308,13.281,13.251,13.217,13.173,13.122,13.065,13.028,NPgY,Primary,NG FES - Holistic Transition,Total peak demand with ToUT (MW)
CLAYWHEELS LANE,19.431,19.431,19.431,19.797,20.152,20.549,21.211,22.272,23.444,24.647,25.921,27.349,29.183,30.887,32.673,34.394,35.944,36.651,37.328,37.958,38.541,39.049,39.459,39.788,40.049,40.275,40.267,NPgY,Primary,NG FES - Holistic Transition,Total peak demand with ToUT (MW)
CLOUGH LANE,2.437,2.917,2.917,2.952,2.990,3.033,3.086,3.147,3.209,3.271,3.335,3.403,3.478,3.543,3.605,3.663,3.715,3.749,3.782,3.812,3.841,3.868,3.893,3.917,3.941,3.964,3.987,NPgY,Primary,NG FES - Holistic Transition,Total peak demand with ToUT (MW)
COMMONSIDE LANE,16.290,16.290,16.290,16.456,16.646,16.876,17.209,17.583,17.953,18.322,18.697,19.103,19.650,20.075,20.513,20.925,21.320,21.510,21.682,21.839,21.986,22.115,22.227,22.324,22.422,22.511,22.594,NPgY,Primary,NG FES - Holistic Transition,Total peak demand with ToUT (MW)
CONVAMORE ROAD,7.858,7.858,7.858,7.928,8.002,8.104,8.282,8.633,9.058,9.495,9.906,10.292,10.866,11.383,11.926,12.483,13.109,13.424,13.720,13.995,14.256,14.481,14.657,14.795,14.910,14.999,14.952,NPgY,Primary,NG FES - Holistic Transition,Total peak demand with ToUT (MW)
CONYARD ROAD,7.495,7.495,7.495,7.629,7.758,7.923,8.182,8.688,9.314,9.962,10.574,11.151,12.001,12.765,13.572,14.401,15.325,15.800,16.247,16.666,17.067,17.419,17.703,17.931,18.124,18.278,18.228,NPgY,Primary,NG FES - Holistic Transition,Total peak demand with ToUT (MW)
CORNWALL STREET,15.708,15.708,15.708,15.764,15.910,16.145,16.500,17.004,17.569,18.186,18.787,19.333,19.946,20.550,21.154,21.722,22.297,22.651,22.954,23.210,23.431,23.611,23.744,23.835,23.897,23.936,23.875,NPgY,Primary,NG FES - Holistic Transition,Total peak demand with ToUT (MW)
CORRINGHAM ROAD,12.878,12.878,12.878,13.112,13.387,13.688,14.124,14.663,15.166,15.716,16.315,16.993,17.796,18.578,19.351,20.095,20.774,21.164,21.541,21.888,22.219,22.516,22.769,22.993,23.192,23.385,23.456,NPgY,Primary,NG FES - Holistic Transition,Total peak demand with ToUT (MW)
COSTHORPE,6.933,6.933,6.933,7.192,7.455,7.690,8.052,8.518,8.949,9.401,10.022,10.906,11.781,12.639,13.473,14.122,14.295,14.315,14.348,14.379,14.408,14.435,14.457,14.475,14.469,14.485,14.506,NPgY,Primary,NG FES - Holistic Transition,Total peak demand with ToUT (MW)
COUNTY ROAD NORTH,16.230,16.230,16.230,16.427,16.644,16.897,17.337,18.160,19.099,20.124,21.118,22.079,23.445,24.805,26.255,27.763,29.441,30.354,31.251,32.106,32.927,33.651,34.241,34.736,35.159,35.522,35.515,NPgY,Primary,NG FES - Holistic Transition,Total peak demand with ToUT (MW)
CRACOE,5.872,5.872,5.872,6.164,6.468,6.897,7.534,8.168,8.945,9.783,10.782,12.025,13.176,14.265,15.266,16.158,16.824,17.262,17.689,17.993,18.227,18.448,18.704,18.887,19.013,19.134,19.247,NPgY,Primary,NG FES - Holistic Transition,Total peak demand with ToUT (MW)
CROOKESMOOR ROAD,16.122,16.122,16.122,16.724,17.369,18.117,19.149,20.587,22.156,23.789,25.251,26.469,28.582,30.384,32.348,34.350,36.591,37.745,38.814,39.863,40.916,41.881,42.718,43.443,44.134,44.754,44.763,NPgY,Primary,NG FES - Holistic Transition,Total peak demand with ToUT (MW)
CROSSHILLS,12.204,12.204,12.204,12.545,12.901,13.301,13.915,14.704,15.497,16.316,17.160,18.085,19.341,20.419,21.581,22.704,23.776,24.267,24.741,25.179,25.558,25.889,26.157,26.385,26.584,26.771,26.827,NPgY,Primary,NG FES - Holistic Transition,Total peak demand with ToUT (MW)
CROWLE,5.435,5.435,5.435,5.638,5.831,6.007,6.255,6.609,6.979,7.351,7.885,8.688,9.470,10.173,10.778,11.296,11.543,11.596,11.661,11.718,11.756,11.798,11.846,11.889,11.910,11.947,11.999,NPgY,Primary,NG FES - Holistic Transition,Total peak demand with ToUT (MW)
CROWN STREET,4.565,4.805,4.805,4.783,4.788,4.808,4.850,4.894,4.930,4.973,5.015,5.051,5.116,5.178,5.247,5.316,5.394,5.435,5.467,5.494,5.521,5.544,5.562,5.575,5.585,5.591,5.584,NPgY,Primary,NG FES - Holistic Transition,Total peak demand with ToUT (MW)
DALTON,14.343,14.343,14.343,14.612,14.883,15.226,15.754,16.593,17.574,18.605,19.607,20.605,22.059,23.321,24.638,25.981,27.456,28.184,28.872,29.510,30.117,30.647,31.081,31.428,31.727,31.966,31.963,NPgY,Primary,NG FES - Holistic Transition,Total peak demand with ToUT (MW)
DARNALL,13.618,13.618,13.618,13.870,14.157,14.505,15.062,15.786,16.497,17.251,17.981,18.688,19.740,20.724,21.779,22.853,24.044,24.679,25.275,25.841,26.384,26.858,27.242,27.566,27.852,28.104,28.150,NPgY,Primary,NG FES - Holistic Transition,Total peak demand with ToUT (MW)
DEARNE ROAD,10.720,11.345,11.345,11.440,11.535,11.654,11.876,12.133,12.359,12.634,12.895,13.139,13.494,13.837,14.179,14.523,14.896,15.107,15.310,15.507,15.696,15.860,15.992,16.109,16.217,16.322,16.349,NPgY,Primary,NG FES - Holistic Transition,Total peak demand with ToUT (MW)
DEIGHTON,17.540,19.950,19.950,19.948,19.994,20.084,20.268,20.610,21.003,21.424,21.829,22.213,22.758,23.263,23.792,24.326,24.913,25.204,25.475,25.723,25.953,26.146,26.292,26.401,26.484,26.543,26.486,NPgY,Primary,NG FES - Holistic Transition,Total peak demand with ToUT (MW)
DENBY DALE ROAD,9.486,9.882,9.882,9.955,10.068,10.214,10.418,10.644,10.863,11.108,11.354,11.589,11.868,12.141,12.421,12.691,12.969,13.158,13.330,13.486,13.634,13.767,13.884,13.987,14.081,14.168,14.217,NPgY,Primary,NG FES - Holistic Transition,Total peak demand with ToUT (MW)
DENBY GRANGE,3.095,3.095,3.095,3.181,3.266,3.354,3.484,3.676,3.881,4.092,4.336,4.635,4.982,5.311,5.649,5.959,6.189,6.290,6.391,6.486,6.570,6.646,6.708,6.761,6.801,6.840,6.850,NPgY,Primary,NG FES - Holistic Transition,Total peak demand with ToUT (MW)
DENHOLME,4.000,4.000,4.000,4.123,4.262,4.386,4.593,4.859,5.096,5.333,5.616,5.979,6.385,6.796,7.216,7.590,7.830,7.910,7.994,8.065,8.101,8.131,8.154,8.170,8.171,8.183,8.182,NPgY,Primary,NG FES - Holistic Transition,Total peak demand with ToUT (MW)
DINNINGTON,17.260,17.778,17.778,18.174,18.578,19.032,19.694,20.614,21.600,22.645,23.687,24.747,26.138,27.402,28.689,29.943,31.171,31.802,32.417,32.999,33.547,34.030,34.427,34.763,35.061,35.326,35.391,NPgY,Primary,NG FES - Holistic Transition,Total peak demand with ToUT (MW)
DOUGHTY ROAD,20.050,20.479,20.479,20.532,20.619,20.765,21.062,21.639,22.328,23.058,23.752,24.404,25.365,26.276,27.244,28.243,29.372,29.967,30.526,31.042,31.537,31.965,32.308,32.578,32.799,32.976,32.894,NPgY,Primary,NG FES - Holistic Transition,Total peak demand with ToUT (MW)
DOWKER STREET,9.218,9.218,9.218,9.278,9.388,9.518,9.723,10.048,10.383,10.752,11.104,11.434,11.919,12.386,12.877,13.380,13.938,14.234,14.510,14.768,15.013,15.224,15.391,15.525,15.635,15.724,15.695,NPgY,Primary,NG FES - Holistic Transition,Total peak demand with ToUT (MW)
DRAX PRIMARY,3.980,4.940,4.940,5.020,5.096,5.180,5.295,5.444,5.608,5.763,5.953,6.212,6.506,6.718,6.892,7.043,7.144,7.161,7.178,7.192,7.203,7.213,7.224,7.233,7.247,7.263,7.285,NPgY,Primary,NG FES - Holistic Transition,Total peak demand with ToUT (MW)
DRIFFIELD,18.247,18.415,18.415,18.736,19.059,19.443,20.008,20.654,21.306,21.962,22.682,23.564,24.724,25.560,26.308,26.994,27.587,27.745,27.883,27.998,28.093,28.169,28.227,28.267,28.376,28.479,28.595,NPgY,Primary,NG FES - Holistic Transition,Total peak demand with ToUT (MW)
DRONFIELD,11.245,12.120,12.120,12.339,12.545,12.784,13.136,13.766,14.534,15.307,16.060,16.818,17.856,18.786,19.763,20.765,21.862,22.437,22.999,23.528,24.032,24.479,24.853,25.165,25.438,25.669,25.710,NPgY,Primary,NG FES - Holistic Transition,Total peak demand with ToUT (MW)
DUDLEY HILL,14.322,15.979,15.979,16.043,16.174,16.367,16.682,17.137,17.635,18.156,18.662,19.135,19.765,20.344,20.944,21.531,22.159,22.492,22.788,23.054,23.296,23.497,23.648,23.759,23.848,23.914,23.868,NPgY,Primary,NG FES - Holistic Transition,Total peak demand with ToUT (MW)
DUNKESWICK,5.745,5.745,5.745,5.896,6.051,6.262,6.582,6.934,7.353,7.800,8.392,9.219,10.016,10.727,11.346,11.880,12.208,12.377,12.550,12.680,12.784,12.885,13.001,13.085,13.146,13.210,13.265,NPgY,Primary,NG FES - Holistic Transition,Total peak demand with ToUT (MW)
DURKAR LOW LANE,15.983,17.093,17.093,17.504,17.915,18.380,19.103,20.118,21.180,22.285,23.380,24.499,26.061,27.481,28.968,30.451,31.980,32.754,33.505,34.219,34.900,35.497,35.982,36.396,36.763,37.092,37.164,NPgY,Primary,NG FES - Holistic Transition,Total peak demand with ToUT (MW)
EASINGTON,5.476,5.926,5.926,5.945,5.965,5.983,6.019,6.076,6.141,6.208,6.297,6.423,6.551,6.671,6.786,6.886,6.939,6.960,6.982,7.003,7.016,7.030,7.047,7.061,7.072,7.085,7.100,NPgY,Primary,NG FES - Holistic Transition,Total peak demand with ToUT (MW)
EASTFIELD ROAD,4.962,6.462,6.462,6.786,7.180,7.654,8.269,9.022,9.819,10.635,11.470,12.314,13.198,14.019,14.802,15.509,16.139,16.527,16.873,17.166,17.412,17.614,17.769,17.890,17.989,18.074,18.098,NPgY,Primary,NG FES - Holistic Transition,Total peak demand with ToUT (MW)
ECCLESFIELD,11.921,11.921,11.921,12.125,12.335,12.585,12.989,13.650,14.392,15.145,15.872,16.586,17.579,18.505,19.487,20.490,21.596,22.182,22.748,23.282,23.786,24.224,24.575,24.865,25.113,25.325,25.333,NPgY,Primary,NG FES - Holistic Transition,Total peak demand with ToUT (MW)
EDLINGTON,14.366,14.691,14.691,15.016,15.341,15.712,16.296,17.100,17.928,18.795,19.660,20.543,21.709,22.802,23.932,25.042,26.157,26.741,27.305,27.838,28.340,28.775,29.125,29.421,29.679,29.913,29.960,NPgY,Primary,NG FES - Holistic Transition,Total peak demand with ToUT (MW)
EGGBOROUGH,6.765,6.765,6.765,6.909,7.073,7.260,7.510,7.812,8.124,8.443,8.825,9.301,9.770,10.199,10.605,10.954,11.160,11.262,11.358,11.440,11.503,11.561,11.613,11.659,11.694,11.735,11.780,NPgY,Primary,NG FES - Holistic Transition,Total peak demand with ToUT (MW)
ELGAR ROAD,15.279,15.704,15.704,15.949,16.198,16.493,16.989,17.753,18.573,19.460,20.315,21.149,22.365,23.505,24.698,25.926,27.295,28.013,28.708,29.368,30.002,30.556,31.006,31.385,31.739,32.048,32.102,NPgY,Primary,NG FES - Holistic Transition,Total peak demand with ToUT (MW)
ELLAND 33/11KV,13.970,14.120,14.120,14.071,14.082,14.121,14.216,14.337,14.438,14.572,14.713,14.875,15.135,15.337,15.535,15.729,15.939,16.001,16.046,16.084,16.115,16.134,16.138,16.129,16.113,16.087,16.057,NPgY,Primary,NG FES - Holistic Transition,Total peak demand with ToUT (MW)
ELLIFOOT LANE,0.500,0.500,0.500,0.514,0.528,0.552,0.587,0.616,0.655,0.698,0.744,0.792,0.839,0.884,0.929,0.970,1.012,1.047,1.081,1.109,1.134,1.160,1.187,1.209,1.230,1.249,1.266,NPgY,Primary,NG FES - Holistic Transition,Total peak demand with ToUT (MW)
ELLIN STREET 1/3,17.503,17.503,17.503,17.477,17.490,17.556,17.724,17.865,17.939,18.045,18.154,18.258,18.569,18.817,19.131,19.458,19.846,20.015,20.143,20.268,20.397,20.511,20.602,20.675,20.740,20.791,20.798,NPgY,Primary,NG FES - Holistic Transition,Total peak demand with ToUT (MW)
ELLIN STREET 2,6.937,6.937,6.937,6.913,6.898,6.904,6.946,7.012,7.080,7.162,7.238,7.307,7.458,7.584,7.730,7.880,8.058,8.135,8.198,8.257,8.316,8.367,8.406,8.434,8.456,8.470,8.452,NPgY,Primary,NG FES - Holistic Transition,Total peak demand with ToUT (MW)
ELMHIRST LANE 1,1.638,1.638,1.638,1.701,1.765,1.834,1.926,2.029,2.130,2.236,2.344,2.466,2.644,2.773,2.897,3.015,3.117,3.144,3.171,3.194,3.217,3.236,3.253,3.266,3.281,3.295,3.299,NPgY,Primary,NG FES - Holistic Transition,Total peak demand with ToUT (MW)
ELMHIRST LANE 2,6.730,6.730,6.730,6.955,7.178,7.441,7.827,8.319,8.859,9.425,10.022,10.676,11.438,12.138,12.826,13.475,14.056,14.365,14.662,14.924,15.158,15.365,15.551,15.702,15.831,15.949,16.005,NPgY,Primary,NG FES - Holistic Transition,Total peak demand with ToUT (MW)
ELSECAR,9.232,9.382,9.382,9.648,9.889,10.161,10.598,11.189,11.788,12.437,13.050,13.635,14.507,15.296,16.099,16.916,17.812,18.269,18.713,19.139,19.549,19.906,20.193,20.439,20.662,20.863,20.898,NPgY,Primary,NG FES - Holistic Transition,Total peak demand with ToUT (MW)
ENDIKE LANE,13.109,13.109,13.109,13.239,13.378,13.561,13.896,14.412,14.958,15.580,16.196,16.820,17.714,18.567,19.461,20.384,21.412,21.961,22.483,22.975,23.446,23.858,24.191,24.469,24.720,24.936,24.969,NPgY,Primary,NG FES - Holistic Transition,Total peak demand with ToUT (MW)
EPWORTH,5.080,5.080,5.080,5.339,5.599,5.867,6.238,6.720,7.220,7.724,8.347,9.165,9.987,10.749,11.471,12.094,12.419,12.525,12.630,12.717,12.778,12.833,12.886,12.928,12.949,12.984,13.030,NPgY,Primary,NG FES - Holistic Transition,Total peak demand with ToUT (MW)
FARNLEY CRESCENT,12.047,12.047,12.047,12.175,12.346,12.571,12.949,13.453,13.935,14.483,15.015,15.532,16.366,17.139,17.944,18.775,19.720,20.187,20.615,21.049,21.471,21.840,22.137,22.383,22.595,22.776,22.795,NPgY,Primary,NG FES - Holistic Transition,Total peak demand with ToUT (MW)
FENTON LANE,9.691,9.691,9.691,9.790,9.885,9.992,10.144,10.315,10.490,10.662,10.850,11.080,11.382,11.602,11.839,12.053,12.223,12.292,12.359,12.425,12.488,12.548,12.608,12.665,12.724,12.783,12.853,NPgY,Primary,NG FES - Holistic Transition,Total peak demand with ToUT (MW)
FERRYBRIDGE A 11KV,19.468,19.718,19.718,20.081,20.476,20.936,21.589,22.297,22.967,23.634,24.308,25.053,26.177,26.975,27.810,28.610,29.400,29.698,29.965,30.212,30.446,30.647,30.811,30.952,31.098,31.230,31.360,NPgY,Primary,NG FES - Holistic Transition,Total peak demand with ToUT (MW)
FIR TREE LANE,14.750,15.700,15.700,15.802,15.902,16.071,16.356,16.702,17.065,17.451,17.857,18.346,19.165,19.697,20.228,20.745,21.287,21.399,21.472,21.534,21.587,21.619,21.628,21.610,21.597,21.559,21.547,NPgY,Primary,NG FES - Holistic Transition,Total peak demand with ToUT (MW)
FIRST AVENUE,17.889,17.889,17.889,17.818,17.787,17.787,17.880,18.129,18.405,18.745,19.081,19.409,19.890,20.406,20.969,21.563,22.250,22.624,22.982,23.316,23.634,23.908,24.125,24.298,24.432,24.539,24.499,NPgY,Primary,NG FES - Holistic Transition,Total peak demand with ToUT (MW)
FIRTH BROWN,5.746,5.746,5.746,5.885,6.029,6.172,6.351,6.580,6.820,7.058,7.347,7.726,8.126,8.485,8.837,9.147,9.324,9.392,9.462,9.527,9.579,9.631,9.683,9.729,9.767,9.808,9.854,NPgY,Primary,NG FES - Holistic Transition,Total peak demand with ToUT (MW)
FISH DAM LANE,10.139,10.769,10.769,10.825,10.904,11.007,11.158,11.356,11.564,11.788,12.010,12.229,12.482,12.729,12.978,13.223,13.475,13.638,13.794,13.936,14.069,14.187,14.287,14.374,14.451,14.522,14.556,NPgY,Primary,NG FES - Holistic Transition,Total peak demand with ToUT (MW)
FLIXBOROUGH,15.946,15.946,15.946,16.224,16.555,16.933,17.393,17.930,18.499,19.069,19.667,20.306,20.960,21.549,22.114,22.620,23.036,23.329,23.599,23.841,24.059,24.258,24.444,24.614,24.772,24.925,25.074,NPgY,Primary,NG FES - Holistic Transition,Total peak demand with ToUT (MW)
FOLLY HALL,10.562,11.162,11.162,11.162,11.188,11.238,11.351,11.553,11.776,12.031,12.282,12.533,12.907,13.265,13.644,14.034,14.453,14.660,14.853,15.030,15.198,15.346,15.465,15.559,15.633,15.693,15.666,NPgY,Primary,NG FES - Holistic Transition,Total peak demand with ToUT (MW)
FOUR LANE ENDS,12.390,12.390,12.390,12.334,12.324,12.335,12.404,12.593,12.809,13.051,13.279,13.484,13.810,14.149,14.524,14.919,15.379,15.622,15.849,16.062,16.265,16.439,16.574,16.677,16.756,16.815,16.758,NPgY,Primary,NG FES - Holistic Transition,Total peak demand with ToUT (MW)
FOXHILLS,15.203,15.203,15.203,15.408,15.657,15.954,16.307,16.698,17.114,17.536,17.964,18.384,18.798,19.183,19.551,19.888,20.194,20.452,20.690,20.906,21.104,21.287,21.460,21.621,21.776,21.924,22.070,NPgY,Primary,NG FES - Holistic Transition,Total peak demand with ToUT (MW)
FULLERTON ROAD,10.886,10.886,10.886,10.932,10.999,11.083,11.213,11.445,11.711,11.998,12.280,12.553,12.905,13.257,13.628,14.009,14.428,14.678,14.919,15.145,15.361,15.554,15.716,15.855,15.975,16.078,16.105,NPgY,Primary,NG FES - Holistic Transition,Total peak demand with ToUT (MW)
FURNESS AVENUE,11.036,11.036,11.036,11.228,11.447,11.713,12.140,12.783,13.490,14.255,14.992,15.714,16.763,17.705,18.657,19.628,20.703,21.239,21.750,22.249,22.725,23.142,23.478,23.757,24.000,24.207,24.227,NPgY,Primary,NG FES - Holistic Transition,Total peak demand with ToUT (MW)
GAISBY LANE,13.041,13.041,13.041,13.065,13.188,13.375,13.654,13.900,14.077,14.282,14.530,14.861,15.413,15.792,16.195,16.594,17.026,17.156,17.234,17.285,17.323,17.344,17.342,17.317,17.283,17.226,17.240,NPgY,Primary,NG FES - Holistic Transition,Total peak demand with ToUT (MW)
GIBRALTAR ROAD,16.590,16.590,16.590,16.853,17.194,17.608,18.237,19.188,20.241,21.386,22.516,23.635,25.141,26.546,27.978,29.409,30.926,31.720,32.458,33.144,33.768,34.311,34.755,35.106,35.392,35.626,35.598,NPgY,Primary,NG FES - Holistic Transition,Total peak demand with ToUT (MW)
GIBSON LANE,16.992,20.754,20.754,21.111,21.497,21.952,22.650,23.492,24.306,25.175,26.012,26.812,27.914,28.915,29.902,30.870,31.875,32.398,32.897,33.369,33.812,34.191,34.489,34.744,35.021,35.279,35.374,NPgY,Primary,NG FES - Holistic Transition,Total peak demand with ToUT (MW)
GILDERSOME,12.045,12.045,12.045,12.128,12.249,12.414,12.704,13.115,13.540,13.991,14.426,14.830,15.388,15.933,16.486,17.042,17.649,17.971,18.275,18.571,18.848,19.083,19.265,19.412,19.535,19.639,19.623,NPgY,Primary,NG FES - Holistic Transition,Total peak demand with ToUT (MW)
GLEADLESS VALLEY,8.821,8.821,8.821,8.981,9.147,9.344,9.646,10.181,10.806,11.458,12.081,12.683,13.592,14.401,15.265,16.160,17.161,17.668,18.155,18.618,19.067,19.466,19.798,20.075,20.317,20.523,20.528,NPgY,Primary,NG FES - Holistic Transition,Total peak demand with ToUT (MW)
GOOLE,14.441,14.441,14.441,14.795,15.189,15.660,16.333,17.278,18.313,19.391,20.474,21.572,22.935,24.184,25.425,26.630,27.849,28.514,29.138,29.708,30.230,30.683,31.053,31.356,31.640,31.889,31.937,NPgY,Primary,NG FES - Holistic Transition,Total peak demand with ToUT (MW)
GRAINTHORPE,4.158,4.158,4.158,4.379,4.610,4.929,5.391,5.859,6.439,7.064,7.848,8.877,9.841,10.712,11.457,12.124,12.642,13.033,13.423,13.739,14.040,14.335,14.660,14.933,15.172,15.409,15.629,NPgY,Primary,NG FES - Holistic Transition,Total peak demand with ToUT (MW)
GREAT COATES,13.973,13.973,13.973,14.080,14.183,14.320,14.559,14.900,15.286,15.647,16.043,16.540,17.240,17.737,18.222,18.669,19.034,19.084,19.121,19.145,19.158,19.160,19.147,19.118,19.091,19.056,19.030,NPgY,Primary,NG FES - Holistic Transition,Total peak demand with ToUT (MW)
GREENHILL,5.944,5.944,5.944,6.064,6.181,6.316,6.515,6.910,7.400,7.898,8.376,8.844,9.507,10.115,10.762,11.430,12.174,12.564,12.947,13.310,13.658,13.968,14.225,14.439,14.625,14.781,14.781,NPgY,Primary,NG FES - Holistic Transition,Total peak demand with ToUT (MW)
GREYFRIARS RD,7.742,8.018,8.018,8.024,8.043,8.074,8.136,8.238,8.350,8.475,8.599,8.718,8.881,9.046,9.224,9.406,9.606,9.727,9.843,9.951,10.055,10.149,10.229,10.297,10.355,10.407,10.419,NPgY,Primary,NG FES - Holistic Transition,Total peak demand with ToUT (MW)
GREYFRIARS ROAD 3/4,7.303,7.303,7.303,7.315,7.340,7.376,7.443,7.548,7.660,7.786,7.912,8.042,8.217,8.388,8.570,8.755,8.956,9.070,9.180,9.283,9.381,9.469,9.544,9.607,9.661,9.710,9.725,NPgY,Primary,NG FES - Holistic Transition,Total peak demand with ToUT (MW)
GRIMETHORPE,8.800,8.800,8.800,9.035,9.276,9.518,9.883,10.374,10.863,11.377,11.902,12.455,13.149,13.806,14.471,15.093,15.640,15.907,16.167,16.412,16.638,16.834,16.992,17.126,17.238,17.343,17.370,NPgY,Primary,NG FES - Holistic Transition,Total peak demand with ToUT (MW)
GROVE STREET,8.982,8.982,8.982,8.922,8.884,8.862,8.872,8.899,8.924,8.966,9.008,9.050,9.134,9.214,9.300,9.390,9.488,9.527,9.559,9.585,9.608,9.627,9.640,9.644,9.643,9.637,9.608,NPgY,Primary,NG FES - Holistic Transition,Total peak demand with ToUT (MW)
GUARDIAN GLASS,5.934,9.534,9.534,9.546,9.561,9.576,9.607,9.661,9.721,9.784,9.880,10.030,10.168,10.299,10.412,10.510,10.563,10.590,10.618,10.644,10.662,10.682,10.704,10.723,10.739,10.756,10.776,NPgY,Primary,NG FES - Holistic Transition,Total peak demand with ToUT (MW)
HACKENTHORPE,11.170,11.920,11.920,12.082,12.246,12.438,12.749,13.322,13.991,14.667,15.304,15.916,16.824,17.648,18.530,19.440,20.456,20.966,21.462,21.933,22.385,22.782,23.103,23.368,23.595,23.784,23.789,NPgY,Primary,NG FES - Holistic Transition,Total peak demand with ToUT (MW)
HALIFAX 33/11KV,18.152,18.152,18.152,18.118,18.180,18.290,18.500,18.803,19.094,19.466,19.822,20.154,20.694,21.204,21.728,22.270,22.893,23.209,23.491,23.768,24.039,24.275,24.469,24.622,24.749,24.850,24.829,NPgY,Primary,NG FES - Holistic Transition,Total peak demand with ToUT (MW)
HALLAM STREET,9.720,11.095,11.095,11.179,11.276,11.400,11.635,11.956,12.274,12.608,12.925,13.222,13.699,14.137,14.584,15.041,15.553,15.798,16.031,16.279,16.518,16.726,16.889,17.027,17.151,17.261,17.261,NPgY,Primary,NG FES - Holistic Transition,Total peak demand with ToUT (MW)
HARDEN,3.470,3.470,3.470,3.589,3.720,3.866,4.094,4.354,4.612,4.892,5.242,5.705,6.164,6.638,7.116,7.533,7.771,7.873,7.979,8.058,8.103,8.143,8.187,8.216,8.225,8.241,8.251,NPgY,Primary,NG FES - Holistic Transition,Total peak demand with ToUT (MW)
HARPSWELL,6.759,6.759,6.759,6.956,7.159,7.436,7.836,8.242,8.739,9.272,9.884,10.619,11.348,12.025,12.666,13.261,13.755,14.113,14.468,14.757,15.025,15.284,15.566,15.803,16.013,16.217,16.407,NPgY,Primary,NG FES - Holistic Transition,Total peak demand with ToUT (MW)
HARWORTH,13.274,16.274,16.274,16.576,16.887,17.172,17.644,18.197,18.663,19.164,19.825,20.730,21.650,22.587,23.506,24.252,24.514,24.562,24.625,24.686,24.740,24.787,24.828,24.866,24.879,24.924,24.963,NPgY,Primary,NG FES - Holistic Transition,Total peak demand with ToUT (MW)
HAWORTH 1,6.120,6.120,6.120,6.192,6.270,6.365,6.516,6.730,6.973,7.190,7.410,7.663,8.023,8.280,8.538,8.783,9.012,9.068,9.118,9.157,9.177,9.190,9.195,9.192,9.189,9.183,9.172,NPgY,Primary,NG FES - Holistic Transition,Total peak demand with ToUT (MW)
HAWORTH 2,2.339,2.339,2.339,2.402,2.471,2.545,2.663,2.835,3.016,3.202,3.389,3.580,3.845,4.092,4.346,4.600,4.858,4.979,5.099,5.210,5.307,5.390,5.456,5.511,5.556,5.596,5.586,NPgY,Primary,NG FES - Holistic Transition,Total peak demand with ToUT (MW)
HAXEY,6.260,6.260,6.260,6.541,6.818,7.145,7.616,8.153,8.767,9.417,10.216,11.258,12.280,13.271,14.243,15.115,15.664,15.988,16.320,16.595,16.844,17.091,17.364,17.596,17.790,17.991,18.196,NPgY,Primary,NG FES - Holistic Transition,Total peak demand with ToUT (MW)
HAYTON,15.053,15.765,15.765,16.108,16.487,16.860,17.476,18.134,18.643,19.224,20.027,21.170,22.272,23.411,24.420,25.292,25.709,25.855,26.016,26.169,26.297,26.412,26.514,26.612,26.714,26.859,26.967,NPgY,Primary,NG FES - Holistic Transition,Total peak demand with ToUT (MW)
HAZLEHEAD,4.391,4.991,4.991,5.009,5.039,5.082,5.147,5.227,5.312,5.401,5.492,5.586,5.688,5.778,5.862,5.936,6.002,6.039,6.070,6.095,6.115,6.130,6.140,6.147,6.153,6.157,6.159,NPgY,Primary,NG FES - Holistic Transition,Total peak demand with ToUT (MW)
HEBDEN BRIDGE,3.132,3.132,3.132,3.244,3.343,3.430,3.570,3.808,4.068,4.336,4.653,5.061,5.511,5.935,6.344,6.722,7.021,7.121,7.224,7.303,7.316,7.328,7.336,7.335,7.315,7.300,7.279,NPgY,Primary,NG FES - Holistic Transition,Total peak demand with ToUT (MW)
HEDLEY CHASE,6.660,8.810,8.810,8.786,8.802,8.839,8.911,8.979,9.014,9.077,9.141,9.199,9.317,9.436,9.561,9.691,9.846,9.923,9.984,10.053,10.121,10.182,10.232,10.271,10.303,10.329,10.325,NPgY,Primary,NG FES - Holistic Transition,Total peak demand with ToUT (MW)
HEDON ROAD,12.552,12.552,12.552,12.404,12.273,12.162,12.073,11.997,11.928,11.866,11.808,11.757,11.709,11.663,11.618,11.572,11.527,11.475,11.422,11.368,11.313,11.258,11.203,11.146,11.091,11.033,10.975,NPgY,Primary,NG FES - Holistic Transition,Total peak demand with ToUT (MW)
HEMSWORTH,7.622,7.622,7.622,8.130,8.642,9.083,9.759,10.548,11.209,11.904,12.744,13.799,14.932,16.072,17.218,18.154,18.573,18.691,18.824,18.946,19.024,19.094,19.154,19.208,19.229,19.286,19.341,NPgY,Primary,NG FES - Holistic Transition,Total peak demand with ToUT (MW)
HESSLE ROAD 1,3.520,4.120,4.120,4.179,4.257,4.345,4.489,4.657,4.796,4.961,5.115,5.253,5.455,5.664,5.877,6.092,6.329,6.464,6.593,6.717,6.837,6.939,7.021,7.091,7.162,7.228,7.240,NPgY,Primary,NG FES - Holistic Transition,Total peak demand with ToUT (MW)
HESSLE ROAD 2,5.644,5.644,5.644,5.686,5.748,5.828,5.946,6.090,6.234,6.390,6.545,6.701,6.899,7.066,7.229,7.384,7.541,7.622,7.694,7.756,7.811,7.857,7.892,7.920,7.948,7.972,7.982,NPgY,Primary,NG FES - Holistic Transition,Total peak demand with ToUT (MW)
HIBALDSTOW,10.060,10.278,10.278,10.704,11.110,11.506,12.069,12.856,13.690,14.525,15.652,17.270,18.882,20.354,21.724,22.891,23.434,23.567,23.714,23.842,23.925,24.010,24.098,24.170,24.200,24.259,24.341,NPgY,Primary,NG FES - Holistic Transition,Total peak demand with ToUT (MW)
HICKLETON,6.494,6.903,6.903,7.065,7.224,7.403,7.687,8.033,8.362,8.722,9.065,9.393,9.866,10.307,10.753,11.203,11.693,11.958,12.215,12.464,12.703,12.912,13.080,13.228,13.365,13.493,13.528,NPgY,Primary,NG FES - Holistic Transition,Total peak demand with ToUT (MW)
HILLCREST,14.041,14.041,14.041,14.120,14.224,14.399,14.704,15.203,15.757,16.391,17.003,17.595,18.571,19.425,20.332,21.272,22.344,22.861,23.324,23.772,24.207,24.591,24.902,25.151,25.361,25.527,25.499,NPgY,Primary,NG FES - Holistic Transition,Total peak demand with ToUT (MW)
HOLBECK,14.565,16.984,16.984,16.967,17.051,17.179,17.391,17.619,17.782,17.997,18.211,18.408,18.760,19.106,19.466,19.838,20.274,20.498,20.682,20.895,21.106,21.293,21.449,21.578,21.689,21.781,21.779,NPgY,Primary,NG FES - Holistic Transition,Total peak demand with ToUT (MW)
HOLDERNESS,13.258,13.410,13.410,13.668,13.914,14.189,14.646,15.446,16.354,17.324,18.368,19.564,21.056,22.460,23.878,25.281,26.656,27.345,28.022,28.661,29.259,29.788,30.221,30.581,30.882,31.144,31.175,NPgY,Primary,NG FES - Holistic Transition,Total peak demand with ToUT (MW)
HOLME UPON SPALDING MOOR,6.652,6.941,6.941,7.048,7.161,7.272,7.450,7.690,7.927,8.179,8.558,9.140,9.679,10.203,10.665,11.063,11.237,11.290,11.351,11.406,11.444,11.484,11.524,11.559,11.583,11.620,11.657,NPgY,Primary,NG FES - Holistic Transition,Total peak demand with ToUT (MW)
HONLEY,11.493,11.493,11.493,11.527,11.577,11.661,11.825,12.074,12.357,12.646,12.930,13.221,13.640,13.976,14.314,14.646,15.000,15.145,15.274,15.385,15.486,15.566,15.621,15.656,15.683,15.696,15.675,NPgY,Primary,NG FES - Holistic Transition,Total peak demand with ToUT (MW)
HOPE,4.893,4.893,4.893,4.914,4.931,4.954,5.008,5.097,5.207,5.311,5.433,5.592,5.782,5.921,6.049,6.157,6.223,6.220,6.217,6.208,6.185,6.162,6.140,6.116,6.091,6.068,6.050,NPgY,Primary,NG FES - Holistic Transition,Total peak demand with ToUT (MW)
HORBURY,10.482,11.717,11.717,11.969,12.215,12.494,12.913,13.574,14.321,15.087,15.836,16.587,17.638,18.581,19.571,20.568,21.619,22.152,22.666,23.151,23.608,24.012,24.344,24.619,24.860,25.068,25.097,NPgY,Primary,NG FES - Holistic Transition,Total peak demand with ToUT (MW)
HOUGHTON MAIN,6.848,6.848,6.848,7.173,7.483,7.763,8.192,8.746,9.270,9.821,10.456,11.218,12.078,12.907,13.729,14.439,14.883,15.050,15.220,15.376,15.501,15.612,15.703,15.778,15.827,15.887,15.914,NPgY,Primary,NG FES - Holistic Transition,Total peak demand with ToUT (MW)
HULL EAST 33/11KV,11.834,11.834,11.834,12.048,12.300,12.583,12.999,13.631,14.312,15.035,15.775,16.538,17.417,18.320,19.240,20.127,20.960,21.437,21.895,22.319,22.709,23.051,23.331,23.563,23.756,23.926,23.967,NPgY,Primary,NG FES - Holistic Transition,Total peak demand with ToUT (MW)
HUMBER ROAD,9.680,9.680,9.680,9.693,9.712,9.737,9.772,9.810,9.851,9.893,9.938,9.985,10.036,10.087,10.141,10.195,10.250,10.307,10.363,10.421,10.479,10.537,10.595,10.653,10.711,10.767,10.823,NPgY,Primary,NG FES - Holistic Transition,Total peak demand with ToUT (MW)
HUNMANBY,7.104,7.104,7.104,7.182,7.259,7.346,7.498,7.685,7.873,8.054,8.265,8.541,8.882,9.145,9.389,9.594,9.710,9.709,9.708,9.724,9.735,9.744,9.750,9.751,9.751,9.754,9.764,NPgY,Primary,NG FES - Holistic Transition,Total peak demand with ToUT (MW)
ICI FIBRES,7.425,8.025,8.025,8.111,8.196,8.301,8.483,8.742,9.011,9.303,9.587,9.865,10.272,10.656,11.066,11.487,11.958,12.215,12.463,12.699,12.928,13.130,13.296,13.439,13.565,13.679,13.700,NPgY,Primary,NG FES - Holistic Transition,Total peak demand with ToUT (MW)
IDLE,11.856,11.856,11.856,12.024,12.241,12.507,12.934,13.565,14.240,14.942,15.601,16.219,17.173,18.044,18.973,19.926,20.991,21.535,22.047,22.532,22.999,23.409,23.740,24.013,24.250,24.450,24.459,NPgY,Primary,NG FES - Holistic Transition,Total peak demand with ToUT (MW)
ILKLEY,12.539,12.539,12.539,12.695,12.889,13.118,13.504,14.064,14.646,15.253,15.876,16.547,17.495,18.356,19.259,20.140,20.975,21.340,21.680,21.999,22.292,22.551,22.762,22.932,23.071,23.195,23.187,NPgY,Primary,NG FES - Holistic Transition,Total peak demand with ToUT (MW)
INGS LANE,5.890,6.330,6.330,6.399,6.479,6.565,6.715,6.920,7.116,7.328,7.583,7.912,8.277,8.625,8.988,9.321,9.579,9.691,9.800,9.893,9.955,10.009,10.054,10.089,10.109,10.133,10.140,NPgY,Primary,NG FES - Holistic Transition,Total peak demand with ToUT (MW)
IVESON HOUSE,12.589,12.589,12.589,12.766,12.963,13.217,13.641,14.247,14.876,15.564,16.223,16.860,17.878,18.789,19.738,20.715,21.813,22.348,22.847,23.350,23.840,24.271,24.623,24.919,25.181,25.406,25.424,NPgY,Primary,NG FES - Holistic Transition,Total peak demand with ToUT (MW)
JARRATT STREET,16.484,16.695,16.695,16.779,16.879,17.029,17.291,17.605,17.907,18.256,18.596,18.918,19.386,19.827,20.295,20.766,21.279,21.575,21.849,22.106,22.353,22.575,22.762,22.923,23.070,23.203,23.247,NPgY,Primary,NG FES - Holistic Transition,Total peak demand with ToUT (MW)
KEDDINGTON ROAD,7.985,7.985,7.985,8.221,8.451,8.702,9.092,9.585,10.070,10.586,11.270,12.248,13.298,14.177,14.861,15.478,15.967,16.163,16.361,16.553,16.733,16.895,17.034,17.157,17.264,17.380,17.432,NPgY,Primary,NG FES - Holistic Transition,Total peak demand with ToUT (MW)
KEIGHLEY,13.203,14.103,14.103,14.069,14.102,14.167,14.309,14.538,14.768,15.034,15.291,15.531,15.907,16.284,16.697,17.124,17.615,17.878,18.119,18.339,18.549,18.731,18.875,18.985,19.072,19.139,19.096,NPgY,Primary,NG FES - Holistic Transition,Total peak demand with ToUT (MW)
KENMORE ROAD,16.977,18.412,18.412,18.513,18.641,18.807,19.048,19.310,19.567,19.833,20.105,20.395,20.794,21.096,21.401,21.690,21.973,22.111,22.234,22.346,22.452,22.545,22.626,22.698,22.773,22.840,22.907,NPgY,Primary,NG FES - Holistic Transition,Total peak demand with ToUT (MW)
KILLINGHALL ROAD,0.796,0.796,0.796,0.794,0.795,0.798,0.805,0.824,0.848,0.874,0.898,0.922,0.958,0.992,1.027,1.064,1.108,1.130,1.150,1.169,1.186,1.201,1.213,1.221,1.228,1.232,1.227,NPgY,Primary,NG FES - Holistic Transition,Total peak demand with ToUT (MW)
KILNHURST,15.048,15.048,15.048,15.531,15.979,16.488,17.257,18.343,19.500,20.746,21.949,23.129,24.798,26.288,27.812,29.347,31.003,31.855,32.677,33.454,34.189,34.832,35.355,35.797,36.193,36.541,36.607,NPgY,Primary,NG FES - Holistic Transition,Total peak demand with ToUT (MW)
KING GEORGE DOCK,8.964,8.964,8.964,8.988,9.061,9.185,9.372,9.613,9.878,10.157,10.441,10.709,10.964,11.210,11.439,11.637,11.808,11.921,12.010,12.075,12.118,12.144,12.152,12.145,12.133,12.113,12.075,NPgY,Primary,NG FES - Holistic Transition,Total peak demand with ToUT (MW)
KIRK DRIVE,10.650,10.650,10.650,10.675,10.757,10.863,11.045,11.358,11.693,12.053,12.398,12.723,13.197,13.668,14.176,14.703,15.296,15.617,15.919,16.202,16.472,16.707,16.895,17.045,17.169,17.269,17.249,NPgY,Primary,NG FES - Holistic Transition,Total peak demand with ToUT (MW)
KIRK SANDALL,9.666,11.616,11.616,11.940,12.352,12.849,13.507,14.349,15.248,16.183,17.107,17.984,18.963,19.910,20.852,21.745,22.628,23.176,23.681,24.130,24.530,24.867,25.136,25.352,25.534,25.688,25.722,NPgY,Primary,NG FES - Holistic Transition,Total peak demand with ToUT (MW)
KIRKBURN,8.670,8.670,8.670,8.746,8.826,8.922,9.065,9.284,9.540,9.798,10.226,10.929,11.557,12.056,12.358,12.604,12.735,12.779,12.827,12.869,12.902,12.938,12.978,13.012,13.040,13.078,13.117,NPgY,Primary,NG FES - Holistic Transition,Total peak demand with ToUT (MW)
KIVETON PARK,8.875,9.365,9.365,9.683,9.975,10.239,10.648,11.254,11.876,12.523,13.323,14.381,15.507,16.596,17.686,18.633,19.145,19.296,19.460,19.609,19.722,19.828,19.920,19.992,20.027,20.076,20.108,NPgY,Primary,NG FES - Holistic Transition,Total peak demand with ToUT (MW)
LEA ROAD,9.145,9.145,9.145,9.358,9.576,9.819,10.191,10.614,11.000,11.420,11.854,12.325,12.958,13.530,14.106,14.670,15.221,15.508,15.787,16.039,16.280,16.492,16.670,16.829,16.976,17.118,17.176,NPgY,Primary,NG FES - Holistic Transition,Total peak demand with ToUT (MW)
LEASOWE ROAD,10.679,11.429,11.429,11.696,12.088,12.595,13.278,14.125,15.005,15.937,16.854,17.702,18.628,19.540,20.431,21.259,22.078,22.604,23.061,23.476,23.838,24.141,24.377,24.562,24.715,24.845,24.840,NPgY,Primary,NG FES - Holistic Transition,Total peak demand with ToUT (MW)
LEDSTON,14.880,14.880,14.880,15.120,15.375,15.662,16.157,16.850,17.551,18.275,19.017,19.799,20.836,21.822,22.819,23.783,24.700,25.131,25.549,25.975,26.373,26.713,26.979,27.199,27.384,27.552,27.555,NPgY,Primary,NG FES - Holistic Transition,Total peak demand with ToUT (MW)
LEEDS ROAD,6.551,6.551,6.551,6.683,6.809,6.948,7.188,7.525,7.900,8.283,8.832,9.659,10.447,11.181,11.831,12.375,12.639,12.715,12.799,12.868,12.904,12.939,12.980,13.003,12.998,13.007,13.018,NPgY,Primary,NG FES - Holistic Transition,Total peak demand with ToUT (MW)
LEGRAMS MILL LANE,9.400,9.400,9.400,9.398,9.442,9.509,9.633,9.880,10.160,10.463,10.750,11.012,11.411,11.796,12.216,12.651,13.147,13.413,13.656,13.881,14.095,14.280,14.427,14.540,14.629,14.697,14.651,NPgY,Primary,NG FES - Holistic Transition,Total peak demand with ToUT (MW)
LEYLANDS ROAD,13.140,14.140,14.140,14.025,13.962,13.930,13.934,13.880,13.775,13.691,13.626,13.578,13.580,13.570,13.559,13.554,13.567,13.542,13.501,13.493,13.491,13.490,13.492,13.490,13.486,13.479,13.473,NPgY,Primary,NG FES - Holistic Transition,Total peak demand with ToUT (MW)
LIVERSEDGE,9.485,10.342,10.342,10.368,10.420,10.492,10.635,10.918,11.241,11.591,11.922,12.229,12.669,13.117,13.597,14.096,14.660,14.971,15.270,15.552,15.821,16.054,16.242,16.394,16.519,16.621,16.599,NPgY,Primary,NG FES - Holistic Transition,Total peak demand with ToUT (MW)
LOUTH,13.495,13.707,13.707,13.946,14.190,14.471,14.898,15.415,15.928,16.480,17.108,17.875,18.785,19.575,20.272,20.930,21.535,21.841,22.136,22.419,22.687,22.929,23.141,23.327,23.498,23.666,23.749,NPgY,Primary,NG FES - Holistic Transition,Total peak demand with ToUT (MW)
LOW MOOR,12.916,12.916,12.916,13.032,13.237,13.511,13.904,14.461,15.077,15.711,16.340,16.940,17.621,18.275,18.931,19.559,20.195,20.572,20.907,21.200,21.453,21.659,21.812,21.921,22.003,22.062,22.016,NPgY,Primary,NG FES - Holistic Transition,Total peak demand with ToUT (MW)
LOWFIELDS,4.546,4.546,4.546,4.498,4.456,4.420,4.392,4.365,4.340,4.319,4.299,4.283,4.271,4.258,4.246,4.234,4.225,4.210,4.195,4.181,4.166,4.151,4.137,4.122,4.106,4.091,4.074,NPgY,Primary,NG FES - Holistic Transition,Total peak demand with ToUT (MW)
LOXLEY ROAD,2.000,2.000,2.000,2.073,2.148,2.267,2.445,2.615,2.829,3.060,3.303,3.563,3.825,4.073,4.320,4.550,4.759,4.907,5.050,5.158,5.257,5.346,5.443,5.515,5.572,5.623,5.657,NPgY,Primary,NG FES - Holistic Transition,Total peak demand with ToUT (MW)
MANCHESTER ROAD,8.810,8.810,8.810,8.739,8.712,8.709,8.738,8.756,8.761,8.776,8.798,8.819,8.882,8.938,9.008,9.081,9.170,9.209,9.238,9.258,9.281,9.300,9.317,9.326,9.329,9.328,9.314,NPgY,Primary,NG FES - Holistic Transition,Total peak demand with ToUT (MW)
MANSFIELD ROAD 1,11.180,11.180,11.180,11.337,11.498,11.700,11.997,12.410,12.875,13.317,13.752,14.224,14.952,15.452,15.958,16.455,16.979,17.142,17.285,17.410,17.525,17.616,17.679,17.719,17.759,17.778,17.773,NPgY,Primary,NG FES - Holistic Transition,Total peak demand with ToUT (MW)
MANSFIELD ROAD 2,11.170,11.170,11.170,11.170,11.170,11.170,11.170,11.170,11.170,11.170,11.170,11.170,11.170,11.170,11.170,11.170,11.170,11.170,11.170,11.170,11.170,11.170,11.170,11.170,11.170,11.170,11.170,NPgY,Primary,NG FES - Holistic Transition,Total peak demand with ToUT (MW)
MARKHAM GATES,12.808,12.808,12.808,13.162,13.476,13.840,14.419,15.256,16.157,17.095,18.019,18.957,20.284,21.483,22.744,24.010,25.342,26.014,26.669,27.293,27.889,28.411,28.835,29.196,29.514,29.795,29.858,NPgY,Primary,NG FES - Holistic Transition,Total peak demand with ToUT (MW)
MARMION ROAD,13.708,13.708,13.708,13.908,14.120,14.399,14.837,15.551,16.365,17.231,18.049,18.819,20.043,21.124,22.295,23.503,24.864,25.551,26.187,26.790,27.376,27.894,28.320,28.670,28.974,29.224,29.208,NPgY,Primary,NG FES - Holistic Transition,Total peak demand with ToUT (MW)
MARSDEN ROAD,15.848,15.848,15.848,15.782,15.753,15.759,15.838,16.007,16.202,16.422,16.626,16.807,17.146,17.443,17.763,18.093,18.477,18.644,18.788,18.920,19.049,19.158,19.240,19.297,19.341,19.369,19.300,NPgY,Primary,NG FES - Holistic Transition,Total peak demand with ToUT (MW)
MARTONGATE,11.523,11.885,11.885,12.169,12.455,12.777,13.277,14.014,14.796,15.631,16.507,17.487,18.787,19.966,21.169,22.338,23.416,23.902,24.370,24.812,25.224,25.589,25.891,26.140,26.370,26.575,26.629,NPgY,Primary,NG FES - Holistic Transition,Total peak demand with ToUT (MW)
MELTHAM,8.139,8.339,8.339,8.549,8.752,8.969,9.288,9.688,10.110,10.517,10.950,11.471,12.159,12.670,13.166,13.608,13.935,13.992,14.046,14.088,14.108,14.120,14.127,14.125,14.126,14.127,14.144,NPgY,Primary,NG FES - Holistic Transition,Total peak demand with ToUT (MW)
MEXBOROUGH 1_2,18.667,18.967,18.967,19.359,19.736,20.172,20.862,21.860,22.921,24.028,25.124,26.234,27.733,29.124,30.571,32.015,33.519,34.315,35.087,35.817,36.510,37.117,37.612,38.032,38.403,38.735,38.792,NPgY,Primary,NG FES - Holistic Transition,Total peak demand with ToUT (MW)
MIDDLETON TOWN STREET,17.750,17.900,17.900,18.011,18.179,18.411,18.830,19.386,19.914,20.507,21.078,21.619,22.477,23.289,24.125,24.982,25.949,26.431,26.872,27.328,27.766,28.147,28.448,28.697,28.912,29.097,29.100,NPgY,Primary,NG FES - Holistic Transition,Total peak demand with ToUT (MW)
MILLHOUSES,6.538,6.538,6.538,6.607,6.677,6.772,6.940,7.223,7.543,7.880,8.201,8.509,8.986,9.417,9.881,10.360,10.899,11.172,11.426,11.668,11.899,12.101,12.263,12.394,12.506,12.599,12.589,NPgY,Primary,NG FES - Holistic Transition,Total peak demand with ToUT (MW)
MILLROYD STREET,11.303,11.649,11.649,11.823,12.024,12.283,12.691,13.316,14.016,14.773,15.498,16.196,17.212,18.117,19.040,19.975,21.008,21.527,22.007,22.469,22.908,23.288,23.594,23.841,24.054,24.228,24.224,NPgY,Primary,NG FES - Holistic Transition,Total peak demand with ToUT (MW)
MILTON PLACE,14.333,14.333,14.333,14.673,15.042,15.474,16.111,16.950,17.818,18.746,19.642,20.511,21.757,22.876,24.036,25.198,26.435,27.081,27.698,28.283,28.844,29.340,29.747,30.095,30.410,30.691,30.753,NPgY,Primary,NG FES - Holistic Transition,Total peak demand with ToUT (MW)
MIRFIELD,15.166,15.166,15.166,15.394,15.639,15.932,16.408,17.160,17.996,18.874,19.713,20.529,21.732,22.811,23.935,25.083,26.352,26.983,27.586,28.154,28.696,29.165,29.540,29.846,30.109,30.328,30.324,NPgY,Primary,NG FES - Holistic Transition,Total peak demand with ToUT (MW)
MONCKTON,9.136,9.432,9.432,9.900,10.348,10.745,11.360,12.175,12.942,13.747,14.643,15.684,16.909,18.105,19.315,20.386,21.120,21.415,21.718,22.006,22.255,22.477,22.659,22.815,22.928,23.053,23.095,NPgY,Primary,NG FES - Holistic Transition,Total peak demand with ToUT (MW)
MOOR ROAD,17.290,17.290,17.290,17.385,17.516,17.734,18.127,18.680,19.243,19.910,20.533,21.099,22.149,23.048,23.995,24.976,26.102,26.619,27.073,27.537,27.998,28.407,28.741,29.014,29.258,29.458,29.429,NPgY,Primary,NG FES - Holistic Transition,Total peak demand with ToUT (MW)
MOORSIDE ROAD,13.366,13.366,13.366,13.587,13.888,14.245,14.823,15.584,16.335,17.116,17.860,18.569,19.690,20.717,21.814,22.939,24.199,24.842,25.448,26.027,26.586,27.072,27.459,27.785,28.073,28.325,28.351,NPgY,Primary,NG FES - Holistic Transition,Total peak demand with ToUT (MW)
MORLEY,11.864,12.029,12.029,12.231,12.478,12.798,13.304,13.928,14.536,15.196,15.822,16.402,17.272,18.066,18.862,19.659,20.531,20.967,21.361,21.762,22.142,22.470,22.731,22.946,23.135,23.299,23.318,NPgY,Primary,NG FES - Holistic Transition,Total peak demand with ToUT (MW)
MOUNT STREET,10.223,10.223,10.223,10.222,10.272,10.368,10.526,10.753,11.008,11.284,11.557,11.813,12.108,12.393,12.680,12.951,13.228,13.391,13.530,13.643,13.740,13.816,13.870,13.903,13.921,13.928,13.884,NPgY,Primary,NG FES - Holistic Transition,Total peak demand with ToUT (MW)
MYTHOLMROYD,6.562,6.562,6.562,6.725,6.880,6.993,7.190,7.549,7.927,8.316,8.828,9.543,10.240,10.967,11.686,12.318,12.713,12.832,12.963,13.048,13.002,12.963,12.934,12.893,12.808,12.742,12.706,NPgY,Primary,NG FES - Holistic Transition,Total peak demand with ToUT (MW)
NAB LANE,9.920,9.920,9.920,9.990,10.111,10.267,10.511,10.866,11.236,11.636,12.024,12.386,12.859,13.326,13.808,14.288,14.810,15.105,15.378,15.630,15.864,16.062,16.217,16.341,16.443,16.527,16.510,NPgY,Primary,NG FES - Holistic Transition,Total peak demand with ToUT (MW)
NABWOOD,10.661,10.661,10.661,10.651,10.677,10.727,10.832,10.996,11.163,11.334,11.517,11.735,12.073,12.339,12.622,12.902,13.184,13.276,13.352,13.417,13.472,13.514,13.539,13.548,13.548,13.538,13.514,NPgY,Primary,NG FES - Holistic Transition,Total peak demand with ToUT (MW)
NATIONAL AVENUE,7.035,7.035,7.035,7.076,7.103,7.160,7.282,7.590,7.993,8.415,8.812,9.179,9.724,10.228,10.766,11.321,11.953,12.283,12.591,12.879,13.155,13.394,13.586,13.737,13.861,13.958,13.910,NPgY,Primary,NG FES - Holistic Transition,Total peak demand with ToUT (MW)
NEW DROPPINGWELL ROAD,7.912,7.912,7.912,8.054,8.191,8.346,8.589,9.021,9.524,10.052,10.557,11.048,11.749,12.396,13.077,13.779,14.559,14.970,15.370,15.750,16.115,16.437,16.701,16.923,17.116,17.280,17.294,NPgY,Primary,NG FES - Holistic Transition,Total peak demand with ToUT (MW)
NEW ORCHARD LANE,11.579,12.061,12.061,12.539,13.038,13.557,14.306,15.235,16.139,17.113,18.146,19.254,20.504,21.703,22.887,23.932,24.720,25.130,25.521,25.878,26.198,26.471,26.692,26.876,27.027,27.176,27.241,NPgY,Primary,NG FES - Holistic Transition,Total peak demand with ToUT (MW)
NEWHALL ROAD,14.175,15.225,15.225,15.119,15.041,14.992,14.990,15.045,15.125,15.224,15.321,15.411,15.554,15.697,15.853,16.013,16.198,16.281,16.356,16.419,16.476,16.521,16.551,16.564,16.567,16.559,16.502,NPgY,Primary,NG FES - Holistic Transition,Total peak demand with ToUT (MW)
NEWPORT 1,8.295,8.691,8.691,8.852,9.013,9.175,9.425,9.762,10.101,10.453,10.924,11.597,12.263,12.906,13.518,14.045,14.290,14.352,14.422,14.482,14.520,14.558,14.595,14.627,14.648,14.684,14.725,NPgY,Primary,NG FES - Holistic Transition,Total peak demand with ToUT (MW)
NEWPORT 2,0.000,0.000,0.000,0.000,0.000,0.000,0.000,0.000,0.000,0.000,0.000,0.000,0.000,0.000,0.000,0.000,0.000,0.000,0.000,0.000,0.000,0.000,0.000,0.000,0.000,0.000,0.000,NPgY,Primary,NG FES - Holistic Transition,Total peak demand with ToUT (MW)
NINELANDS LANE,14.973,16.098,16.098,16.296,16.511,16.775,17.183,17.689,18.223,18.722,19.227,19.780,20.568,21.142,21.685,22.193,22.673,22.804,22.915,23.047,23.160,23.247,23.308,23.348,23.390,23.420,23.437,NPgY,Primary,NG FES - Holistic Transition,Total peak demand with ToUT (MW)
NORFOLK PARK,8.248,8.248,8.248,8.572,8.934,9.343,9.935,10.643,11.308,12.012,12.669,13.263,14.182,15.032,15.941,16.859,17.870,18.418,18.932,19.429,19.912,20.339,20.690,20.995,21.275,21.533,21.583,NPgY,Primary,NG FES - Holistic Transition,Total peak demand with ToUT (MW)
NORMANBY,4.450,4.450,4.450,4.603,4.746,4.883,5.090,5.361,5.632,5.909,6.306,6.906,7.499,8.022,8.465,8.849,9.058,9.117,9.182,9.234,9.261,9.290,9.322,9.350,9.364,9.392,9.425,NPgY,Primary,NG FES - Holistic Transition,Total peak demand with ToUT (MW)
NORMANTON,16.487,17.237,17.237,17.619,18.086,18.644,19.417,20.359,21.313,22.313,23.289,24.206,25.301,26.343,27.393,28.391,29.392,30.005,30.569,31.082,31.550,31.952,32.278,32.554,32.800,33.021,33.096,NPgY,Primary,NG FES - Holistic Transition,Total peak demand with ToUT (MW)
NORTH AVENUE,10.647,10.647,10.647,10.830,11.016,11.234,11.605,12.192,12.837,13.506,14.219,15.030,16.073,17.025,17.967,18.889,19.778,20.188,20.580,20.962,21.312,21.619,21.866,22.066,22.229,22.372,22.365,NPgY,Primary,NG FES - Holistic Transition,Total peak demand with ToUT (MW)
NORTH THORESBY,3.240,3.240,3.240,3.436,3.638,3.901,4.288,4.692,5.165,5.677,6.343,7.255,8.111,8.907,9.618,10.235,10.621,10.883,11.148,11.363,11.568,11.768,11.991,12.175,12.332,12.493,12.644,NPgY,Primary,NG FES - Holistic Transition,Total peak demand with ToUT (MW)
NORWOOD,13.864,14.114,14.114,14.429,14.744,15.098,15.653,16.433,17.244,18.100,19.089,20.327,21.793,23.112,24.363,25.543,26.531,26.965,27.393,27.796,28.170,28.504,28.779,29.010,29.234,29.448,29.527,NPgY,Primary,NG FES - Holistic Transition,Total peak demand with ToUT (MW)
OAKES ROAD,12.342,12.342,12.342,12.575,12.834,13.146,13.650,14.294,14.919,15.615,16.276,16.908,17.907,18.788,19.691,20.607,21.619,22.111,22.567,23.004,23.423,23.784,24.068,24.306,24.519,24.704,24.713,NPgY,Primary,NG FES - Holistic Transition,Total peak demand with ToUT (MW)
OAKWOOD LANE,7.822,7.822,7.822,7.929,8.080,8.268,8.575,8.925,9.213,9.560,9.903,10.241,10.812,11.344,11.893,12.462,13.112,13.435,13.727,14.037,14.341,14.609,14.825,15.010,15.175,15.322,15.350,NPgY,Primary,NG FES - Holistic Transition,Total peak demand with ToUT (MW)
ODSAL,14.220,14.220,14.220,14.258,14.355,14.489,14.727,15.156,15.645,16.158,16.654,17.128,17.784,18.426,19.111,19.814,20.597,21.022,21.425,21.796,22.146,22.448,22.688,22.877,23.029,23.150,23.107,NPgY,Primary,NG FES - Holistic Transition,Total peak demand with ToUT (MW)
OLYMPIA MILLS,16.220,16.220,16.220,16.638,17.066,17.534,18.212,19.054,19.898,20.773,21.867,23.344,24.965,26.351,27.647,28.836,29.660,29.987,30.310,30.613,30.886,31.139,31.366,31.568,31.744,31.930,32.083,NPgY,Primary,NG FES - Holistic Transition,Total peak demand with ToUT (MW)
ORGREAVE,7.786,7.786,7.786,7.877,7.980,8.085,8.276,8.511,8.709,8.944,9.178,9.413,9.729,10.062,10.404,10.740,11.072,11.249,11.425,11.594,11.754,11.893,12.006,12.103,12.188,12.271,12.290,NPgY,Primary,NG FES - Holistic Transition,Total peak demand with ToUT (MW)
OUTWOOD,12.076,12.076,12.076,12.400,12.776,13.204,13.892,14.658,15.319,16.030,16.693,17.286,18.179,19.038,19.914,20.784,21.729,22.239,22.726,23.214,23.684,24.087,24.404,24.685,24.946,25.198,25.254,NPgY,Primary,NG FES - Holistic Transition,Total peak demand with ToUT (MW)
PARK HILL,10.902,10.902,10.902,10.956,11.073,11.228,11.476,11.749,11.986,12.240,12.483,12.694,12.995,13.291,13.611,13.922,14.254,14.447,14.619,14.777,14.926,15.055,15.159,15.248,15.327,15.402,15.405,NPgY,Primary,NG FES - Holistic Transition,Total peak demand with ToUT (MW)
PARK ROAD,14.857,14.857,14.857,14.927,15.068,15.262,15.567,16.026,16.522,17.059,17.582,18.080,18.734,19.359,20.003,20.645,21.339,21.721,22.071,22.387,22.680,22.927,23.120,23.269,23.389,23.482,23.443,NPgY,Primary,NG FES - Holistic Transition,Total peak demand with ToUT (MW)
PARK STREET,10.312,10.312,10.312,10.540,10.793,11.081,11.488,12.106,12.797,13.534,14.248,14.934,15.860,16.726,17.625,18.533,19.513,20.058,20.582,21.073,21.538,21.952,22.297,22.590,22.847,23.070,23.103,NPgY,Primary,NG FES - Holistic Transition,Total peak demand with ToUT (MW)
PASTURE ROAD SOUTH,13.901,13.901,13.901,14.148,14.428,14.726,15.157,15.666,16.135,16.644,17.134,17.596,18.190,18.814,19.458,20.105,20.788,21.235,21.674,22.099,22.508,22.878,23.199,23.492,23.762,24.023,24.158,NPgY,Primary,NG FES - Holistic Transition,Total peak demand with ToUT (MW)
PATRINGTON ROAD,7.047,7.047,7.047,7.252,7.437,7.598,7.841,8.255,8.713,9.172,9.840,10.858,11.835,12.775,13.685,14.444,14.706,14.727,14.765,14.793,14.791,14.798,14.816,14.823,14.799,14.796,14.822,NPgY,Primary,NG FES - Holistic Transition,Total peak demand with ToUT (MW)
PENISTONE,12.210,12.210,12.210,12.523,12.815,13.133,13.649,14.269,14.842,15.468,16.108,16.791,17.693,18.534,19.357,20.153,20.905,21.272,21.635,21.983,22.305,22.585,22.811,23.010,23.190,23.367,23.421,NPgY,Primary,NG FES - Holistic Transition,Total peak demand with ToUT (MW)
PENISTONE ROAD,9.180,10.570,10.570,10.527,10.511,10.518,10.565,10.655,10.756,10.874,10.986,11.086,11.243,11.401,11.578,11.760,11.967,12.080,12.181,12.273,12.361,12.438,12.500,12.548,12.585,12.613,12.589,NPgY,Primary,NG FES - Holistic Transition,Total peak demand with ToUT (MW)
PLANGEO,13.000,13.450,13.450,13.607,13.786,14.028,14.490,15.045,15.521,16.155,16.730,17.210,18.031,18.850,19.699,20.570,21.565,22.114,22.617,23.106,23.590,24.014,24.360,24.656,24.923,25.169,25.176,NPgY,Primary,NG FES - Holistic Transition,Total peak demand with ToUT (MW)
POLLINGTON,6.369,6.369,6.369,6.548,6.724,6.906,7.179,7.531,7.886,8.248,8.725,9.394,10.069,10.686,11.262,11.754,11.989,12.048,12.110,12.163,12.197,12.230,12.261,12.286,12.306,12.340,12.380,NPgY,Primary,NG FES - Holistic Transition,Total peak demand with ToUT (MW)
PONTEFRACT LANE 1/2,13.118,13.868,13.868,13.951,14.149,14.442,14.835,15.251,15.659,16.094,16.557,17.025,17.487,17.895,18.264,18.571,18.829,18.983,19.081,19.154,19.192,19.202,19.190,19.158,19.114,19.058,19.029,NPgY,Primary,NG FES - Holistic Transition,Total peak demand with ToUT (MW)
POOL,7.683,7.683,7.683,7.668,7.660,7.669,7.719,7.820,7.936,8.062,8.220,8.429,8.658,8.879,9.099,9.296,9.430,9.473,9.513,9.549,9.573,9.593,9.605,9.608,9.602,9.595,9.571,NPgY,Primary,NG FES - Holistic Transition,Total peak demand with ToUT (MW)
PRINCE OF WALES,12.844,16.376,16.376,16.719,17.092,17.504,18.160,18.894,19.532,20.233,20.949,21.703,22.755,23.734,24.739,25.714,26.657,27.136,27.599,28.046,28.476,28.853,29.161,29.433,29.684,29.928,30.015,NPgY,Primary,NG FES - Holistic Transition,Total peak demand with ToUT (MW)
PROSPECT ROAD,10.660,11.410,11.410,11.538,11.671,11.849,12.158,12.602,13.087,13.612,14.113,14.592,15.333,15.980,16.648,17.326,18.075,18.435,18.773,19.090,19.391,19.651,19.858,20.023,20.167,20.285,20.269,NPgY,Primary,NG FES - Holistic Transition,Total peak demand with ToUT (MW)
QUEENS ROAD,17.465,23.966,23.966,24.083,24.306,24.642,25.115,25.736,26.433,27.151,27.885,28.599,29.310,29.974,30.607,31.165,31.660,31.969,32.224,32.419,32.564,32.665,32.722,32.741,32.741,32.722,32.655,NPgY,Primary,NG FES - Holistic Transition,Total peak demand with ToUT (MW)
QUEENSBURY,14.049,14.049,14.049,14.313,14.623,14.987,15.565,16.468,17.458,18.483,19.452,20.366,21.685,22.909,24.178,25.470,26.901,27.641,28.349,29.027,29.672,30.229,30.670,31.034,31.346,31.609,31.608,NPgY,Primary,NG FES - Holistic Transition,Total peak demand with ToUT (MW)
RAWCLIFFE,2.704,3.204,3.204,3.294,3.382,3.498,3.669,3.862,4.091,4.335,4.620,4.968,5.328,5.654,5.958,6.233,6.457,6.594,6.728,6.838,6.935,7.026,7.123,7.201,7.270,7.336,7.390,NPgY,Primary,NG FES - Holistic Transition,Total peak demand with ToUT (MW)
RAWDON,12.207,12.207,12.207,12.365,12.539,12.761,13.145,13.705,14.292,14.915,15.517,16.107,16.993,17.808,18.647,19.505,20.451,20.919,21.360,21.802,22.225,22.591,22.883,23.125,23.335,23.514,23.516,NPgY,Primary,NG FES - Holistic Transition,Total peak demand with ToUT (MW)
RAWMARSH ROAD 1_2,20.720,21.795,21.795,21.949,22.137,22.377,22.721,23.113,23.505,23.943,24.384,24.864,25.589,26.117,26.644,27.161,27.702,27.922,28.118,28.294,28.462,28.609,28.733,28.834,28.933,29.013,29.074,NPgY,Primary,NG FES - Holistic Transition,Total peak demand with ToUT (MW)
RAWMARSH ROAD 3_4,23.750,24.200,24.200,24.286,24.422,24.607,24.894,25.344,25.848,26.410,26.956,27.478,28.190,28.874,29.595,30.332,31.146,31.628,32.084,32.511,32.924,33.297,33.619,33.895,34.139,34.352,34.414,NPgY,Primary,NG FES - Holistic Transition,Total peak demand with ToUT (MW)
RAWSON ROAD,11.332,13.612,13.612,13.546,13.582,13.654,13.780,13.862,13.890,13.924,13.967,14.012,14.126,14.227,14.361,14.494,14.650,14.733,14.790,14.837,14.886,14.930,14.967,14.995,15.018,15.034,15.044,NPgY,Primary,NG FES - Holistic Transition,Total peak demand with ToUT (MW)
RAWSON SPRING ROAD,11.550,13.047,13.047,12.984,12.947,12.926,12.942,12.990,13.036,13.085,13.138,13.205,13.342,13.442,13.553,13.667,13.801,13.833,13.859,13.880,13.898,13.909,13.908,13.899,13.886,13.867,13.832,NPgY,Primary,NG FES - Holistic Transition,Total peak demand with ToUT (MW)
REVILL LANE,6.155,6.155,6.155,6.278,6.409,6.560,6.799,7.153,7.535,7.933,8.307,8.654,9.181,9.659,10.163,10.675,11.240,11.525,11.801,12.066,12.322,12.545,12.724,12.874,13.008,13.125,13.118,NPgY,Primary,NG FES - Holistic Transition,Total peak demand with ToUT (MW)
ROCKWARE,18.668,18.668,18.668,18.602,18.559,18.543,18.562,18.599,18.646,18.702,18.763,18.830,18.906,18.976,19.046,19.112,19.175,19.218,19.259,19.295,19.328,19.356,19.383,19.406,19.429,19.448,19.464,NPgY,Primary,NG FES - Holistic Transition,Total peak demand with ToUT (MW)
RODLEY LANE,13.649,14.021,14.021,14.173,14.352,14.582,14.981,15.565,16.172,16.819,17.436,18.028,18.956,19.804,20.686,21.593,22.613,23.116,23.589,24.063,24.519,24.915,25.232,25.494,25.722,25.918,25.915,NPgY,Primary,NG FES - Holistic Transition,Total peak demand with ToUT (MW)
ROMAN AVENUE,11.928,11.928,11.928,11.994,12.063,12.175,12.392,12.776,13.219,13.705,14.204,14.750,15.547,16.251,16.991,17.727,18.467,18.793,19.095,19.387,19.663,19.906,20.101,20.256,20.382,20.483,20.465,NPgY,Primary,NG FES - Holistic Transition,Total peak demand with ToUT (MW)
ROYDS LANE,14.567,14.567,14.567,14.918,15.303,15.727,16.399,17.320,18.254,19.221,20.195,21.192,22.475,23.709,24.963,26.169,27.304,27.865,28.407,28.937,29.427,29.847,30.179,30.454,30.686,30.897,30.908,NPgY,Primary,NG FES - Holistic Transition,Total peak demand with ToUT (MW)
SAINT ANDREWS ROAD 33/11KV,10.460,14.160,14.160,14.171,14.232,14.340,14.513,14.746,15.000,15.279,15.556,15.819,16.128,16.421,16.715,16.993,17.276,17.438,17.577,17.691,17.791,17.870,17.927,17.964,17.989,18.001,17.969,NPgY,Primary,NG FES - Holistic Transition,Total peak demand with ToUT (MW)
SAINT STREET,6.261,6.261,6.261,6.304,6.353,6.428,6.559,6.855,7.232,7.627,8.005,8.366,8.892,9.379,9.900,10.441,11.052,11.372,11.670,11.945,12.207,12.434,12.617,12.759,12.875,12.961,12.924,NPgY,Primary,NG FES - Holistic Transition,Total peak demand with ToUT (MW)
SALTERFORTH,11.084,11.084,11.084,11.215,11.330,11.452,11.686,12.136,12.658,13.193,13.780,14.467,15.289,16.072,16.878,17.642,18.306,18.584,18.854,19.083,19.233,19.360,19.458,19.522,19.546,19.563,19.500,NPgY,Primary,NG FES - Holistic Transition,Total peak demand with ToUT (MW)
SALTERHEBBLE,14.199,14.199,14.199,14.347,14.539,14.784,15.145,15.611,16.108,16.617,17.140,17.720,18.511,19.093,19.643,20.153,20.623,20.755,20.854,20.937,20.990,21.022,21.033,21.022,21.007,20.979,20.964,NPgY,Primary,NG FES - Holistic Transition,Total peak demand with ToUT (MW)
SALTSHOUSE ROAD,11.002,11.002,11.002,11.048,11.084,11.153,11.326,11.669,12.065,12.516,12.960,13.408,14.067,14.694,15.361,16.056,16.841,17.244,17.627,17.989,18.334,18.635,18.873,19.069,19.230,19.361,19.364,NPgY,Primary,NG FES - Holistic Transition,Total peak demand with ToUT (MW)
SANDHILL LANE,3.500,3.500,3.500,3.540,3.580,3.625,3.690,3.770,3.858,3.944,4.049,4.191,4.356,4.485,4.606,4.711,4.773,4.782,4.793,4.802,4.809,4.815,4.823,4.830,4.838,4.847,4.858,NPgY,Primary,NG FES - Holistic Transition,Total peak demand with ToUT (MW)
SAXON ROAD,12.110,12.110,12.110,12.249,12.405,12.615,12.953,13.510,14.149,14.828,15.455,16.018,16.927,17.731,18.596,19.482,20.483,20.989,21.457,21.898,22.327,22.704,23.011,23.259,23.475,23.653,23.599,NPgY,Primary,NG FES - Holistic Transition,Total peak demand with ToUT (MW)
SCARTHO,19.150,19.722,19.722,20.160,20.633,21.136,21.988,23.075,24.087,25.132,26.302,27.711,29.412,31.068,32.683,34.207,35.477,36.052,36.629,37.177,37.693,38.134,38.474,38.762,38.998,39.236,39.260,NPgY,Primary,NG FES - Holistic Transition,Total peak demand with ToUT (MW)
SCHOLES,10.370,10.370,10.370,10.614,10.853,11.118,11.548,12.162,12.803,13.472,14.187,15.010,16.050,16.995,17.943,18.853,19.651,19.978,20.297,20.588,20.825,21.026,21.180,21.301,21.394,21.480,21.465,NPgY,Primary,NG FES - Holistic Transition,Total peak demand with ToUT (MW)
SCISSETT,15.781,16.501,16.501,17.028,17.522,17.989,18.751,19.827,20.904,22.010,23.415,25.349,27.418,29.412,31.416,33.177,34.163,34.411,34.682,34.900,34.960,35.013,35.052,35.066,35.013,35.004,35.000,NPgY,Primary,NG FES - Holistic Transition,Total peak demand with ToUT (MW)
SCULCOATES A,24.575,25.175,25.175,25.025,24.958,24.949,25.041,25.247,25.459,25.763,26.042,26.270,26.685,27.106,27.567,28.046,28.612,28.905,29.158,29.388,29.612,29.803,29.954,30.061,30.139,30.193,30.094,NPgY,Primary,NG FES - Holistic Transition,Total peak demand with ToUT (MW)
SEACROFT,9.812,9.812,9.812,9.866,9.967,10.111,10.329,10.521,10.655,10.807,10.988,11.225,11.619,11.889,12.146,12.396,12.663,12.722,12.749,12.795,12.834,12.858,12.865,12.859,12.849,12.828,12.847,NPgY,Primary,NG FES - Holistic Transition,Total peak demand with ToUT (MW)
SEATON,14.065,14.665,14.665,15.079,15.471,15.840,16.415,17.252,18.117,19.003,20.216,21.975,23.708,25.386,27.005,28.385,29.001,29.140,29.302,29.430,29.475,29.524,29.579,29.617,29.620,29.662,29.730,NPgY,Primary,NG FES - Holistic Transition,Total peak demand with ToUT (MW)
SELBY,19.740,19.740,19.740,20.368,21.007,21.701,22.720,23.921,25.073,26.286,27.757,29.694,31.960,33.826,35.560,37.147,38.413,38.952,39.482,39.994,40.479,40.919,41.303,41.647,41.964,42.289,42.510,NPgY,Primary,NG FES - Holistic Transition,Total peak demand with ToUT (MW)
SELBY ROAD,14.904,18.804,18.804,18.990,19.190,19.445,19.890,20.559,21.268,22.018,22.746,23.468,24.549,25.540,26.565,27.614,28.773,29.341,29.881,30.422,30.938,31.386,31.742,32.037,32.291,32.505,32.521,NPgY,Primary,NG FES - Holistic Transition,Total peak demand with ToUT (MW)
SHARLSTON,8.600,8.600,8.600,8.992,9.400,9.781,10.358,11.110,11.816,12.577,13.435,14.443,15.660,16.850,18.076,19.178,19.969,20.321,20.675,21.017,21.333,21.618,21.856,22.062,22.227,22.394,22.438,NPgY,Primary,NG FES - Holistic Transition,Total peak demand with ToUT (MW)
SHEPCOTE TINSLEY,6.315,6.315,6.315,6.315,6.315,6.315,6.315,6.315,6.315,6.315,6.315,6.315,6.315,6.315,6.315,6.315,6.315,6.315,6.315,6.315,6.315,6.315,6.315,6.315,6.315,6.315,6.315,NPgY,Primary,NG FES - Holistic Transition,Total peak demand with ToUT (MW)
SHERBURN,14.179,16.115,16.115,16.556,17.069,17.613,18.398,19.216,19.904,20.655,21.512,22.500,23.497,24.522,25.562,26.454,26.984,27.290,27.581,27.846,28.073,28.272,28.444,28.604,28.743,28.906,29.044,NPgY,Primary,NG FES - Holistic Transition,Total peak demand with ToUT (MW)
SHIPLEY,9.223,9.223,9.223,9.308,9.447,9.624,9.914,10.306,10.693,11.112,11.518,11.917,12.550,13.130,13.755,14.399,15.123,15.490,15.829,16.149,16.460,16.730,16.950,17.130,17.285,17.416,17.430,NPgY,Primary,NG FES - Holistic Transition,Total peak demand with ToUT (MW)
SHIRLAND LANE,8.603,8.603,8.603,8.549,8.514,8.499,8.517,8.518,8.508,8.503,8.507,8.524,8.561,8.587,8.626,8.664,8.707,8.721,8.728,8.727,8.726,8.721,8.716,8.705,8.690,8.673,8.663,NPgY,Primary,NG FES - Holistic Transition,Total peak demand with ToUT (MW)
SILVER STREET,7.606,8.575,8.575,8.536,8.529,8.542,8.577,8.560,8.501,8.443,8.415,8.424,8.453,8.465,8.506,8.547,8.597,8.617,8.619,8.612,8.604,8.593,8.581,8.563,8.540,8.509,8.527,NPgY,Primary,NG FES - Holistic Transition,Total peak demand with ToUT (MW)
SILVERWOOD,10.230,11.529,11.529,11.803,12.042,12.319,12.750,13.416,14.171,14.960,15.713,16.447,17.508,18.437,19.392,20.362,21.414,21.934,22.443,22.926,23.389,23.795,24.126,24.405,24.654,24.869,24.915,NPgY,Primary,NG FES - Holistic Transition,Total peak demand with ToUT (MW)
SKILLINGS LANE,9.043,11.059,11.059,11.198,11.348,11.501,11.753,12.083,12.393,12.730,13.145,13.688,14.252,14.836,15.407,15.925,16.257,16.408,16.564,16.711,16.839,16.956,17.056,17.145,17.222,17.307,17.356,NPgY,Primary,NG FES - Holistic Transition,Total peak demand with ToUT (MW)
SKIPTON,13.967,13.967,13.967,14.147,14.380,14.647,15.074,15.586,16.044,16.551,17.101,17.735,18.582,19.338,20.194,21.018,21.791,22.186,22.565,22.917,23.239,23.525,23.769,23.978,24.160,24.332,24.411,NPgY,Primary,NG FES - Holistic Transition,Total peak demand with ToUT (MW)
SLAITHWAITE,8.535,8.685,8.685,8.791,8.901,9.030,9.232,9.515,9.829,10.133,10.444,10.798,11.286,11.643,11.993,12.320,12.617,12.693,12.761,12.810,12.834,12.847,12.851,12.843,12.834,12.819,12.803,NPgY,Primary,NG FES - Holistic Transition,Total peak demand with ToUT (MW)
SLEDMERE GARTH,4.569,4.569,4.569,4.661,4.784,4.931,5.169,5.412,5.591,5.815,6.036,6.251,6.613,6.959,7.310,7.669,8.064,8.259,8.440,8.633,8.823,8.990,9.124,9.243,9.351,9.452,9.476,NPgY,Primary,NG FES - Holistic Transition,Total peak demand with ToUT (MW)
SMITH STREET,6.650,7.010,7.010,7.165,7.334,7.530,7.836,8.252,8.678,9.126,9.558,9.976,10.558,11.112,11.685,12.267,12.904,13.253,13.589,13.915,14.225,14.495,14.713,14.899,15.064,15.211,15.240,NPgY,Primary,NG FES - Holistic Transition,Total peak demand with ToUT (MW)
SMITHY GREEN,4.665,4.665,4.665,4.861,5.075,5.325,5.670,6.111,6.571,7.057,7.532,7.989,8.566,9.099,9.635,10.160,10.710,11.025,11.319,11.590,11.840,12.056,12.230,12.375,12.504,12.616,12.637,NPgY,Primary,NG FES - Holistic Transition,Total peak demand with ToUT (MW)
SNAITHING PARK ROAD,12.638,12.638,12.638,12.749,12.857,13.026,13.321,13.829,14.446,15.094,15.713,16.312,17.207,18.002,18.853,19.727,20.703,21.198,21.663,22.093,22.506,22.870,23.173,23.415,23.620,23.785,23.775,NPgY,Primary,NG FES - Holistic Transition,Total peak demand with ToUT (MW)
SNELSINS LANE,10.090,10.351,10.351,10.403,10.486,10.591,10.795,11.138,11.500,11.896,12.265,12.591,13.063,13.556,14.077,14.614,15.221,15.562,15.892,16.204,16.502,16.760,16.964,17.133,17.275,17.399,17.370,NPgY,Primary,NG FES - Holistic Transition,Total peak demand with ToUT (MW)
SOUTH ELMSALL,18.161,18.461,18.461,18.720,19.054,19.436,19.979,20.657,21.332,22.046,22.804,23.613,24.492,25.380,26.276,27.100,27.792,28.220,28.623,28.996,29.341,29.645,29.900,30.120,30.308,30.487,30.568,NPgY,Primary,NG FES - Holistic Transition,Total peak demand with ToUT (MW)
SOUTH FERRIBY,4.164,4.359,4.359,4.553,4.744,4.922,5.174,5.526,5.895,6.270,6.781,7.516,8.246,8.931,9.586,10.136,10.377,10.441,10.514,10.578,10.618,10.660,10.703,10.739,10.753,10.779,10.815,NPgY,Primary,NG FES - Holistic Transition,Total peak demand with ToUT (MW)
SOUTH KIRKBY,10.538,10.538,10.538,11.038,11.566,12.069,12.803,13.760,14.685,15.641,16.708,17.945,19.346,20.702,22.077,23.287,24.110,24.477,24.838,25.173,25.471,25.734,25.953,26.135,26.272,26.415,26.475,NPgY,Primary,NG FES - Holistic Transition,Total peak demand with ToUT (MW)
SOUTH RESTON,3.403,3.403,3.403,3.619,3.845,4.154,4.606,5.048,5.572,6.147,6.816,7.632,8.434,9.181,9.858,10.482,11.023,11.423,11.822,12.150,12.457,12.752,13.069,13.334,13.570,13.802,14.002,NPgY,Primary,NG FES - Holistic Transition,Total peak demand with ToUT (MW)
SOUTH STREET,8.190,8.190,8.190,8.322,8.498,8.712,9.043,9.517,10.011,10.540,11.049,11.539,12.278,12.957,13.679,14.416,15.233,15.654,16.048,16.418,16.771,17.079,17.325,17.526,17.699,17.843,17.835,NPgY,Primary,NG FES - Holistic Transition,Total peak demand with ToUT (MW)
SOUTHGATE,5.193,5.413,5.413,5.558,5.701,5.856,6.078,6.341,6.604,6.861,7.145,7.488,7.899,8.225,8.532,8.800,8.969,9.004,9.035,9.062,9.080,9.095,9.109,9.118,9.156,9.197,9.244,NPgY,Primary,NG FES - Holistic Transition,Total peak demand with ToUT (MW)
SOUTHWOOD ROAD,11.256,11.756,11.756,12.062,12.386,12.749,13.312,14.039,14.757,15.528,16.323,17.179,18.307,19.343,20.362,21.362,22.346,22.837,23.316,23.771,24.207,24.587,24.898,25.165,25.439,25.697,25.777,NPgY,Primary,NG FES - Holistic Transition,Total peak demand with ToUT (MW)
SOWERBY BRIDGE 33/11KV,16.000,16.000,16.000,16.263,16.533,16.811,17.283,18.055,18.895,19.781,20.793,22.040,23.486,24.848,26.186,27.446,28.481,28.873,29.256,29.592,29.790,29.964,30.100,30.195,30.231,30.266,30.229,NPgY,Primary,NG FES - Holistic Transition,Total peak demand with ToUT (MW)
SPARK MILL LANE,16.997,16.997,16.997,17.320,17.666,18.055,18.692,19.454,20.146,20.912,21.698,22.539,23.664,24.733,25.793,26.816,27.756,28.205,28.643,29.065,29.468,29.823,30.114,30.366,30.639,30.906,31.014,NPgY,Primary,NG FES - Holistic Transition,Total peak demand with ToUT (MW)
SPENBOROUGH,11.600,11.600,11.600,11.831,12.087,12.393,12.869,13.543,14.260,15.017,15.734,16.416,17.414,18.311,19.234,20.166,21.191,21.713,22.207,22.674,23.119,23.503,23.812,24.065,24.289,24.481,24.488,NPgY,Primary,NG FES - Holistic Transition,Total peak demand with ToUT (MW)
SPRING MILL STREET,13.670,14.780,14.780,14.698,14.666,14.669,14.721,14.787,14.848,14.923,15.010,15.111,15.276,15.396,15.522,15.642,15.770,15.802,15.817,15.820,15.817,15.805,15.784,15.753,15.716,15.672,15.625,NPgY,Primary,NG FES - Holistic Transition,Total peak demand with ToUT (MW)
STAINFORTH,7.339,7.339,7.339,7.488,7.627,7.784,8.043,8.404,8.772,9.160,9.570,10.032,10.629,11.184,11.745,12.300,12.841,13.112,13.379,13.635,13.876,14.088,14.263,14.412,14.542,14.663,14.697,NPgY,Primary,NG FES - Holistic Transition,Total peak demand with ToUT (MW)
STAIRFOOT,11.960,12.310,12.310,12.660,13.008,13.408,14.029,14.808,15.558,16.391,17.191,17.960,19.083,20.120,21.177,22.246,23.420,24.044,24.640,25.208,25.754,26.229,26.612,26.941,27.239,27.510,27.567,NPgY,Primary,NG FES - Holistic Transition,Total peak demand with ToUT (MW)
STANLEY STREET,10.182,10.182,10.182,10.141,10.145,10.174,10.243,10.302,10.329,10.375,10.429,10.483,10.609,10.721,10.866,11.017,11.196,11.287,11.358,11.420,11.483,11.540,11.588,11.623,11.651,11.669,11.668,NPgY,Primary,NG FES - Holistic Transition,Total peak demand with ToUT (MW)
STANNINGTON ROAD,13.103,13.103,13.103,13.374,13.639,13.954,14.441,15.321,16.374,17.458,18.492,19.485,20.951,22.262,23.648,25.070,26.638,27.429,28.187,28.904,29.590,30.192,30.683,31.083,31.430,31.717,31.672,NPgY,Primary,NG FES - Holistic Transition,Total peak demand with ToUT (MW)
STATION ROAD,20.860,21.978,21.978,22.364,22.800,23.322,23.991,24.726,25.485,26.263,27.051,27.880,28.954,29.786,30.612,31.400,32.185,32.605,32.982,33.318,33.630,33.913,34.170,34.394,34.612,34.807,35.005,NPgY,Primary,NG FES - Holistic Transition,Total peak demand with ToUT (MW)
STEVENSON ROAD,8.208,8.208,8.208,8.102,8.003,7.915,7.840,7.767,7.700,7.636,7.576,7.520,7.466,7.416,7.366,7.318,7.274,7.229,7.187,7.145,7.104,7.064,7.025,6.986,6.949,6.910,6.871,NPgY,Primary,NG FES - Holistic Transition,Total peak demand with ToUT (MW)
STOKE STREET,11.459,11.459,11.459,11.368,11.303,11.269,11.269,11.284,11.317,11.355,11.401,11.448,11.487,11.519,11.546,11.560,11.562,11.552,11.535,11.506,11.471,11.431,11.389,11.342,11.294,11.244,11.194,NPgY,Primary,NG FES - Holistic Transition,Total peak demand with ToUT (MW)
STOURTON 132/11KV,7.139,7.139,7.139,7.058,6.987,6.926,6.879,6.840,6.806,6.777,6.749,6.725,6.709,6.687,6.666,6.644,6.624,6.593,6.563,6.532,6.502,6.470,6.439,6.407,6.374,6.343,6.309,NPgY,Primary,NG FES - Holistic Transition,Total peak demand with ToUT (MW)
STOURTON 33/11KV,8.689,10.823,10.823,10.837,10.865,10.894,10.986,11.197,11.439,11.694,11.959,12.235,12.579,12.954,13.351,13.738,14.106,14.299,14.491,14.677,14.853,15.007,15.127,15.224,15.295,15.356,15.331,NPgY,Primary,NG FES - Holistic Transition,Total peak demand with ToUT (MW)
STOW,6.170,6.170,6.170,6.309,6.438,6.571,6.765,7.026,7.298,7.573,7.945,8.485,9.027,9.508,9.939,10.319,10.530,10.596,10.666,10.723,10.761,10.798,10.837,10.871,10.893,10.925,10.962,NPgY,Primary,NG FES - Holistic Transition,Total peak demand with ToUT (MW)
SWAN BANK LANE,11.438,12.488,12.488,12.657,12.900,13.200,13.616,14.126,14.637,15.212,15.770,16.294,17.012,17.662,18.305,18.937,19.617,19.982,20.300,20.606,20.887,21.127,21.314,21.460,21.579,21.670,21.671,NPgY,Primary,NG FES - Holistic Transition,Total peak demand with ToUT (MW)
SWEET STREET,7.018,14.122,14.122,14.095,14.102,14.134,14.196,14.231,14.236,14.249,14.274,14.309,14.374,14.430,14.480,14.528,14.585,14.603,14.605,14.633,14.661,14.686,14.707,14.723,14.736,14.746,14.755,NPgY,Primary,NG FES - Holistic Transition,Total peak demand with ToUT (MW)
SWINNOW MOOR,13.724,14.212,14.212,14.329,14.483,14.701,15.088,15.594,16.073,16.634,17.178,17.711,18.597,19.397,20.231,21.090,22.065,22.534,22.959,23.388,23.805,24.169,24.459,24.699,24.907,25.081,25.090,NPgY,Primary,NG FES - Holistic Transition,Total peak demand with ToUT (MW)
TADCASTER,14.204,14.204,14.204,14.526,14.866,15.178,15.647,16.266,16.857,17.484,18.317,19.462,20.571,21.692,22.784,23.709,24.143,24.316,24.499,24.663,24.781,24.897,25.011,25.110,25.168,25.249,25.336,NPgY,Primary,NG FES - Holistic Transition,Total peak demand with ToUT (MW)
TANKERSLEY PARK,20.109,20.109,20.109,20.198,20.280,20.401,20.656,21.202,21.876,22.561,23.225,23.890,24.826,25.683,26.588,27.512,28.519,29.016,29.500,29.953,30.375,30.742,31.036,31.270,31.462,31.614,31.590,NPgY,Primary,NG FES - Holistic Transition,Total peak demand with ToUT (MW)
TEMPLEBOROUGH 33/11KV,15.632,16.302,16.302,16.428,16.566,16.707,16.966,17.327,17.667,18.058,18.452,18.848,19.361,19.915,20.488,21.064,21.646,21.980,22.315,22.637,22.944,23.218,23.449,23.652,23.830,23.998,24.055,NPgY,Primary,NG FES - Holistic Transition,Total peak demand with ToUT (MW)
THORNBURY,14.304,14.304,14.304,14.342,14.428,14.559,14.813,15.234,15.704,16.203,16.684,17.139,17.807,18.447,19.131,19.833,20.623,21.043,21.437,21.805,22.155,22.455,22.694,22.884,23.042,23.170,23.126,NPgY,Primary,NG FES - Holistic Transition,Total peak demand with ToUT (MW)
THORNE,16.404,21.354,21.354,21.618,21.887,22.207,22.709,23.400,24.127,24.889,25.641,26.393,27.389,28.316,29.273,30.225,31.218,31.748,32.259,32.737,33.189,33.582,33.902,34.171,34.416,34.635,34.687,NPgY,Primary,NG FES - Holistic Transition,Total peak demand with ToUT (MW)
THORNTON,12.930,12.930,12.930,13.149,13.410,13.719,14.216,15.006,15.866,16.756,17.595,18.389,19.597,20.712,21.900,23.123,24.490,25.188,25.851,26.483,27.088,27.615,28.036,28.384,28.683,28.935,28.927,NPgY,Primary,NG FES - Holistic Transition,Total peak demand with ToUT (MW)
THORPE ROAD,14.315,15.885,15.885,16.201,16.589,17.040,17.675,18.405,19.109,19.854,20.734,21.800,22.805,23.805,24.721,25.511,25.995,26.266,26.514,26.719,26.861,26.980,27.078,27.160,27.233,27.324,27.394,NPgY,Primary,NG FES - Holistic Transition,Total peak demand with ToUT (MW)
TICKHILL ROAD,12.902,12.902,12.902,13.244,13.555,13.886,14.377,15.211,16.189,17.173,18.302,19.701,21.283,22.733,24.197,25.531,26.509,26.922,27.332,27.709,28.046,28.345,28.595,28.792,28.937,29.066,29.091,NPgY,Primary,NG FES - Holistic Transition,Total peak demand with ToUT (MW)
TINGLEY,10.912,14.412,14.412,14.633,14.882,15.171,15.646,16.294,16.939,17.611,18.241,18.827,19.713,20.549,21.402,22.272,23.240,23.727,24.193,24.672,25.131,25.527,25.841,26.105,26.338,26.542,26.572,NPgY,Primary,NG FES - Holistic Transition,Total peak demand with ToUT (MW)
TINSLEY PARK ROAD,12.704,12.704,12.704,12.627,12.588,12.589,12.642,12.714,12.801,12.901,13.008,13.111,13.217,13.316,13.411,13.488,13.556,13.587,13.605,13.608,13.601,13.586,13.563,13.532,13.496,13.457,13.407,NPgY,Primary,NG FES - Holistic Transition,Total peak demand with ToUT (MW)
TINSLEY WIRE INDUSTRIES,3.824,6.224,6.224,6.276,6.348,6.449,6.592,6.786,7.001,7.222,7.440,7.647,7.882,8.101,8.319,8.523,8.727,8.848,8.954,9.044,9.122,9.185,9.231,9.265,9.292,9.310,9.299,NPgY,Primary,NG FES - Holistic Transition,Total peak demand with ToUT (MW)
TIVERTON ROAD,17.002,17.542,17.542,17.542,17.550,17.600,17.778,18.151,18.571,19.065,19.560,20.069,20.824,21.554,22.338,23.158,24.092,24.573,25.029,25.458,25.866,26.221,26.500,26.725,26.909,27.057,27.041,NPgY,Primary,NG FES - Holistic Transition,Total peak demand with ToUT (MW)
TODMORDEN,11.910,11.910,11.910,12.275,12.674,13.163,13.835,14.698,15.677,16.699,17.726,18.757,19.981,21.099,22.208,23.273,24.336,24.934,25.484,25.960,26.358,26.699,26.988,27.200,27.365,27.493,27.484,NPgY,Primary,NG FES - Holistic Transition,Total peak demand with ToUT (MW)
TOLLER LANE,9.831,9.831,9.831,9.860,9.961,10.087,10.298,10.605,10.898,11.223,11.532,11.815,12.267,12.716,13.207,13.716,14.301,14.619,14.912,15.189,15.455,15.687,15.872,16.023,16.147,16.252,16.227,NPgY,Primary,NG FES - Holistic Transition,Total peak demand with ToUT (MW)
TONG STREET,8.876,9.026,9.026,9.012,9.040,9.086,9.172,9.295,9.419,9.546,9.671,9.801,9.989,10.136,10.285,10.429,10.580,10.634,10.676,10.709,10.737,10.755,10.761,10.758,10.752,10.738,10.711,NPgY,Primary,NG FES - Holistic Transition,Total peak demand with ToUT (MW)
UPPER BASINGHALL STREET,14.812,14.812,14.812,14.649,14.513,14.399,14.312,14.214,14.109,14.009,13.919,13.840,13.775,13.711,13.648,13.587,13.535,13.473,13.409,13.360,13.314,13.270,13.228,13.185,13.142,13.099,13.053,NPgY,Primary,NG FES - Holistic Transition,Total peak demand with ToUT (MW)
VARLEY STREET,12.379,12.379,12.379,12.559,12.763,13.025,13.462,14.063,14.682,15.343,15.973,16.570,17.472,18.295,19.134,19.985,20.929,21.400,21.837,22.278,22.701,23.064,23.353,23.592,23.802,23.982,23.980,NPgY,Primary,NG FES - Holistic Transition,Total peak demand with ToUT (MW)
VICTORIA STREET,8.759,8.759,8.759,8.692,8.645,8.612,8.595,8.559,8.508,8.456,8.421,8.412,8.421,8.411,8.413,8.415,8.421,8.405,8.383,8.358,8.333,8.308,8.283,8.257,8.230,8.202,8.188,NPgY,Primary,NG FES - Holistic Transition,Total peak demand with ToUT (MW)
WALESBY,5.700,5.938,5.938,6.167,6.382,6.588,6.901,7.286,7.649,8.024,8.523,9.230,9.957,10.622,11.227,11.761,12.073,12.172,12.279,12.360,12.401,12.441,12.483,12.519,12.538,12.575,12.616,NPgY,Primary,NG FES - Holistic Transition,Total peak demand with ToUT (MW)
WARREN LANE,4.350,5.000,5.000,5.016,5.036,5.055,5.101,5.174,5.250,5.320,5.415,5.555,5.705,5.842,5.978,6.089,6.129,6.120,6.115,6.113,6.103,6.094,6.085,6.075,6.062,6.051,6.047,NPgY,Primary,NG FES - Holistic Transition,Total peak demand with ToUT (MW)
WATH UPON DEARNE,12.258,13.038,13.038,13.281,13.530,13.833,14.307,14.866,15.399,16.004,16.588,17.140,17.893,18.586,19.277,19.954,20.674,21.075,21.452,21.808,22.143,22.431,22.663,22.862,23.047,23.219,23.263,NPgY,Primary,NG FES - Holistic Transition,Total peak demand with ToUT (MW)
WAVERLEY BUSINESS PARK,11.155,14.385,14.385,14.330,14.284,14.247,14.223,14.203,14.187,14.175,14.166,14.162,14.159,14.160,14.164,14.169,14.175,14.184,14.194,14.204,14.217,14.229,14.242,14.257,14.270,14.283,14.295,NPgY,Primary,NG FES - Holistic Transition,Total peak demand with ToUT (MW)
WAWNE ROAD,9.804,10.164,10.164,10.435,10.705,11.003,11.580,12.069,12.313,12.728,13.128,13.502,14.093,14.723,15.316,15.895,16.488,16.821,17.148,17.483,17.810,18.087,18.296,18.499,18.698,18.915,19.000,NPgY,Primary,NG FES - Holistic Transition,Total peak demand with ToUT (MW)
WEELAND ROAD,16.967,16.967,16.967,17.014,17.094,17.201,17.363,17.550,17.737,17.932,18.136,18.354,18.612,18.840,19.066,19.281,19.484,19.616,19.742,19.861,19.972,20.078,20.172,20.261,20.347,20.429,20.495,NPgY,Primary,NG FES - Holistic Transition,Total peak demand with ToUT (MW)
WELLINGTON STREET,18.450,20.189,20.189,20.523,20.967,21.500,22.280,23.086,23.782,24.555,25.304,25.976,26.766,27.590,28.406,29.176,29.956,30.496,30.994,31.458,31.888,32.258,32.560,32.831,33.083,33.333,33.431,NPgY,Primary,NG FES - Holistic Transition,Total peak demand with ToUT (MW)
WESLEY CRESCENT,11.607,11.607,11.607,11.724,11.857,12.021,12.282,12.619,12.970,13.298,13.636,14.029,14.620,15.042,15.454,15.847,16.216,16.301,16.372,16.427,16.476,16.509,16.522,16.520,16.518,16.506,16.492,NPgY,Primary,NG FES - Holistic Transition,Total peak demand with ToUT (MW)
WEST DOCKS,11.539,12.739,12.739,12.630,12.541,12.477,12.440,12.416,12.404,12.402,12.405,12.409,12.413,12.416,12.417,12.411,12.402,12.380,12.353,12.320,12.283,12.242,12.201,12.156,12.110,12.062,12.010,NPgY,Primary,NG FES - Holistic Transition,Total peak demand with ToUT (MW)
WEST END LANE,13.923,18.493,18.493,18.875,19.246,19.671,20.336,21.224,22.135,23.085,24.045,25.046,26.349,27.558,28.809,30.024,31.206,31.812,32.399,32.955,33.477,33.930,34.292,34.600,34.869,35.114,35.179,NPgY,Primary,NG FES - Holistic Transition,Total peak demand with ToUT (MW)
WEST MOOR PARK,10.686,10.686,10.686,10.759,10.848,10.941,11.121,11.338,11.511,11.710,11.969,12.328,12.714,13.128,13.558,13.940,14.160,14.260,14.366,14.472,14.578,14.673,14.750,14.822,14.880,14.946,14.977,NPgY,Primary,NG FES - Holistic Transition,Total peak demand with ToUT (MW)
WEST PARK,8.180,8.180,8.180,8.295,8.408,8.549,8.767,9.056,9.373,9.671,9.961,10.274,10.782,11.122,11.451,11.773,12.117,12.203,12.279,12.362,12.441,12.504,12.548,12.578,12.613,12.635,12.640,NPgY,Primary,NG FES - Holistic Transition,Total peak demand with ToUT (MW)
WESTCOTT STREET,12.780,12.780,12.780,12.918,13.048,13.218,13.554,14.180,14.885,15.670,16.416,17.114,18.118,19.121,20.181,21.282,22.527,23.215,23.873,24.497,25.095,25.614,26.030,26.372,26.662,26.908,26.879,NPgY,Primary,NG FES - Holistic Transition,Total peak demand with ToUT (MW)
WETHERBY,0.000,0.000,0.000,0.000,0.000,0.000,0.000,0.000,0.000,0.000,0.000,0.000,0.000,0.000,0.000,0.000,0.000,0.000,0.000,0.000,0.000,0.000,0.000,0.000,0.000,0.000,0.000,NPgY,Primary,NG FES - Holistic Transition,Total peak demand with ToUT (MW)
WHEATACRE ROAD,8.081,8.081,8.081,8.203,8.323,8.463,8.699,9.130,9.640,10.155,10.653,11.141,11.827,12.465,13.141,13.834,14.599,14.996,15.383,15.748,16.093,16.395,16.637,16.836,17.006,17.148,17.135,NPgY,Primary,NG FES - Holistic Transition,Total peak demand with ToUT (MW)
WHEATLEY PARK,7.380,7.989,7.989,8.061,8.164,8.298,8.491,8.747,9.023,9.317,9.609,9.889,10.210,10.527,10.852,11.167,11.492,11.701,11.894,12.069,12.229,12.368,12.483,12.577,12.660,12.731,12.747,NPgY,Primary,NG FES - Holistic Transition,Total peak demand with ToUT (MW)
WHINGATE,6.769,6.769,6.769,6.823,6.918,7.041,7.227,7.480,7.740,8.033,8.301,8.523,8.871,9.202,9.547,9.896,10.285,10.498,10.695,10.890,11.083,11.255,11.403,11.528,11.642,11.744,11.732,NPgY,Primary,NG FES - Holistic Transition,Total peak demand with ToUT (MW)
WHITE LEE,11.216,11.216,11.216,11.499,11.805,12.166,12.703,13.462,14.275,15.150,15.981,16.774,17.999,19.060,20.162,21.285,22.524,23.132,23.701,24.241,24.761,25.218,25.587,25.893,26.164,26.392,26.406,NPgY,Primary,NG FES - Holistic Transition,Total peak demand with ToUT (MW)
WHITEHALL ROAD 2/3,6.339,9.555,9.555,9.482,9.423,9.374,9.335,9.288,9.233,9.183,9.138,9.097,9.065,9.035,9.005,8.978,8.955,8.926,8.897,8.874,8.853,8.834,8.815,8.797,8.778,8.758,8.738,NPgY,Primary,NG FES - Holistic Transition,Total peak demand with ToUT (MW)
WHITEHALL ROAD 4/5,8.297,8.297,8.297,8.213,8.154,8.109,8.080,8.029,7.958,7.894,7.840,7.800,7.773,7.745,7.716,7.689,7.669,7.639,7.604,7.583,7.566,7.548,7.533,7.516,7.498,7.478,7.463,NPgY,Primary,NG FES - Holistic Transition,Total peak demand with ToUT (MW)
WIBSEY,11.414,11.414,11.414,11.581,11.765,11.987,12.350,13.007,13.769,14.552,15.297,16.016,17.082,18.062,19.110,20.191,21.402,22.017,22.606,23.163,23.695,24.159,24.532,24.835,25.091,25.300,25.289,NPgY,Primary,NG FES - Holistic Transition,Total peak demand with ToUT (MW)
WITHERNSEA,4.970,5.378,5.378,5.606,5.815,5.987,6.248,6.653,7.077,7.503,8.065,8.850,9.639,10.403,11.151,11.778,12.074,12.140,12.218,12.273,12.263,12.260,12.263,12.258,12.228,12.215,12.227,NPgY,Primary,NG FES - Holistic Transition,Total peak demand with ToUT (MW)
WOODCOCK STREET,11.790,12.516,12.516,12.600,12.724,12.870,13.098,13.388,13.657,13.972,14.274,14.547,14.944,15.357,15.803,16.251,16.731,17.027,17.305,17.571,17.833,18.073,18.281,18.467,18.634,18.790,18.840,NPgY,Primary,NG FES - Holistic Transition,Total peak demand with ToUT (MW)
WOODSEATS,10.284,11.284,11.284,11.433,11.579,11.765,12.067,12.624,13.290,13.974,14.622,15.242,16.173,16.999,17.881,18.787,19.804,20.315,20.799,21.255,21.694,22.079,22.391,22.646,22.866,23.045,23.021,NPgY,Primary,NG FES - Holistic Transition,Total peak demand with ToUT (MW)
WOOLLEY,10.220,13.220,13.220,13.462,13.693,13.941,14.325,14.874,15.452,16.053,16.656,17.281,18.099,18.861,19.637,20.395,21.133,21.503,21.866,22.211,22.533,22.815,23.044,23.239,23.408,23.561,23.596,NPgY,Primary,NG FES - Holistic Transition,Total peak demand with ToUT (MW)
WORSBROUGH PARK,13.972,14.332,14.332,14.682,15.014,15.408,16.007,16.895,17.877,18.911,19.912,20.895,22.300,23.546,24.828,26.128,27.544,28.267,28.956,29.604,30.221,30.759,31.195,31.557,31.877,32.149,32.185,NPgY,Primary,NG FES - Holistic Transition,Total peak demand with ToUT (MW)
WRAWBY,15.692,16.917,16.917,17.274,17.661,18.043,18.546,19.178,19.815,20.470,21.286,22.350,23.365,24.382,25.378,26.226,26.660,26.900,27.142,27.361,27.539,27.714,27.890,28.050,28.176,28.318,28.476,NPgY,Primary,NG FES - Holistic Transition,Total peak demand with ToUT (MW)
YARBOROUGH ROAD 33/11KV,15.155,15.654,15.654,15.732,15.904,16.134,16.463,16.866,17.263,17.678,18.103,18.553,19.145,19.630,20.110,20.571,21.050,21.263,21.439,21.575,21.691,21.776,21.831,21.854,21.863,21.851,21.817,NPgY,Primary,NG FES - Holistic Transition,Total peak demand with ToUT (MW)
YEW GREEN ROAD,8.548,8.548,8.548,8.558,8.596,8.654,8.758,8.911,9.063,9.232,9.401,9.580,9.870,10.101,10.341,10.586,10.855,10.962,11.055,11.140,11.218,11.282,11.327,11.357,11.379,11.391,11.373,NPgY,Primary,NG FES - Holistic Transition,Total peak demand with ToUT (MW)
YORK ROAD,13.081,13.630,13.630,13.694,13.831,14.034,14.381,14.780,15.112,15.545,15.978,16.404,17.153,17.845,18.571,19.325,20.200,20.632,21.003,21.390,21.770,22.105,22.378,22.603,22.796,22.957,22.966,NPgY,Primary,NG FES - Holistic Transition,Total peak demand with ToUT (MW)
YORK STREET,14.345,15.695,15.695,15.785,15.933,16.123,16.399,16.701,16.972,17.291,17.604,17.894,18.287,18.679,19.092,19.505,19.953,20.244,20.512,20.764,21.009,21.233,21.433,21.610,21.772,21.924,22.002,NPgY,Primary,NG FES - Holistic Transition,Total peak demand with ToUT (MW)
Barnsley Direct to Supply Points,,,,,,,,,,,,,,,,,,,,,,,,,,,,NPgY,Primary,NG FES - Holistic Transition,Total peak demand with ToUT (MW)
Bradford Direct to Supply Points,,,,,,,,,,,,,,,,,,,,,,,,,,,,NPgY,Primary,NG FES - Holistic Transition,Total peak demand with ToUT (MW)
Calderdale Direct to Supply Points,,,,,,,,,,,,,,,,,,,,,,,,,,,,NPgY,Primary,NG FES - Holistic Transition,Total peak demand with ToUT (MW)
County Durham Direct to Supply Points,,,,,,,,,,,,,,,,,,,,,,,,,,,,NPgN,Primary,NG FES - Holistic Transition,Total peak demand with ToUT (MW)
Darlington Direct to Supply Points,,,,,,,,,,,,,,,,,,,,,,,,,,,,NPgN,Primary,NG FES - Holistic Transition,Total peak demand with ToUT (MW)
Doncaster Direct to Supply Points,,,,,,,,,,,,,,,,,,,,,,,,,,,,NPgY,Primary,NG FES - Holistic Transition,Total peak demand with ToUT (MW)
East Riding of Yorkshire Direct to Supply Points,,,,,,,,,,,,,,,,,,,,,,,,,,,,NPgY,Primary,NG FES - Holistic Transition,Total peak demand with ToUT (MW)
Gateshead Direct to Supply Points,,,,,,,,,,,,,,,,,,,,,,,,,,,,NPgN,Primary,NG FES - Holistic Transition,Total peak demand with ToUT (MW)
Hambleton Direct to Supply Points,,,,,,,,,,,,,,,,,,,,,,,,,,,,NPgN,Primary,NG FES - Holistic Transition,Total peak demand with ToUT (MW)
Harrogate Direct to Supply Points,,,,,,,,,,,,,,,,,,,,,,,,,,,,NPgN,Primary,NG FES - Holistic Transition,Total peak demand with ToUT (MW)
Hartlepool Direct to Supply Points,,,,,,,,,,,,,,,,,,,,,,,,,,,,NPgN,Primary,NG FES - Holistic Transition,Total peak demand with ToUT (MW)
"Kingston upon Hull, City of Direct to Supply Points",,,,,,,,,,,,,,,,,,,,,,,,,,,,NPgY,Primary,NG FES - Holistic Transition,Total peak demand with ToUT (MW)
Kirklees Direct to Supply Points,,,,,,,,,,,,,,,,,,,,,,,,,,,,NPgY,Primary,NG FES - Holistic Transition,Total peak demand with ToUT (MW)
Leeds Direct to Supply Points,,,,,,,,,,,,,,,,,,,,,,,,,,,,NPgY,Primary,NG FES - Holistic Transition,Total peak demand with ToUT (MW)
Newcastle upon Tyne Direct to Supply Points,,,,,,,,,,,,,,,,,,,,,,,,,,,,NPgN,Primary,NG FES - Holistic Transition,Total peak demand with ToUT (MW)
North East Lincolnshire Direct to Supply Points,,,,,,,,,,,,,,,,,,,,,,,,,,,,NPgY,Primary,NG FES - Holistic Transition,Total peak demand with ToUT (MW)
North Lincolnshire Direct to Supply Points,,,,,,,,,,,,,,,,,,,,,,,,,,,,NPgY,Primary,NG FES - Holistic Transition,Total peak demand with ToUT (MW)
North Tyneside Direct to Supply Points,,,,,,,,,,,,,,,,,,,,,,,,,,,,NPgN,Primary,NG FES - Holistic Transition,Total peak demand with ToUT (MW)
Northumberland Direct to Supply Points,,,,,,,,,,,,,,,,,,,,,,,,,,,,NPgN,Primary,NG FES - Holistic Transition,Total peak demand with ToUT (MW)
Redcar and Cleveland Direct to Supply Points,,,,,,,,,,,,,,,,,,,,,,,,,,,,NPgN,Primary,NG FES - Holistic Transition,Total peak demand with ToUT (MW)
Rotherham Direct to Supply Points,,,,,,,,,,,,,,,,,,,,,,,,,,,,NPgY,Primary,NG FES - Holistic Transition,Total peak demand with ToUT (MW)
Ryedale Direct to Supply Points,,,,,,,,,,,,,,,,,,,,,,,,,,,,NPgN,Primary,NG FES - Holistic Transition,Total peak demand with ToUT (MW)
Scarborough Direct to Supply Points,,,,,,,,,,,,,,,,,,,,,,,,,,,,NPgN,Primary,NG FES - Holistic Transition,Total peak demand with ToUT (MW)
Selby Direct to Supply Points,,,,,,,,,,,,,,,,,,,,,,,,,,,,NPgY,Primary,NG FES - Holistic Transition,Total peak demand with ToUT (MW)
Sheffield Direct to Supply Points,,,,,,,,,,,,,,,,,,,,,,,,,,,,NPgY,Primary,NG FES - Holistic Transition,Total peak demand with ToUT (MW)
South Tyneside Direct to Supply Points,,,,,,,,,,,,,,,,,,,,,,,,,,,,NPgN,Primary,NG FES - Holistic Transition,Total peak demand with ToUT (MW)
Stockton-on-Tees Direct to Supply Points,,,,,,,,,,,,,,,,,,,,,,,,,,,,NPgN,Primary,NG FES - Holistic Transition,Total peak demand with ToUT (MW)
Sunderland Direct to Supply Points,,,,,,,,,,,,,,,,,,,,,,,,,,,,NPgN,Primary,NG FES - Holistic Transition,Total peak demand with ToUT (MW)
Wakefield Direct to Supply Points,,,,,,,,,,,,,,,,,,,,,,,,,,,,NPgY,Primary,NG FES - Holistic Transition,Total peak demand with ToUT (MW)
West Lindsey Direct to Supply Points,,,,,,,,,,,,,,,,,,,,,,,,,,,,NPgY,Primary,NG FES - Holistic Transition,Total peak demand with ToUT (MW)
York Direct to Supply Points,,,,,,,,,,,,,,,,,,,,,,,,,,,,NPgN,Primary,NG FES - Holistic Transition,Total peak demand with ToUT (MW)
